query_id	gene	variant_class	allele	context
pathogenic_missense|MTOR|3765844|ALT	MTOR	pathogenic_missense	ALT	pathogenic_missense
pathogenic_missense|MTOR|981176|ALT	MTOR	pathogenic_missense	ALT	pathogenic_missense
pathogenic_missense|MTOR|376455|ALT	MTOR	pathogenic_missense	ALT	pathogenic_missense
pathogenic_missense|MTOR|391346|ALT	MTOR	pathogenic_missense	ALT	pathogenic_missense
pathogenic_missense|MTOR|4857587|ALT	MTOR	pathogenic_missense	ALT	pathogenic_missense
pathogenic_missense|MTOR|417723|ALT	MTOR	pathogenic_missense	ALT	pathogenic_missense
pathogenic_missense|MTOR|417724|ALT	MTOR	pathogenic_missense	ALT	pathogenic_missense
pathogenic_missense|MTOR|156709|ALT	MTOR	pathogenic_missense	ALT	pathogenic_missense
pathogenic_missense|MTOR|520633|ALT	MTOR	pathogenic_missense	ALT	pathogenic_missense
pathogenic_missense|MTOR|626213|ALT	MTOR	pathogenic_missense	ALT	pathogenic_missense
pathogenic_missense|MTOR|1315046|ALT	MTOR	pathogenic_missense	ALT	pathogenic_missense
pathogenic_missense|MTOR|242349|ALT	MTOR	pathogenic_missense	ALT	pathogenic_missense
pathogenic_missense|MTOR|4537408|ALT	MTOR	pathogenic_missense	ALT	pathogenic_missense
pathogenic_missense|MTOR|156703|ALT	MTOR	pathogenic_missense	ALT	pathogenic_missense
pathogenic_missense|MTOR|376129|ALT	MTOR	pathogenic_missense	ALT	pathogenic_missense
pathogenic_missense|MTOR|451914|ALT	MTOR	pathogenic_missense	ALT	pathogenic_missense
pathogenic_missense|MTOR|1339560|ALT	MTOR	pathogenic_missense	ALT	pathogenic_missense
pathogenic_missense|MTOR|4279701|ALT	MTOR	pathogenic_missense	ALT	pathogenic_missense
pathogenic_missense|MTOR|1065618|ALT	MTOR	pathogenic_missense	ALT	pathogenic_missense
pathogenic_missense|MTOR|981175|ALT	MTOR	pathogenic_missense	ALT	pathogenic_missense
pathogenic_missense|MTOR|584432|ALT	MTOR	pathogenic_missense	ALT	pathogenic_missense
pathogenic_missense|MTOR|1296989|ALT	MTOR	pathogenic_missense	ALT	pathogenic_missense
pathogenic_missense|MTOR|156702|ALT	MTOR	pathogenic_missense	ALT	pathogenic_missense
pathogenic_missense|MTOR|3764881|ALT	MTOR	pathogenic_missense	ALT	pathogenic_missense
pathogenic_missense|MTOR|1320130|ALT	MTOR	pathogenic_missense	ALT	pathogenic_missense
pathogenic_missense|MTOR|4856201|ALT	MTOR	pathogenic_missense	ALT	pathogenic_missense
pathogenic_missense|MTOR|2129739|ALT	MTOR	pathogenic_missense	ALT	pathogenic_missense
pathogenic_missense|MTOR|224083|ALT	MTOR	pathogenic_missense	ALT	pathogenic_missense
pathogenic_missense|MTOR|2672097|ALT	MTOR	pathogenic_missense	ALT	pathogenic_missense
pathogenic_missense|MTOR|871053|ALT	MTOR	pathogenic_missense	ALT	pathogenic_missense
pathogenic_missense|MTOR|3731617|ALT	MTOR	pathogenic_missense	ALT	pathogenic_missense
pathogenic_missense|MTOR|217823|ALT	MTOR	pathogenic_missense	ALT	pathogenic_missense
pathogenic_missense|MTOR|1310128|ALT	MTOR	pathogenic_missense	ALT	pathogenic_missense
pathogenic_missense|MTOR|1296997|ALT	MTOR	pathogenic_missense	ALT	pathogenic_missense
pathogenic_missense|MTOR|4293751|ALT	MTOR	pathogenic_missense	ALT	pathogenic_missense
pathogenic_missense|MTOR|224088|ALT	MTOR	pathogenic_missense	ALT	pathogenic_missense
pathogenic_missense|MTOR|3775749|ALT	MTOR	pathogenic_missense	ALT	pathogenic_missense
pathogenic_missense|MTOR|981174|ALT	MTOR	pathogenic_missense	ALT	pathogenic_missense
pathogenic_missense|MTOR|3771641|ALT	MTOR	pathogenic_missense	ALT	pathogenic_missense
pathogenic_missense|MTOR|1296993|ALT	MTOR	pathogenic_missense	ALT	pathogenic_missense
pathogenic_missense|MTOR|190121|ALT	MTOR	pathogenic_missense	ALT	pathogenic_missense
pathogenic_missense|MTOR|376453|ALT	MTOR	pathogenic_missense	ALT	pathogenic_missense
pathogenic_missense|MTOR|374796|ALT	MTOR	pathogenic_missense	ALT	pathogenic_missense
pathogenic_missense|MTOR|376130|ALT	MTOR	pathogenic_missense	ALT	pathogenic_missense
pathogenic_missense|MTOR|2672094|ALT	MTOR	pathogenic_missense	ALT	pathogenic_missense
pathogenic_missense|MTOR|4879362|ALT	MTOR	pathogenic_missense	ALT	pathogenic_missense
pathogenic_missense|MTOR|417727|ALT	MTOR	pathogenic_missense	ALT	pathogenic_missense
pathogenic_missense|MTOR|981173|ALT	MTOR	pathogenic_missense	ALT	pathogenic_missense
pathogenic_missense|MTOR|3774491|ALT	MTOR	pathogenic_missense	ALT	pathogenic_missense
pathogenic_missense|MTOR|1685378|ALT	MTOR	pathogenic_missense	ALT	pathogenic_missense
pathogenic_missense|MTOR|3399624|ALT	MTOR	pathogenic_missense	ALT	pathogenic_missense
pathogenic_missense|MTOR|2579952|ALT	MTOR	pathogenic_missense	ALT	pathogenic_missense
pathogenic_missense|NLRP3|2691257|ALT	NLRP3	pathogenic_missense	ALT	pathogenic_missense
pathogenic_missense|NLRP3|495298|ALT	NLRP3	pathogenic_missense	ALT	pathogenic_missense
pathogenic_missense|NLRP3|97964|ALT	NLRP3	pathogenic_missense	ALT	pathogenic_missense
pathogenic_missense|NLRP3|97972|ALT	NLRP3	pathogenic_missense	ALT	pathogenic_missense
pathogenic_missense|NLRP3|97973|ALT	NLRP3	pathogenic_missense	ALT	pathogenic_missense
pathogenic_missense|NLRP3|97978|ALT	NLRP3	pathogenic_missense	ALT	pathogenic_missense
pathogenic_missense|NLRP3|837881|ALT	NLRP3	pathogenic_missense	ALT	pathogenic_missense
pathogenic_missense|NLRP3|4377|ALT	NLRP3	pathogenic_missense	ALT	pathogenic_missense
pathogenic_missense|NLRP3|97979|ALT	NLRP3	pathogenic_missense	ALT	pathogenic_missense
pathogenic_missense|NLRP3|3381130|ALT	NLRP3	pathogenic_missense	ALT	pathogenic_missense
pathogenic_missense|NLRP3|97980|ALT	NLRP3	pathogenic_missense	ALT	pathogenic_missense
pathogenic_missense|NLRP3|97981|ALT	NLRP3	pathogenic_missense	ALT	pathogenic_missense
pathogenic_missense|NLRP3|97982|ALT	NLRP3	pathogenic_missense	ALT	pathogenic_missense
pathogenic_missense|NLRP3|4823495|ALT	NLRP3	pathogenic_missense	ALT	pathogenic_missense
pathogenic_missense|NLRP3|393082|ALT	NLRP3	pathogenic_missense	ALT	pathogenic_missense
pathogenic_missense|NLRP3|97985|ALT	NLRP3	pathogenic_missense	ALT	pathogenic_missense
pathogenic_missense|NLRP3|4378|ALT	NLRP3	pathogenic_missense	ALT	pathogenic_missense
pathogenic_missense|NLRP3|97987|ALT	NLRP3	pathogenic_missense	ALT	pathogenic_missense
pathogenic_missense|NLRP3|97992|ALT	NLRP3	pathogenic_missense	ALT	pathogenic_missense
pathogenic_missense|NLRP3|934291|ALT	NLRP3	pathogenic_missense	ALT	pathogenic_missense
pathogenic_missense|NLRP3|97909|ALT	NLRP3	pathogenic_missense	ALT	pathogenic_missense
pathogenic_missense|NLRP3|97912|ALT	NLRP3	pathogenic_missense	ALT	pathogenic_missense
pathogenic_missense|NLRP3|4373|ALT	NLRP3	pathogenic_missense	ALT	pathogenic_missense
pathogenic_missense|NLRP3|4379|ALT	NLRP3	pathogenic_missense	ALT	pathogenic_missense
pathogenic_missense|NLRP3|429285|ALT	NLRP3	pathogenic_missense	ALT	pathogenic_missense
pathogenic_missense|NLRP3|97915|ALT	NLRP3	pathogenic_missense	ALT	pathogenic_missense
pathogenic_missense|NLRP3|97916|ALT	NLRP3	pathogenic_missense	ALT	pathogenic_missense
pathogenic_missense|NLRP3|849794|ALT	NLRP3	pathogenic_missense	ALT	pathogenic_missense
pathogenic_missense|NLRP3|1066319|ALT	NLRP3	pathogenic_missense	ALT	pathogenic_missense
pathogenic_missense|NLRP3|2109144|ALT	NLRP3	pathogenic_missense	ALT	pathogenic_missense
pathogenic_missense|NLRP3|97924|ALT	NLRP3	pathogenic_missense	ALT	pathogenic_missense
pathogenic_missense|NLRP3|97925|ALT	NLRP3	pathogenic_missense	ALT	pathogenic_missense
pathogenic_missense|NLRP3|4370|ALT	NLRP3	pathogenic_missense	ALT	pathogenic_missense
pathogenic_missense|NLRP3|1809712|ALT	NLRP3	pathogenic_missense	ALT	pathogenic_missense
pathogenic_missense|NLRP3|1694432|ALT	NLRP3	pathogenic_missense	ALT	pathogenic_missense
pathogenic_missense|NLRP3|97936|ALT	NLRP3	pathogenic_missense	ALT	pathogenic_missense
pathogenic_missense|NLRP3|97939|ALT	NLRP3	pathogenic_missense	ALT	pathogenic_missense
pathogenic_missense|NLRP3|1694555|ALT	NLRP3	pathogenic_missense	ALT	pathogenic_missense
pathogenic_missense|NLRP3|4539502|ALT	NLRP3	pathogenic_missense	ALT	pathogenic_missense
pathogenic_missense|NLRP3|4857755|ALT	NLRP3	pathogenic_missense	ALT	pathogenic_missense
pathogenic_missense|NLRP3|3633876|ALT	NLRP3	pathogenic_missense	ALT	pathogenic_missense
pathogenic_missense|NLRP3|97944|ALT	NLRP3	pathogenic_missense	ALT	pathogenic_missense
pathogenic_missense|NLRP3|1487108|ALT	NLRP3	pathogenic_missense	ALT	pathogenic_missense
pathogenic_missense|NLRP3|1700698|ALT	NLRP3	pathogenic_missense	ALT	pathogenic_missense
pathogenic_missense|NLRP3|234301|ALT	NLRP3	pathogenic_missense	ALT	pathogenic_missense
pathogenic_missense|NLRP3|4375|ALT	NLRP3	pathogenic_missense	ALT	pathogenic_missense
pathogenic_missense|NLRP3|2055218|ALT	NLRP3	pathogenic_missense	ALT	pathogenic_missense
pathogenic_missense|NLRP3|97945|ALT	NLRP3	pathogenic_missense	ALT	pathogenic_missense
pathogenic_missense|NLRP3|3406171|ALT	NLRP3	pathogenic_missense	ALT	pathogenic_missense
pathogenic_missense|NLRP3|97946|ALT	NLRP3	pathogenic_missense	ALT	pathogenic_missense
pathogenic_missense|NLRP3|2579697|ALT	NLRP3	pathogenic_missense	ALT	pathogenic_missense
pathogenic_missense|NLRP3|4376|ALT	NLRP3	pathogenic_missense	ALT	pathogenic_missense
pathogenic_missense|NLRP3|449311|ALT	NLRP3	pathogenic_missense	ALT	pathogenic_missense
pathogenic_missense|NLRP3|4527007|ALT	NLRP3	pathogenic_missense	ALT	pathogenic_missense
pathogenic_missense|NLRP3|374002|ALT	NLRP3	pathogenic_missense	ALT	pathogenic_missense
pathogenic_missense|NLRP3|4372|ALT	NLRP3	pathogenic_missense	ALT	pathogenic_missense
pathogenic_missense|NLRP3|643124|ALT	NLRP3	pathogenic_missense	ALT	pathogenic_missense
pathogenic_missense|NLRP3|97953|ALT	NLRP3	pathogenic_missense	ALT	pathogenic_missense
pathogenic_missense|NLRP3|2203018|ALT	NLRP3	pathogenic_missense	ALT	pathogenic_missense
pathogenic_missense|NLRP3|97958|ALT	NLRP3	pathogenic_missense	ALT	pathogenic_missense
pathogenic_missense|NLRP3|97959|ALT	NLRP3	pathogenic_missense	ALT	pathogenic_missense
pathogenic_missense|NLRP3|1188124|ALT	NLRP3	pathogenic_missense	ALT	pathogenic_missense
pathogenic_missense|NLRP3|97960|ALT	NLRP3	pathogenic_missense	ALT	pathogenic_missense
pathogenic_missense|KIF5B|242891|ALT	KIF5B	pathogenic_missense	ALT	pathogenic_missense
pathogenic_missense|KIF5B|1691098|ALT	KIF5B	pathogenic_missense	ALT	pathogenic_missense
pathogenic_missense|KIF5B|3370124|ALT	KIF5B	pathogenic_missense	ALT	pathogenic_missense
pathogenic_missense|KIF5B|4875529|ALT	KIF5B	pathogenic_missense	ALT	pathogenic_missense
pathogenic_missense|KIF5B|4820584|ALT	KIF5B	pathogenic_missense	ALT	pathogenic_missense
pathogenic_missense|KIF5B|4875527|ALT	KIF5B	pathogenic_missense	ALT	pathogenic_missense
pathogenic_missense|KCNJ11|1526000|ALT	KCNJ11	pathogenic_missense	ALT	pathogenic_missense
pathogenic_missense|KCNJ11|4812811|ALT	KCNJ11	pathogenic_missense	ALT	pathogenic_missense
pathogenic_missense|KCNJ11|4682447|ALT	KCNJ11	pathogenic_missense	ALT	pathogenic_missense
pathogenic_missense|KCNJ11|4709807|ALT	KCNJ11	pathogenic_missense	ALT	pathogenic_missense
pathogenic_missense|KCNJ11|21204|ALT	KCNJ11	pathogenic_missense	ALT	pathogenic_missense
pathogenic_missense|KCNJ11|21203|ALT	KCNJ11	pathogenic_missense	ALT	pathogenic_missense
pathogenic_missense|KCNJ11|1338354|ALT	KCNJ11	pathogenic_missense	ALT	pathogenic_missense
pathogenic_missense|KCNJ11|8683|ALT	KCNJ11	pathogenic_missense	ALT	pathogenic_missense
pathogenic_missense|KCNJ11|1501753|ALT	KCNJ11	pathogenic_missense	ALT	pathogenic_missense
pathogenic_missense|KCNJ11|211229|ALT	KCNJ11	pathogenic_missense	ALT	pathogenic_missense
pathogenic_missense|KCNJ11|2725519|ALT	KCNJ11	pathogenic_missense	ALT	pathogenic_missense
pathogenic_missense|KCNJ11|8686|ALT	KCNJ11	pathogenic_missense	ALT	pathogenic_missense
pathogenic_missense|KCNJ11|8675|ALT	KCNJ11	pathogenic_missense	ALT	pathogenic_missense
pathogenic_missense|KCNJ11|1525999|ALT	KCNJ11	pathogenic_missense	ALT	pathogenic_missense
pathogenic_missense|KCNJ11|617651|ALT	KCNJ11	pathogenic_missense	ALT	pathogenic_missense
pathogenic_missense|KCNJ11|158682|ALT	KCNJ11	pathogenic_missense	ALT	pathogenic_missense
pathogenic_missense|KCNJ11|1162197|ALT	KCNJ11	pathogenic_missense	ALT	pathogenic_missense
pathogenic_missense|KCNJ11|1338615|ALT	KCNJ11	pathogenic_missense	ALT	pathogenic_missense
pathogenic_missense|KCNJ11|2735540|ALT	KCNJ11	pathogenic_missense	ALT	pathogenic_missense
pathogenic_missense|KCNJ11|21199|ALT	KCNJ11	pathogenic_missense	ALT	pathogenic_missense
pathogenic_missense|KCNJ11|8666|ALT	KCNJ11	pathogenic_missense	ALT	pathogenic_missense
pathogenic_missense|KCNJ11|8668|ALT	KCNJ11	pathogenic_missense	ALT	pathogenic_missense
pathogenic_missense|KCNJ11|4849535|ALT	KCNJ11	pathogenic_missense	ALT	pathogenic_missense
pathogenic_missense|KCNJ11|551187|ALT	KCNJ11	pathogenic_missense	ALT	pathogenic_missense
pathogenic_missense|KCNJ11|1338466|ALT	KCNJ11	pathogenic_missense	ALT	pathogenic_missense
pathogenic_missense|KCNJ11|158677|ALT	KCNJ11	pathogenic_missense	ALT	pathogenic_missense
pathogenic_missense|KCNJ11|158676|ALT	KCNJ11	pathogenic_missense	ALT	pathogenic_missense
pathogenic_missense|KCNJ11|2735541|ALT	KCNJ11	pathogenic_missense	ALT	pathogenic_missense
pathogenic_missense|KCNJ11|1484521|ALT	KCNJ11	pathogenic_missense	ALT	pathogenic_missense
pathogenic_missense|KCNJ11|435558|ALT	KCNJ11	pathogenic_missense	ALT	pathogenic_missense
pathogenic_missense|KCNJ11|2137001|ALT	KCNJ11	pathogenic_missense	ALT	pathogenic_missense
pathogenic_missense|KCNJ11|1525998|ALT	KCNJ11	pathogenic_missense	ALT	pathogenic_missense
pathogenic_missense|KCNJ11|373928|ALT	KCNJ11	pathogenic_missense	ALT	pathogenic_missense
pathogenic_missense|KCNJ11|4293637|ALT	KCNJ11	pathogenic_missense	ALT	pathogenic_missense
pathogenic_missense|KCNJ11|8667|ALT	KCNJ11	pathogenic_missense	ALT	pathogenic_missense
pathogenic_missense|KCNJ11|8682|ALT	KCNJ11	pathogenic_missense	ALT	pathogenic_missense
pathogenic_missense|KCNJ11|8670|ALT	KCNJ11	pathogenic_missense	ALT	pathogenic_missense
pathogenic_missense|KCNJ11|36431|ALT	KCNJ11	pathogenic_missense	ALT	pathogenic_missense
pathogenic_missense|KCNJ11|2137003|ALT	KCNJ11	pathogenic_missense	ALT	pathogenic_missense
pathogenic_missense|KCNJ11|3721001|ALT	KCNJ11	pathogenic_missense	ALT	pathogenic_missense
pathogenic_missense|KCNJ11|2767975|ALT	KCNJ11	pathogenic_missense	ALT	pathogenic_missense
pathogenic_missense|KCNJ11|1219242|ALT	KCNJ11	pathogenic_missense	ALT	pathogenic_missense
pathogenic_missense|KCNJ11|557416|ALT	KCNJ11	pathogenic_missense	ALT	pathogenic_missense
pathogenic_missense|KCNJ11|3907675|ALT	KCNJ11	pathogenic_missense	ALT	pathogenic_missense
pathogenic_missense|KCNJ11|158687|ALT	KCNJ11	pathogenic_missense	ALT	pathogenic_missense
pathogenic_missense|ABCC8|2848441|ALT	ABCC8	pathogenic_missense	ALT	pathogenic_missense
pathogenic_missense|ABCC8|2735544|ALT	ABCC8	pathogenic_missense	ALT	pathogenic_missense
pathogenic_missense|ABCC8|188836|ALT	ABCC8	pathogenic_missense	ALT	pathogenic_missense
pathogenic_missense|ABCC8|585348|ALT	ABCC8	pathogenic_missense	ALT	pathogenic_missense
pathogenic_missense|ABCC8|1526007|ALT	ABCC8	pathogenic_missense	ALT	pathogenic_missense
pathogenic_missense|ABCC8|35622|ALT	ABCC8	pathogenic_missense	ALT	pathogenic_missense
pathogenic_missense|ABCC8|1338496|ALT	ABCC8	pathogenic_missense	ALT	pathogenic_missense
pathogenic_missense|ABCC8|1506182|ALT	ABCC8	pathogenic_missense	ALT	pathogenic_missense
pathogenic_missense|ABCC8|3371435|ALT	ABCC8	pathogenic_missense	ALT	pathogenic_missense
pathogenic_missense|ABCC8|2635444|ALT	ABCC8	pathogenic_missense	ALT	pathogenic_missense
pathogenic_missense|ABCC8|2137006|ALT	ABCC8	pathogenic_missense	ALT	pathogenic_missense
pathogenic_missense|ABCC8|1346183|ALT	ABCC8	pathogenic_missense	ALT	pathogenic_missense
pathogenic_missense|ABCC8|4537897|ALT	ABCC8	pathogenic_missense	ALT	pathogenic_missense
pathogenic_missense|ABCC8|9097|ALT	ABCC8	pathogenic_missense	ALT	pathogenic_missense
pathogenic_missense|ABCC8|1338474|ALT	ABCC8	pathogenic_missense	ALT	pathogenic_missense
pathogenic_missense|ABCC8|4709808|ALT	ABCC8	pathogenic_missense	ALT	pathogenic_missense
pathogenic_missense|ABCC8|1338556|ALT	ABCC8	pathogenic_missense	ALT	pathogenic_missense
pathogenic_missense|ABCC8|1475961|ALT	ABCC8	pathogenic_missense	ALT	pathogenic_missense
pathogenic_missense|ABCC8|1487680|ALT	ABCC8	pathogenic_missense	ALT	pathogenic_missense
pathogenic_missense|ABCC8|370910|ALT	ABCC8	pathogenic_missense	ALT	pathogenic_missense
pathogenic_missense|ABCC8|9096|ALT	ABCC8	pathogenic_missense	ALT	pathogenic_missense
pathogenic_missense|ABCC8|3721002|ALT	ABCC8	pathogenic_missense	ALT	pathogenic_missense
pathogenic_missense|ABCC8|434052|ALT	ABCC8	pathogenic_missense	ALT	pathogenic_missense
pathogenic_missense|ABCC8|4818255|ALT	ABCC8	pathogenic_missense	ALT	pathogenic_missense
pathogenic_missense|ABCC8|3233553|ALT	ABCC8	pathogenic_missense	ALT	pathogenic_missense
pathogenic_missense|ABCC8|434045|ALT	ABCC8	pathogenic_missense	ALT	pathogenic_missense
pathogenic_missense|ABCC8|2855856|ALT	ABCC8	pathogenic_missense	ALT	pathogenic_missense
pathogenic_missense|ABCC8|1452717|ALT	ABCC8	pathogenic_missense	ALT	pathogenic_missense
pathogenic_missense|ABCC8|188931|ALT	ABCC8	pathogenic_missense	ALT	pathogenic_missense
pathogenic_missense|ABCC8|434058|ALT	ABCC8	pathogenic_missense	ALT	pathogenic_missense
pathogenic_missense|ABCC8|2779676|ALT	ABCC8	pathogenic_missense	ALT	pathogenic_missense
pathogenic_missense|ABCC8|1506203|ALT	ABCC8	pathogenic_missense	ALT	pathogenic_missense
pathogenic_missense|ABCC8|1216356|ALT	ABCC8	pathogenic_missense	ALT	pathogenic_missense
pathogenic_missense|ABCC8|1065615|ALT	ABCC8	pathogenic_missense	ALT	pathogenic_missense
pathogenic_missense|ABCC8|9086|ALT	ABCC8	pathogenic_missense	ALT	pathogenic_missense
pathogenic_missense|ABCC8|2023332|ALT	ABCC8	pathogenic_missense	ALT	pathogenic_missense
pathogenic_missense|ABCC8|1065990|ALT	ABCC8	pathogenic_missense	ALT	pathogenic_missense
pathogenic_missense|ABCC8|9104|ALT	ABCC8	pathogenic_missense	ALT	pathogenic_missense
pathogenic_missense|ABCC8|1526006|ALT	ABCC8	pathogenic_missense	ALT	pathogenic_missense
pathogenic_missense|ABCC8|9095|ALT	ABCC8	pathogenic_missense	ALT	pathogenic_missense
pathogenic_missense|ABCC8|1464709|ALT	ABCC8	pathogenic_missense	ALT	pathogenic_missense
pathogenic_missense|ABCC8|552540|ALT	ABCC8	pathogenic_missense	ALT	pathogenic_missense
pathogenic_missense|ABCC8|1338454|ALT	ABCC8	pathogenic_missense	ALT	pathogenic_missense
pathogenic_missense|ABCC8|2677316|ALT	ABCC8	pathogenic_missense	ALT	pathogenic_missense
pathogenic_missense|ABCC8|35616|ALT	ABCC8	pathogenic_missense	ALT	pathogenic_missense
pathogenic_missense|ABCC8|2678780|ALT	ABCC8	pathogenic_missense	ALT	pathogenic_missense
pathogenic_missense|ABCC8|2137009|ALT	ABCC8	pathogenic_missense	ALT	pathogenic_missense
pathogenic_missense|ABCC8|2418967|ALT	ABCC8	pathogenic_missense	ALT	pathogenic_missense
pathogenic_missense|ABCC8|2752629|ALT	ABCC8	pathogenic_missense	ALT	pathogenic_missense
pathogenic_missense|ABCC8|157701|ALT	ABCC8	pathogenic_missense	ALT	pathogenic_missense
pathogenic_missense|ABCC8|3897812|ALT	ABCC8	pathogenic_missense	ALT	pathogenic_missense
pathogenic_missense|ABCC8|1723123|ALT	ABCC8	pathogenic_missense	ALT	pathogenic_missense
pathogenic_missense|ABCC8|446775|ALT	ABCC8	pathogenic_missense	ALT	pathogenic_missense
pathogenic_missense|ABCC8|1338614|ALT	ABCC8	pathogenic_missense	ALT	pathogenic_missense
pathogenic_missense|ABCC8|4277880|ALT	ABCC8	pathogenic_missense	ALT	pathogenic_missense
pathogenic_missense|ABCC8|2137010|ALT	ABCC8	pathogenic_missense	ALT	pathogenic_missense
pathogenic_missense|ABCC8|2829734|ALT	ABCC8	pathogenic_missense	ALT	pathogenic_missense
pathogenic_missense|ABCC8|1338249|ALT	ABCC8	pathogenic_missense	ALT	pathogenic_missense
pathogenic_missense|ABCC8|265990|ALT	ABCC8	pathogenic_missense	ALT	pathogenic_missense
pathogenic_missense|ABCC8|35615|ALT	ABCC8	pathogenic_missense	ALT	pathogenic_missense
pathogenic_missense|ABCC8|585346|ALT	ABCC8	pathogenic_missense	ALT	pathogenic_missense
pathogenic_missense|ABCC8|9105|ALT	ABCC8	pathogenic_missense	ALT	pathogenic_missense
pathogenic_missense|ABCC8|554195|ALT	ABCC8	pathogenic_missense	ALT	pathogenic_missense
pathogenic_missense|ABCC8|1338261|ALT	ABCC8	pathogenic_missense	ALT	pathogenic_missense
pathogenic_missense|ABCC8|9094|ALT	ABCC8	pathogenic_missense	ALT	pathogenic_missense
pathogenic_missense|ABCC8|2137011|ALT	ABCC8	pathogenic_missense	ALT	pathogenic_missense
pathogenic_missense|ABCC8|2767569|ALT	ABCC8	pathogenic_missense	ALT	pathogenic_missense
pathogenic_missense|ABCC8|552431|ALT	ABCC8	pathogenic_missense	ALT	pathogenic_missense
pathogenic_missense|ABCC8|1469991|ALT	ABCC8	pathogenic_missense	ALT	pathogenic_missense
pathogenic_missense|ABCC8|632619|ALT	ABCC8	pathogenic_missense	ALT	pathogenic_missense
pathogenic_missense|ABCC8|235633|ALT	ABCC8	pathogenic_missense	ALT	pathogenic_missense
pathogenic_missense|ABCC8|434047|ALT	ABCC8	pathogenic_missense	ALT	pathogenic_missense
pathogenic_missense|ABCC8|2576194|ALT	ABCC8	pathogenic_missense	ALT	pathogenic_missense
pathogenic_missense|ABCC8|2028930|ALT	ABCC8	pathogenic_missense	ALT	pathogenic_missense
pathogenic_missense|ABCC8|35611|ALT	ABCC8	pathogenic_missense	ALT	pathogenic_missense
pathogenic_missense|ABCC8|210076|ALT	ABCC8	pathogenic_missense	ALT	pathogenic_missense
pathogenic_missense|ABCC8|3599332|ALT	ABCC8	pathogenic_missense	ALT	pathogenic_missense
pathogenic_missense|ABCC8|4526265|ALT	ABCC8	pathogenic_missense	ALT	pathogenic_missense
pathogenic_missense|ABCC8|3629883|ALT	ABCC8	pathogenic_missense	ALT	pathogenic_missense
pathogenic_missense|ABCC8|3716938|ALT	ABCC8	pathogenic_missense	ALT	pathogenic_missense
pathogenic_missense|ABCC8|3341095|ALT	ABCC8	pathogenic_missense	ALT	pathogenic_missense
pathogenic_missense|ABCC8|1489024|ALT	ABCC8	pathogenic_missense	ALT	pathogenic_missense
pathogenic_missense|ABCC8|3370289|ALT	ABCC8	pathogenic_missense	ALT	pathogenic_missense
pathogenic_missense|ABCC8|4796765|ALT	ABCC8	pathogenic_missense	ALT	pathogenic_missense
pathogenic_missense|ABCC8|1338472|ALT	ABCC8	pathogenic_missense	ALT	pathogenic_missense
pathogenic_missense|ABCC8|2137017|ALT	ABCC8	pathogenic_missense	ALT	pathogenic_missense
pathogenic_missense|ABCC8|18449|ALT	ABCC8	pathogenic_missense	ALT	pathogenic_missense
pathogenic_missense|ABCC8|1702802|ALT	ABCC8	pathogenic_missense	ALT	pathogenic_missense
pathogenic_missense|ABCC8|804490|ALT	ABCC8	pathogenic_missense	ALT	pathogenic_missense
pathogenic_missense|ABCC8|968535|ALT	ABCC8	pathogenic_missense	ALT	pathogenic_missense
pathogenic_missense|ABCC8|2735551|ALT	ABCC8	pathogenic_missense	ALT	pathogenic_missense
pathogenic_missense|ABCC8|4818990|ALT	ABCC8	pathogenic_missense	ALT	pathogenic_missense
pathogenic_missense|ABCC8|1909216|ALT	ABCC8	pathogenic_missense	ALT	pathogenic_missense
pathogenic_missense|ABCC8|2131508|ALT	ABCC8	pathogenic_missense	ALT	pathogenic_missense
pathogenic_missense|ABCC8|2443080|ALT	ABCC8	pathogenic_missense	ALT	pathogenic_missense
pathogenic_missense|ABCC8|523361|ALT	ABCC8	pathogenic_missense	ALT	pathogenic_missense
pathogenic_missense|ABCC8|9106|ALT	ABCC8	pathogenic_missense	ALT	pathogenic_missense
pathogenic_missense|ABCC8|1526003|ALT	ABCC8	pathogenic_missense	ALT	pathogenic_missense
pathogenic_missense|ABCC8|35605|ALT	ABCC8	pathogenic_missense	ALT	pathogenic_missense
pathogenic_missense|ABCC8|1502031|ALT	ABCC8	pathogenic_missense	ALT	pathogenic_missense
pathogenic_missense|ABCC8|553752|ALT	ABCC8	pathogenic_missense	ALT	pathogenic_missense
pathogenic_missense|ABCC8|2997719|ALT	ABCC8	pathogenic_missense	ALT	pathogenic_missense
pathogenic_missense|ABCC8|558304|ALT	ABCC8	pathogenic_missense	ALT	pathogenic_missense
pathogenic_missense|ABCC8|4800395|ALT	ABCC8	pathogenic_missense	ALT	pathogenic_missense
pathogenic_missense|ABCC8|4277582|ALT	ABCC8	pathogenic_missense	ALT	pathogenic_missense
pathogenic_missense|ABCC8|1071311|ALT	ABCC8	pathogenic_missense	ALT	pathogenic_missense
pathogenic_missense|ABCC8|4277907|ALT	ABCC8	pathogenic_missense	ALT	pathogenic_missense
pathogenic_missense|ABCC8|4818231|ALT	ABCC8	pathogenic_missense	ALT	pathogenic_missense
pathogenic_missense|ABCC8|9108|ALT	ABCC8	pathogenic_missense	ALT	pathogenic_missense
pathogenic_missense|ABCC8|585352|ALT	ABCC8	pathogenic_missense	ALT	pathogenic_missense
pathogenic_missense|ABCC8|553663|ALT	ABCC8	pathogenic_missense	ALT	pathogenic_missense
pathogenic_missense|ABCC8|2851607|ALT	ABCC8	pathogenic_missense	ALT	pathogenic_missense
pathogenic_missense|ABCC8|217846|ALT	ABCC8	pathogenic_missense	ALT	pathogenic_missense
pathogenic_missense|ABCC8|21170|ALT	ABCC8	pathogenic_missense	ALT	pathogenic_missense
pathogenic_missense|ABCC8|1526002|ALT	ABCC8	pathogenic_missense	ALT	pathogenic_missense
pathogenic_missense|ABCC8|9103|ALT	ABCC8	pathogenic_missense	ALT	pathogenic_missense
pathogenic_missense|ABCC8|1526001|ALT	ABCC8	pathogenic_missense	ALT	pathogenic_missense
pathogenic_missense|ABCC8|21169|ALT	ABCC8	pathogenic_missense	ALT	pathogenic_missense
pathogenic_missense|ABCC8|1338515|ALT	ABCC8	pathogenic_missense	ALT	pathogenic_missense
pathogenic_missense|ABCC8|1338546|ALT	ABCC8	pathogenic_missense	ALT	pathogenic_missense
pathogenic_missense|ABCC8|210082|ALT	ABCC8	pathogenic_missense	ALT	pathogenic_missense
pathogenic_missense|ABCC8|9099|ALT	ABCC8	pathogenic_missense	ALT	pathogenic_missense
pathogenic_missense|ABCC8|552617|ALT	ABCC8	pathogenic_missense	ALT	pathogenic_missense
pathogenic_missense|ABCC8|1479920|ALT	ABCC8	pathogenic_missense	ALT	pathogenic_missense
pathogenic_missense|ABCC8|1459964|ALT	ABCC8	pathogenic_missense	ALT	pathogenic_missense
pathogenic_missense|ABCC8|2969761|ALT	ABCC8	pathogenic_missense	ALT	pathogenic_missense
pathogenic_missense|ABCC8|9102|ALT	ABCC8	pathogenic_missense	ALT	pathogenic_missense
pathogenic_missense|ABCC8|853822|ALT	ABCC8	pathogenic_missense	ALT	pathogenic_missense
pathogenic_missense|ABCC8|1500046|ALT	ABCC8	pathogenic_missense	ALT	pathogenic_missense
pathogenic_missense|ABCC8|210074|ALT	ABCC8	pathogenic_missense	ALT	pathogenic_missense
pathogenic_missense|ABCC8|3721005|ALT	ABCC8	pathogenic_missense	ALT	pathogenic_missense
pathogenic_missense|ABCC8|9111|ALT	ABCC8	pathogenic_missense	ALT	pathogenic_missense
pathogenic_missense|ABCC8|495834|ALT	ABCC8	pathogenic_missense	ALT	pathogenic_missense
pathogenic_missense|ABCC8|371380|ALT	ABCC8	pathogenic_missense	ALT	pathogenic_missense
pathogenic_missense|ABCC8|4818241|ALT	ABCC8	pathogenic_missense	ALT	pathogenic_missense
pathogenic_missense|ABCC8|555848|ALT	ABCC8	pathogenic_missense	ALT	pathogenic_missense
pathogenic_missense|ABCC8|2443139|ALT	ABCC8	pathogenic_missense	ALT	pathogenic_missense
pathogenic_missense|ABCC8|2678076|ALT	ABCC8	pathogenic_missense	ALT	pathogenic_missense
pathogenic_missense|ABCC8|2912302|ALT	ABCC8	pathogenic_missense	ALT	pathogenic_missense
pathogenic_missense|ABCC8|2735556|ALT	ABCC8	pathogenic_missense	ALT	pathogenic_missense
pathogenic_missense|ABCC8|2780206|ALT	ABCC8	pathogenic_missense	ALT	pathogenic_missense
pathogenic_missense|ABCC8|495835|ALT	ABCC8	pathogenic_missense	ALT	pathogenic_missense
pathogenic_missense|ABCC8|3014266|ALT	ABCC8	pathogenic_missense	ALT	pathogenic_missense
pathogenic_missense|ABCC8|2780207|ALT	ABCC8	pathogenic_missense	ALT	pathogenic_missense
pathogenic_missense|ABCC8|2137020|ALT	ABCC8	pathogenic_missense	ALT	pathogenic_missense
pathogenic_missense|ABCC8|2826235|ALT	ABCC8	pathogenic_missense	ALT	pathogenic_missense
pathogenic_missense|ABCC8|2137021|ALT	ABCC8	pathogenic_missense	ALT	pathogenic_missense
pathogenic_missense|RELA|208401|ALT	RELA	pathogenic_missense	ALT	pathogenic_missense
pathogenic_missense|COL2A1|1076164|ALT	COL2A1	pathogenic_missense	ALT	pathogenic_missense
pathogenic_missense|COL2A1|1224332|ALT	COL2A1	pathogenic_missense	ALT	pathogenic_missense
pathogenic_missense|COL2A1|17389|ALT	COL2A1	pathogenic_missense	ALT	pathogenic_missense
pathogenic_missense|COL2A1|1685650|ALT	COL2A1	pathogenic_missense	ALT	pathogenic_missense
pathogenic_missense|COL2A1|4056809|ALT	COL2A1	pathogenic_missense	ALT	pathogenic_missense
pathogenic_missense|COL2A1|1326886|ALT	COL2A1	pathogenic_missense	ALT	pathogenic_missense
pathogenic_missense|COL2A1|1997480|ALT	COL2A1	pathogenic_missense	ALT	pathogenic_missense
pathogenic_missense|COL2A1|918050|ALT	COL2A1	pathogenic_missense	ALT	pathogenic_missense
pathogenic_missense|COL2A1|2137323|ALT	COL2A1	pathogenic_missense	ALT	pathogenic_missense
pathogenic_missense|COL2A1|1076958|ALT	COL2A1	pathogenic_missense	ALT	pathogenic_missense
pathogenic_missense|COL2A1|1064731|ALT	COL2A1	pathogenic_missense	ALT	pathogenic_missense
pathogenic_missense|COL2A1|2836660|ALT	COL2A1	pathogenic_missense	ALT	pathogenic_missense
pathogenic_missense|COL2A1|17387|ALT	COL2A1	pathogenic_missense	ALT	pathogenic_missense
pathogenic_missense|COL2A1|2753294|ALT	COL2A1	pathogenic_missense	ALT	pathogenic_missense
pathogenic_missense|COL2A1|1326884|ALT	COL2A1	pathogenic_missense	ALT	pathogenic_missense
pathogenic_missense|COL2A1|2844835|ALT	COL2A1	pathogenic_missense	ALT	pathogenic_missense
pathogenic_missense|COL2A1|4747044|ALT	COL2A1	pathogenic_missense	ALT	pathogenic_missense
pathogenic_missense|COL2A1|446168|ALT	COL2A1	pathogenic_missense	ALT	pathogenic_missense
pathogenic_missense|COL2A1|4795258|ALT	COL2A1	pathogenic_missense	ALT	pathogenic_missense
pathogenic_missense|COL2A1|430556|ALT	COL2A1	pathogenic_missense	ALT	pathogenic_missense
pathogenic_missense|COL2A1|4747048|ALT	COL2A1	pathogenic_missense	ALT	pathogenic_missense
pathogenic_missense|COL2A1|1805392|ALT	COL2A1	pathogenic_missense	ALT	pathogenic_missense
pathogenic_missense|COL2A1|872633|ALT	COL2A1	pathogenic_missense	ALT	pathogenic_missense
pathogenic_missense|COL2A1|988359|ALT	COL2A1	pathogenic_missense	ALT	pathogenic_missense
pathogenic_missense|COL2A1|3776353|ALT	COL2A1	pathogenic_missense	ALT	pathogenic_missense
pathogenic_missense|COL2A1|1326882|ALT	COL2A1	pathogenic_missense	ALT	pathogenic_missense
pathogenic_missense|COL2A1|17361|ALT	COL2A1	pathogenic_missense	ALT	pathogenic_missense
pathogenic_missense|COL2A1|3360552|ALT	COL2A1	pathogenic_missense	ALT	pathogenic_missense
pathogenic_missense|COL2A1|829805|ALT	COL2A1	pathogenic_missense	ALT	pathogenic_missense
pathogenic_missense|COL2A1|1326881|ALT	COL2A1	pathogenic_missense	ALT	pathogenic_missense
pathogenic_missense|COL2A1|978480|ALT	COL2A1	pathogenic_missense	ALT	pathogenic_missense
pathogenic_missense|COL2A1|4709937|ALT	COL2A1	pathogenic_missense	ALT	pathogenic_missense
pathogenic_missense|COL2A1|2633691|ALT	COL2A1	pathogenic_missense	ALT	pathogenic_missense
pathogenic_missense|COL2A1|4850916|ALT	COL2A1	pathogenic_missense	ALT	pathogenic_missense
pathogenic_missense|COL2A1|806872|ALT	COL2A1	pathogenic_missense	ALT	pathogenic_missense
pathogenic_missense|COL2A1|1392328|ALT	COL2A1	pathogenic_missense	ALT	pathogenic_missense
pathogenic_missense|COL2A1|17381|ALT	COL2A1	pathogenic_missense	ALT	pathogenic_missense
pathogenic_missense|COL2A1|2809796|ALT	COL2A1	pathogenic_missense	ALT	pathogenic_missense
pathogenic_missense|COL2A1|1224311|ALT	COL2A1	pathogenic_missense	ALT	pathogenic_missense
pathogenic_missense|COL2A1|17393|ALT	COL2A1	pathogenic_missense	ALT	pathogenic_missense
pathogenic_missense|COL2A1|1333360|ALT	COL2A1	pathogenic_missense	ALT	pathogenic_missense
pathogenic_missense|COL2A1|1070315|ALT	COL2A1	pathogenic_missense	ALT	pathogenic_missense
pathogenic_missense|COL2A1|374117|ALT	COL2A1	pathogenic_missense	ALT	pathogenic_missense
pathogenic_missense|COL2A1|2735839|ALT	COL2A1	pathogenic_missense	ALT	pathogenic_missense
pathogenic_missense|COL2A1|993681|ALT	COL2A1	pathogenic_missense	ALT	pathogenic_missense
pathogenic_missense|COL2A1|1326880|ALT	COL2A1	pathogenic_missense	ALT	pathogenic_missense
pathogenic_missense|COL2A1|1708151|ALT	COL2A1	pathogenic_missense	ALT	pathogenic_missense
pathogenic_missense|COL2A1|3720370|ALT	COL2A1	pathogenic_missense	ALT	pathogenic_missense
pathogenic_missense|COL2A1|666308|ALT	COL2A1	pathogenic_missense	ALT	pathogenic_missense
pathogenic_missense|COL2A1|2690572|ALT	COL2A1	pathogenic_missense	ALT	pathogenic_missense
pathogenic_missense|COL2A1|994199|ALT	COL2A1	pathogenic_missense	ALT	pathogenic_missense
pathogenic_missense|COL2A1|2637905|ALT	COL2A1	pathogenic_missense	ALT	pathogenic_missense
pathogenic_missense|COL2A1|988366|ALT	COL2A1	pathogenic_missense	ALT	pathogenic_missense
pathogenic_missense|COL2A1|1224322|ALT	COL2A1	pathogenic_missense	ALT	pathogenic_missense
pathogenic_missense|COL2A1|1067522|ALT	COL2A1	pathogenic_missense	ALT	pathogenic_missense
pathogenic_missense|COL2A1|1338881|ALT	COL2A1	pathogenic_missense	ALT	pathogenic_missense
pathogenic_missense|COL2A1|2662821|ALT	COL2A1	pathogenic_missense	ALT	pathogenic_missense
pathogenic_missense|COL2A1|1465997|ALT	COL2A1	pathogenic_missense	ALT	pathogenic_missense
pathogenic_missense|COL2A1|283376|ALT	COL2A1	pathogenic_missense	ALT	pathogenic_missense
pathogenic_missense|COL2A1|2134670|ALT	COL2A1	pathogenic_missense	ALT	pathogenic_missense
pathogenic_missense|COL2A1|1347185|ALT	COL2A1	pathogenic_missense	ALT	pathogenic_missense
pathogenic_missense|COL2A1|2137326|ALT	COL2A1	pathogenic_missense	ALT	pathogenic_missense
pathogenic_missense|COL2A1|2008843|ALT	COL2A1	pathogenic_missense	ALT	pathogenic_missense
pathogenic_missense|COL2A1|1326879|ALT	COL2A1	pathogenic_missense	ALT	pathogenic_missense
pathogenic_missense|COL2A1|1484270|ALT	COL2A1	pathogenic_missense	ALT	pathogenic_missense
pathogenic_missense|COL2A1|995617|ALT	COL2A1	pathogenic_missense	ALT	pathogenic_missense
pathogenic_missense|COL2A1|1482171|ALT	COL2A1	pathogenic_missense	ALT	pathogenic_missense
pathogenic_missense|COL2A1|3721123|ALT	COL2A1	pathogenic_missense	ALT	pathogenic_missense
pathogenic_missense|COL2A1|3235136|ALT	COL2A1	pathogenic_missense	ALT	pathogenic_missense
pathogenic_missense|COL2A1|1067590|ALT	COL2A1	pathogenic_missense	ALT	pathogenic_missense
pathogenic_missense|COL2A1|286275|ALT	COL2A1	pathogenic_missense	ALT	pathogenic_missense
pathogenic_missense|COL2A1|208169|ALT	COL2A1	pathogenic_missense	ALT	pathogenic_missense
pathogenic_missense|COL2A1|3382294|ALT	COL2A1	pathogenic_missense	ALT	pathogenic_missense
pathogenic_missense|COL2A1|1388501|ALT	COL2A1	pathogenic_missense	ALT	pathogenic_missense
pathogenic_missense|COL2A1|4709939|ALT	COL2A1	pathogenic_missense	ALT	pathogenic_missense
pathogenic_missense|COL2A1|197564|ALT	COL2A1	pathogenic_missense	ALT	pathogenic_missense
pathogenic_missense|COL2A1|1066078|ALT	COL2A1	pathogenic_missense	ALT	pathogenic_missense
pathogenic_missense|COL2A1|520992|ALT	COL2A1	pathogenic_missense	ALT	pathogenic_missense
pathogenic_missense|COL2A1|1524421|ALT	COL2A1	pathogenic_missense	ALT	pathogenic_missense
pathogenic_missense|COL2A1|2585179|ALT	COL2A1	pathogenic_missense	ALT	pathogenic_missense
pathogenic_missense|COL2A1|4747051|ALT	COL2A1	pathogenic_missense	ALT	pathogenic_missense
pathogenic_missense|COL2A1|2439350|ALT	COL2A1	pathogenic_missense	ALT	pathogenic_missense
pathogenic_missense|COL2A1|2821122|ALT	COL2A1	pathogenic_missense	ALT	pathogenic_missense
pathogenic_missense|COL2A1|191036|ALT	COL2A1	pathogenic_missense	ALT	pathogenic_missense
pathogenic_missense|COL2A1|17352|ALT	COL2A1	pathogenic_missense	ALT	pathogenic_missense
pathogenic_missense|COL2A1|1483479|ALT	COL2A1	pathogenic_missense	ALT	pathogenic_missense
pathogenic_missense|COL2A1|546495|ALT	COL2A1	pathogenic_missense	ALT	pathogenic_missense
pathogenic_missense|COL2A1|2114115|ALT	COL2A1	pathogenic_missense	ALT	pathogenic_missense
pathogenic_missense|COL2A1|3346879|ALT	COL2A1	pathogenic_missense	ALT	pathogenic_missense
pathogenic_missense|COL2A1|3346485|ALT	COL2A1	pathogenic_missense	ALT	pathogenic_missense
pathogenic_missense|COL2A1|3235993|ALT	COL2A1	pathogenic_missense	ALT	pathogenic_missense
pathogenic_missense|COL2A1|17359|ALT	COL2A1	pathogenic_missense	ALT	pathogenic_missense
pathogenic_missense|COL2A1|439507|ALT	COL2A1	pathogenic_missense	ALT	pathogenic_missense
pathogenic_missense|COL2A1|1349546|ALT	COL2A1	pathogenic_missense	ALT	pathogenic_missense
pathogenic_missense|COL2A1|501233|ALT	COL2A1	pathogenic_missense	ALT	pathogenic_missense
pathogenic_missense|COL2A1|439511|ALT	COL2A1	pathogenic_missense	ALT	pathogenic_missense
pathogenic_missense|COL2A1|2048525|ALT	COL2A1	pathogenic_missense	ALT	pathogenic_missense
pathogenic_missense|COL2A1|1524150|ALT	COL2A1	pathogenic_missense	ALT	pathogenic_missense
pathogenic_missense|COL2A1|1224342|ALT	COL2A1	pathogenic_missense	ALT	pathogenic_missense
pathogenic_missense|COL2A1|1224370|ALT	COL2A1	pathogenic_missense	ALT	pathogenic_missense
pathogenic_missense|COL2A1|2859637|ALT	COL2A1	pathogenic_missense	ALT	pathogenic_missense
pathogenic_missense|COL2A1|521959|ALT	COL2A1	pathogenic_missense	ALT	pathogenic_missense
pathogenic_missense|COL2A1|2687876|ALT	COL2A1	pathogenic_missense	ALT	pathogenic_missense
pathogenic_missense|COL2A1|1702377|ALT	COL2A1	pathogenic_missense	ALT	pathogenic_missense
pathogenic_missense|COL2A1|4277970|ALT	COL2A1	pathogenic_missense	ALT	pathogenic_missense
pathogenic_missense|COL2A1|3382798|ALT	COL2A1	pathogenic_missense	ALT	pathogenic_missense
pathogenic_missense|COL2A1|374042|ALT	COL2A1	pathogenic_missense	ALT	pathogenic_missense
pathogenic_missense|COL2A1|1702376|ALT	COL2A1	pathogenic_missense	ALT	pathogenic_missense
pathogenic_missense|COL2A1|3766933|ALT	COL2A1	pathogenic_missense	ALT	pathogenic_missense
pathogenic_missense|COL2A1|802841|ALT	COL2A1	pathogenic_missense	ALT	pathogenic_missense
pathogenic_missense|COL2A1|1679879|ALT	COL2A1	pathogenic_missense	ALT	pathogenic_missense
pathogenic_missense|COL2A1|17397|ALT	COL2A1	pathogenic_missense	ALT	pathogenic_missense
pathogenic_missense|COL2A1|17366|ALT	COL2A1	pathogenic_missense	ALT	pathogenic_missense
pathogenic_missense|COL2A1|4796588|ALT	COL2A1	pathogenic_missense	ALT	pathogenic_missense
pathogenic_missense|COL2A1|2445624|ALT	COL2A1	pathogenic_missense	ALT	pathogenic_missense
pathogenic_missense|COL2A1|1702375|ALT	COL2A1	pathogenic_missense	ALT	pathogenic_missense
pathogenic_missense|COL2A1|1192900|ALT	COL2A1	pathogenic_missense	ALT	pathogenic_missense
pathogenic_missense|COL2A1|1699230|ALT	COL2A1	pathogenic_missense	ALT	pathogenic_missense
pathogenic_missense|COL2A1|4278934|ALT	COL2A1	pathogenic_missense	ALT	pathogenic_missense
pathogenic_missense|COL2A1|17371|ALT	COL2A1	pathogenic_missense	ALT	pathogenic_missense
pathogenic_missense|COL2A1|4747055|ALT	COL2A1	pathogenic_missense	ALT	pathogenic_missense
pathogenic_missense|COL2A1|1212764|ALT	COL2A1	pathogenic_missense	ALT	pathogenic_missense
pathogenic_missense|COL2A1|997991|ALT	COL2A1	pathogenic_missense	ALT	pathogenic_missense
pathogenic_missense|COL2A1|2271412|ALT	COL2A1	pathogenic_missense	ALT	pathogenic_missense
pathogenic_missense|COL2A1|2087822|ALT	COL2A1	pathogenic_missense	ALT	pathogenic_missense
pathogenic_missense|COL2A1|265429|ALT	COL2A1	pathogenic_missense	ALT	pathogenic_missense
pathogenic_missense|COL2A1|280767|ALT	COL2A1	pathogenic_missense	ALT	pathogenic_missense
pathogenic_missense|COL2A1|3897550|ALT	COL2A1	pathogenic_missense	ALT	pathogenic_missense
pathogenic_missense|COL2A1|1027389|ALT	COL2A1	pathogenic_missense	ALT	pathogenic_missense
pathogenic_missense|COL2A1|1224309|ALT	COL2A1	pathogenic_missense	ALT	pathogenic_missense
pathogenic_missense|COL2A1|521492|ALT	COL2A1	pathogenic_missense	ALT	pathogenic_missense
pathogenic_missense|COL2A1|286983|ALT	COL2A1	pathogenic_missense	ALT	pathogenic_missense
pathogenic_missense|COL2A1|1068151|ALT	COL2A1	pathogenic_missense	ALT	pathogenic_missense
pathogenic_missense|COL2A1|1343392|ALT	COL2A1	pathogenic_missense	ALT	pathogenic_missense
pathogenic_missense|COL2A1|3382056|ALT	COL2A1	pathogenic_missense	ALT	pathogenic_missense
pathogenic_missense|COL2A1|1477977|ALT	COL2A1	pathogenic_missense	ALT	pathogenic_missense
pathogenic_missense|COL2A1|4709941|ALT	COL2A1	pathogenic_missense	ALT	pathogenic_missense
pathogenic_missense|COL2A1|1066148|ALT	COL2A1	pathogenic_missense	ALT	pathogenic_missense
pathogenic_missense|COL2A1|618576|ALT	COL2A1	pathogenic_missense	ALT	pathogenic_missense
pathogenic_missense|COL2A1|3777012|ALT	COL2A1	pathogenic_missense	ALT	pathogenic_missense
pathogenic_missense|COL2A1|4531410|ALT	COL2A1	pathogenic_missense	ALT	pathogenic_missense
pathogenic_missense|COL2A1|1995091|ALT	COL2A1	pathogenic_missense	ALT	pathogenic_missense
pathogenic_missense|COL2A1|1067521|ALT	COL2A1	pathogenic_missense	ALT	pathogenic_missense
pathogenic_missense|COL2A1|2026581|ALT	COL2A1	pathogenic_missense	ALT	pathogenic_missense
pathogenic_missense|COL2A1|17367|ALT	COL2A1	pathogenic_missense	ALT	pathogenic_missense
pathogenic_missense|COL2A1|2663851|ALT	COL2A1	pathogenic_missense	ALT	pathogenic_missense
pathogenic_missense|COL2A1|3720371|ALT	COL2A1	pathogenic_missense	ALT	pathogenic_missense
pathogenic_missense|COL2A1|17379|ALT	COL2A1	pathogenic_missense	ALT	pathogenic_missense
pathogenic_missense|COL2A1|4293301|ALT	COL2A1	pathogenic_missense	ALT	pathogenic_missense
pathogenic_missense|COL2A1|2735843|ALT	COL2A1	pathogenic_missense	ALT	pathogenic_missense
pathogenic_missense|COL2A1|994310|ALT	COL2A1	pathogenic_missense	ALT	pathogenic_missense
pathogenic_missense|COL2A1|2866230|ALT	COL2A1	pathogenic_missense	ALT	pathogenic_missense
pathogenic_missense|COL2A1|17372|ALT	COL2A1	pathogenic_missense	ALT	pathogenic_missense
pathogenic_missense|COL2A1|1326878|ALT	COL2A1	pathogenic_missense	ALT	pathogenic_missense
pathogenic_missense|COL2A1|4849604|ALT	COL2A1	pathogenic_missense	ALT	pathogenic_missense
pathogenic_missense|COL2A1|3256563|ALT	COL2A1	pathogenic_missense	ALT	pathogenic_missense
pathogenic_missense|COL2A1|2822966|ALT	COL2A1	pathogenic_missense	ALT	pathogenic_missense
pathogenic_missense|COL2A1|1511137|ALT	COL2A1	pathogenic_missense	ALT	pathogenic_missense
pathogenic_missense|COL2A1|280883|ALT	COL2A1	pathogenic_missense	ALT	pathogenic_missense
pathogenic_missense|COL2A1|280522|ALT	COL2A1	pathogenic_missense	ALT	pathogenic_missense
pathogenic_missense|COL2A1|280175|ALT	COL2A1	pathogenic_missense	ALT	pathogenic_missense
pathogenic_missense|COL2A1|1483186|ALT	COL2A1	pathogenic_missense	ALT	pathogenic_missense
pathogenic_missense|COL2A1|284348|ALT	COL2A1	pathogenic_missense	ALT	pathogenic_missense
pathogenic_missense|COL2A1|2137332|ALT	COL2A1	pathogenic_missense	ALT	pathogenic_missense
pathogenic_missense|COL2A1|2022786|ALT	COL2A1	pathogenic_missense	ALT	pathogenic_missense
pathogenic_missense|COL2A1|3600313|ALT	COL2A1	pathogenic_missense	ALT	pathogenic_missense
pathogenic_missense|COL2A1|492999|ALT	COL2A1	pathogenic_missense	ALT	pathogenic_missense
pathogenic_missense|COL2A1|4747059|ALT	COL2A1	pathogenic_missense	ALT	pathogenic_missense
pathogenic_missense|COL2A1|1708062|ALT	COL2A1	pathogenic_missense	ALT	pathogenic_missense
pathogenic_missense|COL2A1|1224420|ALT	COL2A1	pathogenic_missense	ALT	pathogenic_missense
pathogenic_missense|COL2A1|3338854|ALT	COL2A1	pathogenic_missense	ALT	pathogenic_missense
pathogenic_missense|COL2A1|1501406|ALT	COL2A1	pathogenic_missense	ALT	pathogenic_missense
pathogenic_missense|COL2A1|1224335|ALT	COL2A1	pathogenic_missense	ALT	pathogenic_missense
pathogenic_missense|COL2A1|1932496|ALT	COL2A1	pathogenic_missense	ALT	pathogenic_missense
pathogenic_missense|COL2A1|4747060|ALT	COL2A1	pathogenic_missense	ALT	pathogenic_missense
pathogenic_missense|COL2A1|1702373|ALT	COL2A1	pathogenic_missense	ALT	pathogenic_missense
pathogenic_missense|COL2A1|3769816|ALT	COL2A1	pathogenic_missense	ALT	pathogenic_missense
pathogenic_missense|COL2A1|2104642|ALT	COL2A1	pathogenic_missense	ALT	pathogenic_missense
pathogenic_missense|COL2A1|2499873|ALT	COL2A1	pathogenic_missense	ALT	pathogenic_missense
pathogenic_missense|COL2A1|280926|ALT	COL2A1	pathogenic_missense	ALT	pathogenic_missense
pathogenic_missense|COL2A1|4085516|ALT	COL2A1	pathogenic_missense	ALT	pathogenic_missense
pathogenic_missense|COL2A1|1685273|ALT	COL2A1	pathogenic_missense	ALT	pathogenic_missense
pathogenic_missense|COL2A1|971414|ALT	COL2A1	pathogenic_missense	ALT	pathogenic_missense
pathogenic_missense|COL2A1|3720375|ALT	COL2A1	pathogenic_missense	ALT	pathogenic_missense
pathogenic_missense|COL2A1|3717053|ALT	COL2A1	pathogenic_missense	ALT	pathogenic_missense
pathogenic_missense|COL2A1|445376|ALT	COL2A1	pathogenic_missense	ALT	pathogenic_missense
pathogenic_missense|COL2A1|1070922|ALT	COL2A1	pathogenic_missense	ALT	pathogenic_missense
pathogenic_missense|COL2A1|423853|ALT	COL2A1	pathogenic_missense	ALT	pathogenic_missense
pathogenic_missense|COL2A1|1224447|ALT	COL2A1	pathogenic_missense	ALT	pathogenic_missense
pathogenic_missense|COL2A1|4083052|ALT	COL2A1	pathogenic_missense	ALT	pathogenic_missense
pathogenic_missense|COL2A1|3345094|ALT	COL2A1	pathogenic_missense	ALT	pathogenic_missense
pathogenic_missense|COL2A1|1199413|ALT	COL2A1	pathogenic_missense	ALT	pathogenic_missense
pathogenic_missense|COL2A1|1067788|ALT	COL2A1	pathogenic_missense	ALT	pathogenic_missense
pathogenic_missense|COL2A1|2851048|ALT	COL2A1	pathogenic_missense	ALT	pathogenic_missense
pathogenic_missense|COL2A1|197001|ALT	COL2A1	pathogenic_missense	ALT	pathogenic_missense
pathogenic_missense|COL2A1|2706137|ALT	COL2A1	pathogenic_missense	ALT	pathogenic_missense
pathogenic_missense|COL2A1|1330972|ALT	COL2A1	pathogenic_missense	ALT	pathogenic_missense
pathogenic_missense|COL2A1|2579694|ALT	COL2A1	pathogenic_missense	ALT	pathogenic_missense
pathogenic_missense|COL2A1|1523485|ALT	COL2A1	pathogenic_missense	ALT	pathogenic_missense
pathogenic_missense|COL2A1|4292081|ALT	COL2A1	pathogenic_missense	ALT	pathogenic_missense
pathogenic_missense|COL2A1|1702531|ALT	COL2A1	pathogenic_missense	ALT	pathogenic_missense
pathogenic_missense|COL2A1|17357|ALT	COL2A1	pathogenic_missense	ALT	pathogenic_missense
pathogenic_missense|COL2A1|2137333|ALT	COL2A1	pathogenic_missense	ALT	pathogenic_missense
pathogenic_missense|COL2A1|2664803|ALT	COL2A1	pathogenic_missense	ALT	pathogenic_missense
pathogenic_missense|COL2A1|1224396|ALT	COL2A1	pathogenic_missense	ALT	pathogenic_missense
pathogenic_missense|COL2A1|4874125|ALT	COL2A1	pathogenic_missense	ALT	pathogenic_missense
pathogenic_missense|COL2A1|1454515|ALT	COL2A1	pathogenic_missense	ALT	pathogenic_missense
pathogenic_missense|COL2A1|2035224|ALT	COL2A1	pathogenic_missense	ALT	pathogenic_missense
pathogenic_missense|COL2A1|3253420|ALT	COL2A1	pathogenic_missense	ALT	pathogenic_missense
pathogenic_missense|COL2A1|1322129|ALT	COL2A1	pathogenic_missense	ALT	pathogenic_missense
pathogenic_missense|COL2A1|1702530|ALT	COL2A1	pathogenic_missense	ALT	pathogenic_missense
pathogenic_missense|COL2A1|4533371|ALT	COL2A1	pathogenic_missense	ALT	pathogenic_missense
pathogenic_missense|COL2A1|3645333|ALT	COL2A1	pathogenic_missense	ALT	pathogenic_missense
pathogenic_missense|COL2A1|2831184|ALT	COL2A1	pathogenic_missense	ALT	pathogenic_missense
pathogenic_missense|COL2A1|1188563|ALT	COL2A1	pathogenic_missense	ALT	pathogenic_missense
pathogenic_missense|COL2A1|546517|ALT	COL2A1	pathogenic_missense	ALT	pathogenic_missense
pathogenic_missense|COL2A1|3781054|ALT	COL2A1	pathogenic_missense	ALT	pathogenic_missense
pathogenic_missense|COL2A1|2804584|ALT	COL2A1	pathogenic_missense	ALT	pathogenic_missense
pathogenic_missense|COL2A1|2137334|ALT	COL2A1	pathogenic_missense	ALT	pathogenic_missense
pathogenic_missense|COL2A1|1512067|ALT	COL2A1	pathogenic_missense	ALT	pathogenic_missense
pathogenic_missense|COL2A1|1320218|ALT	COL2A1	pathogenic_missense	ALT	pathogenic_missense
pathogenic_missense|COL2A1|498869|ALT	COL2A1	pathogenic_missense	ALT	pathogenic_missense
pathogenic_missense|COL2A1|17353|ALT	COL2A1	pathogenic_missense	ALT	pathogenic_missense
pathogenic_missense|COL2A1|17394|ALT	COL2A1	pathogenic_missense	ALT	pathogenic_missense
pathogenic_missense|COL2A1|861872|ALT	COL2A1	pathogenic_missense	ALT	pathogenic_missense
pathogenic_missense|COL2A1|3027058|ALT	COL2A1	pathogenic_missense	ALT	pathogenic_missense
pathogenic_missense|COL2A1|4081265|ALT	COL2A1	pathogenic_missense	ALT	pathogenic_missense
pathogenic_missense|COL2A1|1199820|ALT	COL2A1	pathogenic_missense	ALT	pathogenic_missense
pathogenic_missense|COL2A1|2573872|ALT	COL2A1	pathogenic_missense	ALT	pathogenic_missense
pathogenic_missense|COL2A1|1338757|ALT	COL2A1	pathogenic_missense	ALT	pathogenic_missense
pathogenic_missense|COL2A1|1709705|ALT	COL2A1	pathogenic_missense	ALT	pathogenic_missense
pathogenic_missense|COL2A1|1326877|ALT	COL2A1	pathogenic_missense	ALT	pathogenic_missense
pathogenic_missense|COL2A1|1335100|ALT	COL2A1	pathogenic_missense	ALT	pathogenic_missense
pathogenic_missense|COL2A1|3766547|ALT	COL2A1	pathogenic_missense	ALT	pathogenic_missense
pathogenic_missense|COL2A1|1516523|ALT	COL2A1	pathogenic_missense	ALT	pathogenic_missense
pathogenic_missense|COL2A1|3648379|ALT	COL2A1	pathogenic_missense	ALT	pathogenic_missense
pathogenic_missense|COL2A1|1458157|ALT	COL2A1	pathogenic_missense	ALT	pathogenic_missense
pathogenic_missense|COL2A1|3359422|ALT	COL2A1	pathogenic_missense	ALT	pathogenic_missense
pathogenic_missense|COL2A1|988569|ALT	COL2A1	pathogenic_missense	ALT	pathogenic_missense
pathogenic_missense|COL2A1|1508877|ALT	COL2A1	pathogenic_missense	ALT	pathogenic_missense
pathogenic_missense|COL2A1|2137336|ALT	COL2A1	pathogenic_missense	ALT	pathogenic_missense
pathogenic_missense|COL2A1|1702528|ALT	COL2A1	pathogenic_missense	ALT	pathogenic_missense
pathogenic_missense|COL2A1|1066650|ALT	COL2A1	pathogenic_missense	ALT	pathogenic_missense
pathogenic_missense|COL2A1|1224347|ALT	COL2A1	pathogenic_missense	ALT	pathogenic_missense
pathogenic_missense|COL2A1|4280675|ALT	COL2A1	pathogenic_missense	ALT	pathogenic_missense
pathogenic_missense|COL2A1|4747062|ALT	COL2A1	pathogenic_missense	ALT	pathogenic_missense
pathogenic_missense|COL2A1|627589|ALT	COL2A1	pathogenic_missense	ALT	pathogenic_missense
pathogenic_missense|COL2A1|1500134|ALT	COL2A1	pathogenic_missense	ALT	pathogenic_missense
pathogenic_missense|COL2A1|196679|ALT	COL2A1	pathogenic_missense	ALT	pathogenic_missense
pathogenic_missense|COL2A1|1254061|ALT	COL2A1	pathogenic_missense	ALT	pathogenic_missense
pathogenic_missense|COL2A1|3338855|ALT	COL2A1	pathogenic_missense	ALT	pathogenic_missense
pathogenic_missense|COL2A1|4850168|ALT	COL2A1	pathogenic_missense	ALT	pathogenic_missense
pathogenic_missense|COL2A1|873513|ALT	COL2A1	pathogenic_missense	ALT	pathogenic_missense
pathogenic_missense|COL2A1|17384|ALT	COL2A1	pathogenic_missense	ALT	pathogenic_missense
pathogenic_missense|COL2A1|4685495|ALT	COL2A1	pathogenic_missense	ALT	pathogenic_missense
pathogenic_missense|COL2A1|1066365|ALT	COL2A1	pathogenic_missense	ALT	pathogenic_missense
pathogenic_missense|COL2A1|3639733|ALT	COL2A1	pathogenic_missense	ALT	pathogenic_missense
pathogenic_missense|COL2A1|2632503|ALT	COL2A1	pathogenic_missense	ALT	pathogenic_missense
pathogenic_missense|COL2A1|2854502|ALT	COL2A1	pathogenic_missense	ALT	pathogenic_missense
pathogenic_missense|COL2A1|488485|ALT	COL2A1	pathogenic_missense	ALT	pathogenic_missense
pathogenic_missense|COL2A1|1300818|ALT	COL2A1	pathogenic_missense	ALT	pathogenic_missense
pathogenic_missense|COL2A1|802846|ALT	COL2A1	pathogenic_missense	ALT	pathogenic_missense
pathogenic_missense|COL2A1|1474358|ALT	COL2A1	pathogenic_missense	ALT	pathogenic_missense
pathogenic_missense|COL2A1|1679886|ALT	COL2A1	pathogenic_missense	ALT	pathogenic_missense
pathogenic_missense|COL2A1|1693265|ALT	COL2A1	pathogenic_missense	ALT	pathogenic_missense
pathogenic_missense|COL2A1|3629464|ALT	COL2A1	pathogenic_missense	ALT	pathogenic_missense
pathogenic_missense|COL2A1|4081266|ALT	COL2A1	pathogenic_missense	ALT	pathogenic_missense
pathogenic_missense|COL2A1|811084|ALT	COL2A1	pathogenic_missense	ALT	pathogenic_missense
pathogenic_missense|COL2A1|1204860|ALT	COL2A1	pathogenic_missense	ALT	pathogenic_missense
pathogenic_missense|COL2A1|392715|ALT	COL2A1	pathogenic_missense	ALT	pathogenic_missense
pathogenic_missense|COL2A1|692069|ALT	COL2A1	pathogenic_missense	ALT	pathogenic_missense
pathogenic_missense|COL2A1|374114|ALT	COL2A1	pathogenic_missense	ALT	pathogenic_missense
pathogenic_missense|COL2A1|451803|ALT	COL2A1	pathogenic_missense	ALT	pathogenic_missense
pathogenic_missense|COL2A1|1013347|ALT	COL2A1	pathogenic_missense	ALT	pathogenic_missense
pathogenic_missense|COL2A1|1008593|ALT	COL2A1	pathogenic_missense	ALT	pathogenic_missense
pathogenic_missense|COL2A1|2724086|ALT	COL2A1	pathogenic_missense	ALT	pathogenic_missense
pathogenic_missense|COL2A1|2023051|ALT	COL2A1	pathogenic_missense	ALT	pathogenic_missense
pathogenic_missense|COL2A1|1496380|ALT	COL2A1	pathogenic_missense	ALT	pathogenic_missense
pathogenic_missense|COL2A1|1702527|ALT	COL2A1	pathogenic_missense	ALT	pathogenic_missense
pathogenic_missense|COL2A1|196112|ALT	COL2A1	pathogenic_missense	ALT	pathogenic_missense
pathogenic_missense|COL2A1|1522723|ALT	COL2A1	pathogenic_missense	ALT	pathogenic_missense
pathogenic_missense|COL2A1|4850169|ALT	COL2A1	pathogenic_missense	ALT	pathogenic_missense
pathogenic_missense|COL2A1|1199414|ALT	COL2A1	pathogenic_missense	ALT	pathogenic_missense
pathogenic_missense|COL2A1|2792895|ALT	COL2A1	pathogenic_missense	ALT	pathogenic_missense
pathogenic_missense|COL2A1|280805|ALT	COL2A1	pathogenic_missense	ALT	pathogenic_missense
pathogenic_missense|COL2A1|196016|ALT	COL2A1	pathogenic_missense	ALT	pathogenic_missense
pathogenic_missense|COL2A1|4709943|ALT	COL2A1	pathogenic_missense	ALT	pathogenic_missense
pathogenic_missense|COL2A1|2227856|ALT	COL2A1	pathogenic_missense	ALT	pathogenic_missense
pathogenic_missense|COL2A1|4293867|ALT	COL2A1	pathogenic_missense	ALT	pathogenic_missense
pathogenic_missense|COL2A1|1066051|ALT	COL2A1	pathogenic_missense	ALT	pathogenic_missense
pathogenic_missense|COL2A1|1458161|ALT	COL2A1	pathogenic_missense	ALT	pathogenic_missense
pathogenic_missense|COL2A1|1326876|ALT	COL2A1	pathogenic_missense	ALT	pathogenic_missense
pathogenic_missense|COL2A1|287730|ALT	COL2A1	pathogenic_missense	ALT	pathogenic_missense
pathogenic_missense|COL2A1|2093106|ALT	COL2A1	pathogenic_missense	ALT	pathogenic_missense
pathogenic_missense|COL2A1|3661804|ALT	COL2A1	pathogenic_missense	ALT	pathogenic_missense
pathogenic_missense|COL2A1|3653133|ALT	COL2A1	pathogenic_missense	ALT	pathogenic_missense
pathogenic_missense|COL2A1|2672267|ALT	COL2A1	pathogenic_missense	ALT	pathogenic_missense
pathogenic_missense|COL2A1|2505889|ALT	COL2A1	pathogenic_missense	ALT	pathogenic_missense
pathogenic_missense|COL2A1|1039265|ALT	COL2A1	pathogenic_missense	ALT	pathogenic_missense
pathogenic_missense|COL2A1|1499302|ALT	COL2A1	pathogenic_missense	ALT	pathogenic_missense
pathogenic_missense|COL2A1|4072463|ALT	COL2A1	pathogenic_missense	ALT	pathogenic_missense
pathogenic_missense|COL2A1|283928|ALT	COL2A1	pathogenic_missense	ALT	pathogenic_missense
pathogenic_missense|COL2A1|618027|ALT	COL2A1	pathogenic_missense	ALT	pathogenic_missense
pathogenic_missense|COL2A1|425003|ALT	COL2A1	pathogenic_missense	ALT	pathogenic_missense
pathogenic_missense|COL2A1|1524221|ALT	COL2A1	pathogenic_missense	ALT	pathogenic_missense
pathogenic_missense|COL2A1|17383|ALT	COL2A1	pathogenic_missense	ALT	pathogenic_missense
pathogenic_missense|COL2A1|987394|ALT	COL2A1	pathogenic_missense	ALT	pathogenic_missense
pathogenic_missense|COL2A1|2137338|ALT	COL2A1	pathogenic_missense	ALT	pathogenic_missense
pathogenic_missense|COL2A1|1702526|ALT	COL2A1	pathogenic_missense	ALT	pathogenic_missense
pathogenic_missense|COL2A1|1685275|ALT	COL2A1	pathogenic_missense	ALT	pathogenic_missense
pathogenic_missense|COL2A1|17403|ALT	COL2A1	pathogenic_missense	ALT	pathogenic_missense
pathogenic_missense|COL2A1|3640204|ALT	COL2A1	pathogenic_missense	ALT	pathogenic_missense
pathogenic_missense|COL2A1|290774|ALT	COL2A1	pathogenic_missense	ALT	pathogenic_missense
pathogenic_missense|COL2A1|4074350|ALT	COL2A1	pathogenic_missense	ALT	pathogenic_missense
pathogenic_missense|COL2A1|1516689|ALT	COL2A1	pathogenic_missense	ALT	pathogenic_missense
pathogenic_missense|COL2A1|4747068|ALT	COL2A1	pathogenic_missense	ALT	pathogenic_missense
pathogenic_missense|COL2A1|1676793|ALT	COL2A1	pathogenic_missense	ALT	pathogenic_missense
pathogenic_missense|COL2A1|547253|ALT	COL2A1	pathogenic_missense	ALT	pathogenic_missense
pathogenic_missense|COL2A1|1712893|ALT	COL2A1	pathogenic_missense	ALT	pathogenic_missense
pathogenic_missense|COL2A1|17388|ALT	COL2A1	pathogenic_missense	ALT	pathogenic_missense
pathogenic_missense|COL2A1|280745|ALT	COL2A1	pathogenic_missense	ALT	pathogenic_missense
pathogenic_missense|COL2A1|439509|ALT	COL2A1	pathogenic_missense	ALT	pathogenic_missense
pathogenic_missense|COL2A1|3574632|ALT	COL2A1	pathogenic_missense	ALT	pathogenic_missense
pathogenic_missense|COL2A1|3370629|ALT	COL2A1	pathogenic_missense	ALT	pathogenic_missense
pathogenic_missense|COL2A1|520838|ALT	COL2A1	pathogenic_missense	ALT	pathogenic_missense
pathogenic_missense|COL2A1|1224340|ALT	COL2A1	pathogenic_missense	ALT	pathogenic_missense
pathogenic_missense|COL2A1|2697414|ALT	COL2A1	pathogenic_missense	ALT	pathogenic_missense
pathogenic_missense|COL2A1|633177|ALT	COL2A1	pathogenic_missense	ALT	pathogenic_missense
pathogenic_missense|COL2A1|3384344|ALT	COL2A1	pathogenic_missense	ALT	pathogenic_missense
pathogenic_missense|COL2A1|195742|ALT	COL2A1	pathogenic_missense	ALT	pathogenic_missense
pathogenic_missense|COL2A1|3347184|ALT	COL2A1	pathogenic_missense	ALT	pathogenic_missense
pathogenic_missense|COL2A1|1895438|ALT	COL2A1	pathogenic_missense	ALT	pathogenic_missense
pathogenic_missense|COL2A1|4531414|ALT	COL2A1	pathogenic_missense	ALT	pathogenic_missense
pathogenic_missense|COL2A1|1398438|ALT	COL2A1	pathogenic_missense	ALT	pathogenic_missense
pathogenic_missense|COL2A1|4747069|ALT	COL2A1	pathogenic_missense	ALT	pathogenic_missense
pathogenic_missense|COL2A1|1685652|ALT	COL2A1	pathogenic_missense	ALT	pathogenic_missense
pathogenic_missense|COL2A1|1685276|ALT	COL2A1	pathogenic_missense	ALT	pathogenic_missense
pathogenic_missense|COL2A1|17378|ALT	COL2A1	pathogenic_missense	ALT	pathogenic_missense
pathogenic_missense|COL2A1|2137339|ALT	COL2A1	pathogenic_missense	ALT	pathogenic_missense
pathogenic_missense|COL2A1|4086210|ALT	COL2A1	pathogenic_missense	ALT	pathogenic_missense
pathogenic_missense|COL2A1|3901176|ALT	COL2A1	pathogenic_missense	ALT	pathogenic_missense
pathogenic_missense|COL2A1|974866|ALT	COL2A1	pathogenic_missense	ALT	pathogenic_missense
pathogenic_missense|COL2A1|1687501|ALT	COL2A1	pathogenic_missense	ALT	pathogenic_missense
pathogenic_missense|COL2A1|4278240|ALT	COL2A1	pathogenic_missense	ALT	pathogenic_missense
pathogenic_missense|COL2A1|4856242|ALT	COL2A1	pathogenic_missense	ALT	pathogenic_missense
pathogenic_missense|COL2A1|2498555|ALT	COL2A1	pathogenic_missense	ALT	pathogenic_missense
pathogenic_missense|COL2A1|1702512|ALT	COL2A1	pathogenic_missense	ALT	pathogenic_missense
pathogenic_missense|COL2A1|2982307|ALT	COL2A1	pathogenic_missense	ALT	pathogenic_missense
pathogenic_missense|COL2A1|2103433|ALT	COL2A1	pathogenic_missense	ALT	pathogenic_missense
pathogenic_missense|COL2A1|998034|ALT	COL2A1	pathogenic_missense	ALT	pathogenic_missense
pathogenic_missense|COL2A1|2764985|ALT	COL2A1	pathogenic_missense	ALT	pathogenic_missense
pathogenic_missense|COL2A1|439506|ALT	COL2A1	pathogenic_missense	ALT	pathogenic_missense
pathogenic_missense|COL2A1|2630544|ALT	COL2A1	pathogenic_missense	ALT	pathogenic_missense
pathogenic_missense|COL2A1|195584|ALT	COL2A1	pathogenic_missense	ALT	pathogenic_missense
pathogenic_missense|COL2A1|618028|ALT	COL2A1	pathogenic_missense	ALT	pathogenic_missense
pathogenic_missense|COL2A1|4855238|ALT	COL2A1	pathogenic_missense	ALT	pathogenic_missense
pathogenic_missense|COL2A1|1224474|ALT	COL2A1	pathogenic_missense	ALT	pathogenic_missense
pathogenic_missense|COL2A1|2727427|ALT	COL2A1	pathogenic_missense	ALT	pathogenic_missense
pathogenic_missense|COL2A1|1326897|ALT	COL2A1	pathogenic_missense	ALT	pathogenic_missense
pathogenic_missense|COL2A1|1442948|ALT	COL2A1	pathogenic_missense	ALT	pathogenic_missense
pathogenic_missense|COL2A1|287067|ALT	COL2A1	pathogenic_missense	ALT	pathogenic_missense
pathogenic_missense|COL2A1|994195|ALT	COL2A1	pathogenic_missense	ALT	pathogenic_missense
pathogenic_missense|COL2A1|1065456|ALT	COL2A1	pathogenic_missense	ALT	pathogenic_missense
pathogenic_missense|COL2A1|423267|ALT	COL2A1	pathogenic_missense	ALT	pathogenic_missense
pathogenic_missense|COL2A1|2828732|ALT	COL2A1	pathogenic_missense	ALT	pathogenic_missense
pathogenic_missense|COL2A1|1507323|ALT	COL2A1	pathogenic_missense	ALT	pathogenic_missense
pathogenic_missense|COL2A1|3721128|ALT	COL2A1	pathogenic_missense	ALT	pathogenic_missense
pathogenic_missense|COL2A1|1224361|ALT	COL2A1	pathogenic_missense	ALT	pathogenic_missense
pathogenic_missense|COL2A1|4850915|ALT	COL2A1	pathogenic_missense	ALT	pathogenic_missense
pathogenic_missense|COL2A1|2632940|ALT	COL2A1	pathogenic_missense	ALT	pathogenic_missense
pathogenic_missense|COL2A1|452953|ALT	COL2A1	pathogenic_missense	ALT	pathogenic_missense
pathogenic_missense|COL2A1|2506270|ALT	COL2A1	pathogenic_missense	ALT	pathogenic_missense
pathogenic_missense|COL2A1|1074308|ALT	COL2A1	pathogenic_missense	ALT	pathogenic_missense
pathogenic_missense|COL2A1|1345423|ALT	COL2A1	pathogenic_missense	ALT	pathogenic_missense
pathogenic_missense|COL2A1|1332845|ALT	COL2A1	pathogenic_missense	ALT	pathogenic_missense
pathogenic_missense|COL2A1|2027023|ALT	COL2A1	pathogenic_missense	ALT	pathogenic_missense
pathogenic_missense|COL2A1|1456262|ALT	COL2A1	pathogenic_missense	ALT	pathogenic_missense
pathogenic_missense|COL2A1|2663839|ALT	COL2A1	pathogenic_missense	ALT	pathogenic_missense
pathogenic_missense|COL2A1|1333725|ALT	COL2A1	pathogenic_missense	ALT	pathogenic_missense
pathogenic_missense|COL2A1|1477354|ALT	COL2A1	pathogenic_missense	ALT	pathogenic_missense
pathogenic_missense|COL2A1|3721129|ALT	COL2A1	pathogenic_missense	ALT	pathogenic_missense
pathogenic_missense|COL2A1|1072582|ALT	COL2A1	pathogenic_missense	ALT	pathogenic_missense
pathogenic_missense|COL2A1|3720383|ALT	COL2A1	pathogenic_missense	ALT	pathogenic_missense
pathogenic_missense|COL2A1|4854145|ALT	COL2A1	pathogenic_missense	ALT	pathogenic_missense
pathogenic_missense|COL2A1|1224323|ALT	COL2A1	pathogenic_missense	ALT	pathogenic_missense
pathogenic_missense|COL2A1|3662797|ALT	COL2A1	pathogenic_missense	ALT	pathogenic_missense
pathogenic_missense|COL2A1|4818885|ALT	COL2A1	pathogenic_missense	ALT	pathogenic_missense
pathogenic_missense|COL2A1|4293047|ALT	COL2A1	pathogenic_missense	ALT	pathogenic_missense
pathogenic_missense|COL2A1|3662637|ALT	COL2A1	pathogenic_missense	ALT	pathogenic_missense
pathogenic_missense|COL2A1|1326895|ALT	COL2A1	pathogenic_missense	ALT	pathogenic_missense
pathogenic_missense|COL2A1|800858|ALT	COL2A1	pathogenic_missense	ALT	pathogenic_missense
pathogenic_missense|COL2A1|547252|ALT	COL2A1	pathogenic_missense	ALT	pathogenic_missense
pathogenic_missense|COL2A1|1330682|ALT	COL2A1	pathogenic_missense	ALT	pathogenic_missense
pathogenic_missense|COL2A1|4056812|ALT	COL2A1	pathogenic_missense	ALT	pathogenic_missense
pathogenic_missense|COL2A1|4854257|ALT	COL2A1	pathogenic_missense	ALT	pathogenic_missense
pathogenic_missense|COL2A1|1491776|ALT	COL2A1	pathogenic_missense	ALT	pathogenic_missense
pathogenic_missense|COL2A1|1072583|ALT	COL2A1	pathogenic_missense	ALT	pathogenic_missense
pathogenic_missense|COL2A1|4709947|ALT	COL2A1	pathogenic_missense	ALT	pathogenic_missense
pathogenic_missense|COL2A1|1491329|ALT	COL2A1	pathogenic_missense	ALT	pathogenic_missense
pathogenic_missense|COL2A1|1193746|ALT	COL2A1	pathogenic_missense	ALT	pathogenic_missense
pathogenic_missense|COL2A1|694725|ALT	COL2A1	pathogenic_missense	ALT	pathogenic_missense
pathogenic_missense|COL2A1|547251|ALT	COL2A1	pathogenic_missense	ALT	pathogenic_missense
pathogenic_missense|COL2A1|2137343|ALT	COL2A1	pathogenic_missense	ALT	pathogenic_missense
pathogenic_missense|COL2A1|426498|ALT	COL2A1	pathogenic_missense	ALT	pathogenic_missense
pathogenic_missense|COL2A1|1326894|ALT	COL2A1	pathogenic_missense	ALT	pathogenic_missense
pathogenic_missense|COL2A1|3653364|ALT	COL2A1	pathogenic_missense	ALT	pathogenic_missense
pathogenic_missense|COL2A1|1326893|ALT	COL2A1	pathogenic_missense	ALT	pathogenic_missense
pathogenic_missense|COL2A1|522082|ALT	COL2A1	pathogenic_missense	ALT	pathogenic_missense
pathogenic_missense|COL2A1|3645321|ALT	COL2A1	pathogenic_missense	ALT	pathogenic_missense
pathogenic_missense|COL2A1|17363|ALT	COL2A1	pathogenic_missense	ALT	pathogenic_missense
pathogenic_missense|COL2A1|2663840|ALT	COL2A1	pathogenic_missense	ALT	pathogenic_missense
pathogenic_missense|COL2A1|2152150|ALT	COL2A1	pathogenic_missense	ALT	pathogenic_missense
pathogenic_missense|COL2A1|1347701|ALT	COL2A1	pathogenic_missense	ALT	pathogenic_missense
pathogenic_missense|COL2A1|1471775|ALT	COL2A1	pathogenic_missense	ALT	pathogenic_missense
pathogenic_missense|COL2A1|2031141|ALT	COL2A1	pathogenic_missense	ALT	pathogenic_missense
pathogenic_missense|COL2A1|929262|ALT	COL2A1	pathogenic_missense	ALT	pathogenic_missense
pathogenic_missense|COL2A1|2428739|ALT	COL2A1	pathogenic_missense	ALT	pathogenic_missense
pathogenic_missense|COL2A1|4820091|ALT	COL2A1	pathogenic_missense	ALT	pathogenic_missense
pathogenic_missense|COL2A1|1068318|ALT	COL2A1	pathogenic_missense	ALT	pathogenic_missense
pathogenic_missense|COL2A1|1067642|ALT	COL2A1	pathogenic_missense	ALT	pathogenic_missense
pathogenic_missense|COL2A1|1067359|ALT	COL2A1	pathogenic_missense	ALT	pathogenic_missense
pathogenic_missense|COL2A1|4747074|ALT	COL2A1	pathogenic_missense	ALT	pathogenic_missense
pathogenic_missense|COL2A1|2095062|ALT	COL2A1	pathogenic_missense	ALT	pathogenic_missense
pathogenic_missense|COL2A1|2739222|ALT	COL2A1	pathogenic_missense	ALT	pathogenic_missense
pathogenic_missense|COL2A1|1523579|ALT	COL2A1	pathogenic_missense	ALT	pathogenic_missense
pathogenic_missense|COL2A1|1326892|ALT	COL2A1	pathogenic_missense	ALT	pathogenic_missense
pathogenic_missense|COL2A1|3343237|ALT	COL2A1	pathogenic_missense	ALT	pathogenic_missense
pathogenic_missense|COL2A1|1305739|ALT	COL2A1	pathogenic_missense	ALT	pathogenic_missense
pathogenic_missense|COL2A1|17396|ALT	COL2A1	pathogenic_missense	ALT	pathogenic_missense
pathogenic_missense|COL2A1|4777099|ALT	COL2A1	pathogenic_missense	ALT	pathogenic_missense
pathogenic_missense|COL2A1|4820639|ALT	COL2A1	pathogenic_missense	ALT	pathogenic_missense
pathogenic_missense|COL2A1|1479399|ALT	COL2A1	pathogenic_missense	ALT	pathogenic_missense
pathogenic_missense|COL2A1|1353887|ALT	COL2A1	pathogenic_missense	ALT	pathogenic_missense
pathogenic_missense|COL2A1|2753628|ALT	COL2A1	pathogenic_missense	ALT	pathogenic_missense
pathogenic_missense|COL2A1|17370|ALT	COL2A1	pathogenic_missense	ALT	pathogenic_missense
pathogenic_missense|COL2A1|449001|ALT	COL2A1	pathogenic_missense	ALT	pathogenic_missense
pathogenic_missense|COL2A1|4820182|ALT	COL2A1	pathogenic_missense	ALT	pathogenic_missense
pathogenic_missense|COL2A1|2766117|ALT	COL2A1	pathogenic_missense	ALT	pathogenic_missense
pathogenic_missense|COL2A1|2747753|ALT	COL2A1	pathogenic_missense	ALT	pathogenic_missense
pathogenic_missense|COL2A1|2998327|ALT	COL2A1	pathogenic_missense	ALT	pathogenic_missense
pathogenic_missense|COL2A1|2117593|ALT	COL2A1	pathogenic_missense	ALT	pathogenic_missense
pathogenic_missense|COL2A1|2742364|ALT	COL2A1	pathogenic_missense	ALT	pathogenic_missense
pathogenic_missense|COL2A1|2121919|ALT	COL2A1	pathogenic_missense	ALT	pathogenic_missense
pathogenic_missense|COL2A1|2825816|ALT	COL2A1	pathogenic_missense	ALT	pathogenic_missense
pathogenic_missense|COL2A1|3645012|ALT	COL2A1	pathogenic_missense	ALT	pathogenic_missense
pathogenic_missense|COL2A1|2137347|ALT	COL2A1	pathogenic_missense	ALT	pathogenic_missense
pathogenic_missense|COL2A1|3646273|ALT	COL2A1	pathogenic_missense	ALT	pathogenic_missense
pathogenic_missense|COL2A1|17368|ALT	COL2A1	pathogenic_missense	ALT	pathogenic_missense
pathogenic_missense|COL2A1|17364|ALT	COL2A1	pathogenic_missense	ALT	pathogenic_missense
pathogenic_missense|COL2A1|1388184|ALT	COL2A1	pathogenic_missense	ALT	pathogenic_missense
pathogenic_missense|COL2A1|1685653|ALT	COL2A1	pathogenic_missense	ALT	pathogenic_missense
pathogenic_missense|COL2A1|4737630|ALT	COL2A1	pathogenic_missense	ALT	pathogenic_missense
pathogenic_missense|COL2A1|1523774|ALT	COL2A1	pathogenic_missense	ALT	pathogenic_missense
pathogenic_missense|COL2A1|3765801|ALT	COL2A1	pathogenic_missense	ALT	pathogenic_missense
pathogenic_missense|COL2A1|663729|ALT	COL2A1	pathogenic_missense	ALT	pathogenic_missense
pathogenic_missense|COL2A1|4820254|ALT	COL2A1	pathogenic_missense	ALT	pathogenic_missense
pathogenic_missense|COL2A1|3721343|ALT	COL2A1	pathogenic_missense	ALT	pathogenic_missense
pathogenic_missense|COL2A1|3720384|ALT	COL2A1	pathogenic_missense	ALT	pathogenic_missense
pathogenic_missense|COL2A1|2115797|ALT	COL2A1	pathogenic_missense	ALT	pathogenic_missense
pathogenic_missense|COL2A1|3255203|ALT	COL2A1	pathogenic_missense	ALT	pathogenic_missense
pathogenic_missense|COL2A1|4540605|ALT	COL2A1	pathogenic_missense	ALT	pathogenic_missense
pathogenic_missense|COL2A1|4747080|ALT	COL2A1	pathogenic_missense	ALT	pathogenic_missense
pathogenic_missense|COL2A1|1067209|ALT	COL2A1	pathogenic_missense	ALT	pathogenic_missense
pathogenic_missense|COL2A1|4747081|ALT	COL2A1	pathogenic_missense	ALT	pathogenic_missense
pathogenic_missense|COL2A1|2090887|ALT	COL2A1	pathogenic_missense	ALT	pathogenic_missense
pathogenic_missense|COL2A1|4759245|ALT	COL2A1	pathogenic_missense	ALT	pathogenic_missense
pathogenic_missense|COL2A1|2137350|ALT	COL2A1	pathogenic_missense	ALT	pathogenic_missense
pathogenic_missense|COL2A1|430186|ALT	COL2A1	pathogenic_missense	ALT	pathogenic_missense
pathogenic_missense|COL2A1|420058|ALT	COL2A1	pathogenic_missense	ALT	pathogenic_missense
pathogenic_missense|COL2A1|2063668|ALT	COL2A1	pathogenic_missense	ALT	pathogenic_missense
pathogenic_missense|COL2A1|2444385|ALT	COL2A1	pathogenic_missense	ALT	pathogenic_missense
pathogenic_missense|COL2A1|2819920|ALT	COL2A1	pathogenic_missense	ALT	pathogenic_missense
pathogenic_missense|COL2A1|1326883|ALT	COL2A1	pathogenic_missense	ALT	pathogenic_missense
pathogenic_missense|COL2A1|1402980|ALT	COL2A1	pathogenic_missense	ALT	pathogenic_missense
pathogenic_missense|COL2A1|224878|ALT	COL2A1	pathogenic_missense	ALT	pathogenic_missense
pathogenic_missense|COL2A1|2760128|ALT	COL2A1	pathogenic_missense	ALT	pathogenic_missense
pathogenic_missense|COL2A1|1505537|ALT	COL2A1	pathogenic_missense	ALT	pathogenic_missense
pathogenic_missense|COL2A1|1346036|ALT	COL2A1	pathogenic_missense	ALT	pathogenic_missense
pathogenic_missense|COL2A1|4531416|ALT	COL2A1	pathogenic_missense	ALT	pathogenic_missense
pathogenic_missense|COL2A1|1056071|ALT	COL2A1	pathogenic_missense	ALT	pathogenic_missense
pathogenic_missense|COL2A1|17402|ALT	COL2A1	pathogenic_missense	ALT	pathogenic_missense
pathogenic_missense|COL2A1|3635079|ALT	COL2A1	pathogenic_missense	ALT	pathogenic_missense
pathogenic_missense|COL2A1|2428885|ALT	COL2A1	pathogenic_missense	ALT	pathogenic_missense
pathogenic_missense|COL2A1|870980|ALT	COL2A1	pathogenic_missense	ALT	pathogenic_missense
pathogenic_missense|COL2A1|2125980|ALT	COL2A1	pathogenic_missense	ALT	pathogenic_missense
pathogenic_missense|COL2A1|1074468|ALT	COL2A1	pathogenic_missense	ALT	pathogenic_missense
pathogenic_missense|SCN8A|3359106|ALT	SCN8A	pathogenic_missense	ALT	pathogenic_missense
pathogenic_missense|SCN8A|569559|ALT	SCN8A	pathogenic_missense	ALT	pathogenic_missense
pathogenic_missense|SCN8A|1465027|ALT	SCN8A	pathogenic_missense	ALT	pathogenic_missense
pathogenic_missense|SCN8A|3600649|ALT	SCN8A	pathogenic_missense	ALT	pathogenic_missense
pathogenic_missense|SCN8A|3235701|ALT	SCN8A	pathogenic_missense	ALT	pathogenic_missense
pathogenic_missense|SCN8A|3793258|ALT	SCN8A	pathogenic_missense	ALT	pathogenic_missense
pathogenic_missense|SCN8A|3390945|ALT	SCN8A	pathogenic_missense	ALT	pathogenic_missense
pathogenic_missense|SCN8A|207140|ALT	SCN8A	pathogenic_missense	ALT	pathogenic_missense
pathogenic_missense|SCN8A|623808|ALT	SCN8A	pathogenic_missense	ALT	pathogenic_missense
pathogenic_missense|SCN8A|253276|ALT	SCN8A	pathogenic_missense	ALT	pathogenic_missense
pathogenic_missense|SCN8A|253277|ALT	SCN8A	pathogenic_missense	ALT	pathogenic_missense
pathogenic_missense|SCN8A|4526558|ALT	SCN8A	pathogenic_missense	ALT	pathogenic_missense
pathogenic_missense|SCN8A|374298|ALT	SCN8A	pathogenic_missense	ALT	pathogenic_missense
pathogenic_missense|SCN8A|420809|ALT	SCN8A	pathogenic_missense	ALT	pathogenic_missense
pathogenic_missense|SCN8A|162015|ALT	SCN8A	pathogenic_missense	ALT	pathogenic_missense
pathogenic_missense|SCN8A|1895463|ALT	SCN8A	pathogenic_missense	ALT	pathogenic_missense
pathogenic_missense|SCN8A|4879832|ALT	SCN8A	pathogenic_missense	ALT	pathogenic_missense
pathogenic_missense|SCN8A|665356|ALT	SCN8A	pathogenic_missense	ALT	pathogenic_missense
pathogenic_missense|SCN8A|689732|ALT	SCN8A	pathogenic_missense	ALT	pathogenic_missense
pathogenic_missense|SCN8A|689734|ALT	SCN8A	pathogenic_missense	ALT	pathogenic_missense
pathogenic_missense|SCN8A|763582|ALT	SCN8A	pathogenic_missense	ALT	pathogenic_missense
pathogenic_missense|SCN8A|1399415|ALT	SCN8A	pathogenic_missense	ALT	pathogenic_missense
pathogenic_missense|SCN8A|1176941|ALT	SCN8A	pathogenic_missense	ALT	pathogenic_missense
pathogenic_missense|SCN8A|4750144|ALT	SCN8A	pathogenic_missense	ALT	pathogenic_missense
pathogenic_missense|SCN8A|1191017|ALT	SCN8A	pathogenic_missense	ALT	pathogenic_missense
pathogenic_missense|SCN8A|1031970|ALT	SCN8A	pathogenic_missense	ALT	pathogenic_missense
pathogenic_missense|SCN8A|3375736|ALT	SCN8A	pathogenic_missense	ALT	pathogenic_missense
pathogenic_missense|SCN8A|3238793|ALT	SCN8A	pathogenic_missense	ALT	pathogenic_missense
pathogenic_missense|SCN8A|3392605|ALT	SCN8A	pathogenic_missense	ALT	pathogenic_missense
pathogenic_missense|SCN8A|4086453|ALT	SCN8A	pathogenic_missense	ALT	pathogenic_missense
pathogenic_missense|SCN8A|4864181|ALT	SCN8A	pathogenic_missense	ALT	pathogenic_missense
pathogenic_missense|SCN8A|419511|ALT	SCN8A	pathogenic_missense	ALT	pathogenic_missense
pathogenic_missense|SCN8A|419568|ALT	SCN8A	pathogenic_missense	ALT	pathogenic_missense
pathogenic_missense|SCN8A|1285486|ALT	SCN8A	pathogenic_missense	ALT	pathogenic_missense
pathogenic_missense|SCN8A|692305|ALT	SCN8A	pathogenic_missense	ALT	pathogenic_missense
pathogenic_missense|SCN8A|1057399|ALT	SCN8A	pathogenic_missense	ALT	pathogenic_missense
pathogenic_missense|SCN8A|2576971|ALT	SCN8A	pathogenic_missense	ALT	pathogenic_missense
pathogenic_missense|SCN8A|2633506|ALT	SCN8A	pathogenic_missense	ALT	pathogenic_missense
pathogenic_missense|SCN8A|3893314|ALT	SCN8A	pathogenic_missense	ALT	pathogenic_missense
pathogenic_missense|SCN8A|871343|ALT	SCN8A	pathogenic_missense	ALT	pathogenic_missense
pathogenic_missense|SCN8A|1338766|ALT	SCN8A	pathogenic_missense	ALT	pathogenic_missense
pathogenic_missense|SCN8A|847572|ALT	SCN8A	pathogenic_missense	ALT	pathogenic_missense
pathogenic_missense|SCN8A|420906|ALT	SCN8A	pathogenic_missense	ALT	pathogenic_missense
pathogenic_missense|SCN8A|559632|ALT	SCN8A	pathogenic_missense	ALT	pathogenic_missense
pathogenic_missense|SCN8A|1803066|ALT	SCN8A	pathogenic_missense	ALT	pathogenic_missense
pathogenic_missense|SCN8A|253279|ALT	SCN8A	pathogenic_missense	ALT	pathogenic_missense
pathogenic_missense|SCN8A|3344041|ALT	SCN8A	pathogenic_missense	ALT	pathogenic_missense
pathogenic_missense|SCN8A|944708|ALT	SCN8A	pathogenic_missense	ALT	pathogenic_missense
pathogenic_missense|SCN8A|236207|ALT	SCN8A	pathogenic_missense	ALT	pathogenic_missense
pathogenic_missense|SCN8A|427189|ALT	SCN8A	pathogenic_missense	ALT	pathogenic_missense
pathogenic_missense|SCN8A|871344|ALT	SCN8A	pathogenic_missense	ALT	pathogenic_missense
pathogenic_missense|SCN8A|1325766|ALT	SCN8A	pathogenic_missense	ALT	pathogenic_missense
pathogenic_missense|SCN8A|1514484|ALT	SCN8A	pathogenic_missense	ALT	pathogenic_missense
pathogenic_missense|SCN8A|2112939|ALT	SCN8A	pathogenic_missense	ALT	pathogenic_missense
pathogenic_missense|SCN8A|3393446|ALT	SCN8A	pathogenic_missense	ALT	pathogenic_missense
pathogenic_missense|SCN8A|1699202|ALT	SCN8A	pathogenic_missense	ALT	pathogenic_missense
pathogenic_missense|SCN8A|871345|ALT	SCN8A	pathogenic_missense	ALT	pathogenic_missense
pathogenic_missense|SCN8A|4876701|ALT	SCN8A	pathogenic_missense	ALT	pathogenic_missense
pathogenic_missense|SCN8A|4277912|ALT	SCN8A	pathogenic_missense	ALT	pathogenic_missense
pathogenic_missense|SCN8A|1426285|ALT	SCN8A	pathogenic_missense	ALT	pathogenic_missense
pathogenic_missense|SCN8A|207105|ALT	SCN8A	pathogenic_missense	ALT	pathogenic_missense
pathogenic_missense|SCN8A|1043511|ALT	SCN8A	pathogenic_missense	ALT	pathogenic_missense
pathogenic_missense|SCN8A|461331|ALT	SCN8A	pathogenic_missense	ALT	pathogenic_missense
pathogenic_missense|SCN8A|2743423|ALT	SCN8A	pathogenic_missense	ALT	pathogenic_missense
pathogenic_missense|SCN8A|4801270|ALT	SCN8A	pathogenic_missense	ALT	pathogenic_missense
pathogenic_missense|SCN8A|844258|ALT	SCN8A	pathogenic_missense	ALT	pathogenic_missense
pathogenic_missense|SCN8A|4801272|ALT	SCN8A	pathogenic_missense	ALT	pathogenic_missense
pathogenic_missense|SCN8A|1319790|ALT	SCN8A	pathogenic_missense	ALT	pathogenic_missense
pathogenic_missense|SCN8A|1514764|ALT	SCN8A	pathogenic_missense	ALT	pathogenic_missense
pathogenic_missense|SCN8A|3635183|ALT	SCN8A	pathogenic_missense	ALT	pathogenic_missense
pathogenic_missense|SCN8A|4840838|ALT	SCN8A	pathogenic_missense	ALT	pathogenic_missense
pathogenic_missense|SCN8A|2572743|ALT	SCN8A	pathogenic_missense	ALT	pathogenic_missense
pathogenic_missense|SCN8A|432103|ALT	SCN8A	pathogenic_missense	ALT	pathogenic_missense
pathogenic_missense|SCN8A|2831124|ALT	SCN8A	pathogenic_missense	ALT	pathogenic_missense
pathogenic_missense|SCN8A|3352028|ALT	SCN8A	pathogenic_missense	ALT	pathogenic_missense
pathogenic_missense|SCN8A|1385042|ALT	SCN8A	pathogenic_missense	ALT	pathogenic_missense
pathogenic_missense|SCN8A|2231762|ALT	SCN8A	pathogenic_missense	ALT	pathogenic_missense
pathogenic_missense|SCN8A|802857|ALT	SCN8A	pathogenic_missense	ALT	pathogenic_missense
pathogenic_missense|SCN8A|2578022|ALT	SCN8A	pathogenic_missense	ALT	pathogenic_missense
pathogenic_missense|SCN8A|1047527|ALT	SCN8A	pathogenic_missense	ALT	pathogenic_missense
pathogenic_missense|SCN8A|2129007|ALT	SCN8A	pathogenic_missense	ALT	pathogenic_missense
pathogenic_missense|SCN8A|194402|ALT	SCN8A	pathogenic_missense	ALT	pathogenic_missense
pathogenic_missense|SCN8A|208500|ALT	SCN8A	pathogenic_missense	ALT	pathogenic_missense
pathogenic_missense|SCN8A|3337560|ALT	SCN8A	pathogenic_missense	ALT	pathogenic_missense
pathogenic_missense|SCN8A|1325768|ALT	SCN8A	pathogenic_missense	ALT	pathogenic_missense
pathogenic_missense|SCN8A|996906|ALT	SCN8A	pathogenic_missense	ALT	pathogenic_missense
pathogenic_missense|SCN8A|3063576|ALT	SCN8A	pathogenic_missense	ALT	pathogenic_missense
pathogenic_missense|SCN8A|982943|ALT	SCN8A	pathogenic_missense	ALT	pathogenic_missense
pathogenic_missense|SCN8A|240885|ALT	SCN8A	pathogenic_missense	ALT	pathogenic_missense
pathogenic_missense|SCN8A|427069|ALT	SCN8A	pathogenic_missense	ALT	pathogenic_missense
pathogenic_missense|SCN8A|4056851|ALT	SCN8A	pathogenic_missense	ALT	pathogenic_missense
pathogenic_missense|SCN8A|373333|ALT	SCN8A	pathogenic_missense	ALT	pathogenic_missense
pathogenic_missense|SCN8A|2820766|ALT	SCN8A	pathogenic_missense	ALT	pathogenic_missense
pathogenic_missense|SCN8A|207109|ALT	SCN8A	pathogenic_missense	ALT	pathogenic_missense
pathogenic_missense|SCN8A|253284|ALT	SCN8A	pathogenic_missense	ALT	pathogenic_missense
pathogenic_missense|SCN8A|4685498|ALT	SCN8A	pathogenic_missense	ALT	pathogenic_missense
pathogenic_missense|SCN8A|807679|ALT	SCN8A	pathogenic_missense	ALT	pathogenic_missense
pathogenic_missense|SCN8A|1526183|ALT	SCN8A	pathogenic_missense	ALT	pathogenic_missense
pathogenic_missense|SCN8A|135651|ALT	SCN8A	pathogenic_missense	ALT	pathogenic_missense
pathogenic_missense|SCN8A|4855563|ALT	SCN8A	pathogenic_missense	ALT	pathogenic_missense
pathogenic_missense|SCN8A|3391489|ALT	SCN8A	pathogenic_missense	ALT	pathogenic_missense
pathogenic_missense|SCN8A|4850190|ALT	SCN8A	pathogenic_missense	ALT	pathogenic_missense
pathogenic_missense|SCN8A|436672|ALT	SCN8A	pathogenic_missense	ALT	pathogenic_missense
pathogenic_missense|SCN8A|1005108|ALT	SCN8A	pathogenic_missense	ALT	pathogenic_missense
pathogenic_missense|SCN8A|2812823|ALT	SCN8A	pathogenic_missense	ALT	pathogenic_missense
pathogenic_missense|SCN8A|930337|ALT	SCN8A	pathogenic_missense	ALT	pathogenic_missense
pathogenic_missense|SCN8A|495260|ALT	SCN8A	pathogenic_missense	ALT	pathogenic_missense
pathogenic_missense|SCN8A|975769|ALT	SCN8A	pathogenic_missense	ALT	pathogenic_missense
pathogenic_missense|SCN8A|802858|ALT	SCN8A	pathogenic_missense	ALT	pathogenic_missense
pathogenic_missense|SCN8A|3897719|ALT	SCN8A	pathogenic_missense	ALT	pathogenic_missense
pathogenic_missense|SCN8A|870198|ALT	SCN8A	pathogenic_missense	ALT	pathogenic_missense
pathogenic_missense|SCN8A|657717|ALT	SCN8A	pathogenic_missense	ALT	pathogenic_missense
pathogenic_missense|SCN8A|1007517|ALT	SCN8A	pathogenic_missense	ALT	pathogenic_missense
pathogenic_missense|SCN8A|1721320|ALT	SCN8A	pathogenic_missense	ALT	pathogenic_missense
pathogenic_missense|SCN8A|217880|ALT	SCN8A	pathogenic_missense	ALT	pathogenic_missense
pathogenic_missense|SCN8A|2627813|ALT	SCN8A	pathogenic_missense	ALT	pathogenic_missense
pathogenic_missense|SCN8A|1802551|ALT	SCN8A	pathogenic_missense	ALT	pathogenic_missense
pathogenic_missense|SCN8A|1319789|ALT	SCN8A	pathogenic_missense	ALT	pathogenic_missense
pathogenic_missense|SCN8A|956913|ALT	SCN8A	pathogenic_missense	ALT	pathogenic_missense
pathogenic_missense|SCN8A|2664665|ALT	SCN8A	pathogenic_missense	ALT	pathogenic_missense
pathogenic_missense|SCN8A|691261|ALT	SCN8A	pathogenic_missense	ALT	pathogenic_missense
pathogenic_missense|SCN8A|2584400|ALT	SCN8A	pathogenic_missense	ALT	pathogenic_missense
pathogenic_missense|SCN8A|3359013|ALT	SCN8A	pathogenic_missense	ALT	pathogenic_missense
pathogenic_missense|SCN8A|4056325|ALT	SCN8A	pathogenic_missense	ALT	pathogenic_missense
pathogenic_missense|SCN8A|253287|ALT	SCN8A	pathogenic_missense	ALT	pathogenic_missense
pathogenic_missense|SCN8A|383545|ALT	SCN8A	pathogenic_missense	ALT	pathogenic_missense
pathogenic_missense|SCN8A|650755|ALT	SCN8A	pathogenic_missense	ALT	pathogenic_missense
pathogenic_missense|SCN8A|986260|ALT	SCN8A	pathogenic_missense	ALT	pathogenic_missense
pathogenic_missense|SCN8A|546250|ALT	SCN8A	pathogenic_missense	ALT	pathogenic_missense
pathogenic_missense|SCN8A|375522|ALT	SCN8A	pathogenic_missense	ALT	pathogenic_missense
pathogenic_missense|SCN8A|1803064|ALT	SCN8A	pathogenic_missense	ALT	pathogenic_missense
pathogenic_missense|SCN8A|521297|ALT	SCN8A	pathogenic_missense	ALT	pathogenic_missense
pathogenic_missense|SCN8A|3770212|ALT	SCN8A	pathogenic_missense	ALT	pathogenic_missense
pathogenic_missense|SCN8A|1997152|ALT	SCN8A	pathogenic_missense	ALT	pathogenic_missense
pathogenic_missense|SCN8A|574400|ALT	SCN8A	pathogenic_missense	ALT	pathogenic_missense
pathogenic_missense|SCN8A|192317|ALT	SCN8A	pathogenic_missense	ALT	pathogenic_missense
pathogenic_missense|SCN8A|1504766|ALT	SCN8A	pathogenic_missense	ALT	pathogenic_missense
pathogenic_missense|SCN8A|1377157|ALT	SCN8A	pathogenic_missense	ALT	pathogenic_missense
pathogenic_missense|SCN8A|4083413|ALT	SCN8A	pathogenic_missense	ALT	pathogenic_missense
pathogenic_missense|SCN8A|624624|ALT	SCN8A	pathogenic_missense	ALT	pathogenic_missense
pathogenic_missense|SCN8A|2505887|ALT	SCN8A	pathogenic_missense	ALT	pathogenic_missense
pathogenic_missense|SCN8A|1254380|ALT	SCN8A	pathogenic_missense	ALT	pathogenic_missense
pathogenic_missense|SCN8A|3366192|ALT	SCN8A	pathogenic_missense	ALT	pathogenic_missense
pathogenic_missense|SCN8A|1700412|ALT	SCN8A	pathogenic_missense	ALT	pathogenic_missense
pathogenic_missense|SCN8A|4686867|ALT	SCN8A	pathogenic_missense	ALT	pathogenic_missense
pathogenic_missense|SCN8A|3764159|ALT	SCN8A	pathogenic_missense	ALT	pathogenic_missense
pathogenic_missense|SCN8A|1068482|ALT	SCN8A	pathogenic_missense	ALT	pathogenic_missense
pathogenic_missense|SCN8A|432948|ALT	SCN8A	pathogenic_missense	ALT	pathogenic_missense
pathogenic_missense|SCN8A|642701|ALT	SCN8A	pathogenic_missense	ALT	pathogenic_missense
pathogenic_missense|SCN8A|4291098|ALT	SCN8A	pathogenic_missense	ALT	pathogenic_missense
pathogenic_missense|SCN8A|694309|ALT	SCN8A	pathogenic_missense	ALT	pathogenic_missense
pathogenic_missense|SCN8A|207117|ALT	SCN8A	pathogenic_missense	ALT	pathogenic_missense
pathogenic_missense|SCN8A|195688|ALT	SCN8A	pathogenic_missense	ALT	pathogenic_missense
pathogenic_missense|SCN8A|1472032|ALT	SCN8A	pathogenic_missense	ALT	pathogenic_missense
pathogenic_missense|SCN8A|4293410|ALT	SCN8A	pathogenic_missense	ALT	pathogenic_missense
pathogenic_missense|SCN8A|253288|ALT	SCN8A	pathogenic_missense	ALT	pathogenic_missense
pathogenic_missense|SCN8A|195689|ALT	SCN8A	pathogenic_missense	ALT	pathogenic_missense
pathogenic_missense|SCN8A|1721655|ALT	SCN8A	pathogenic_missense	ALT	pathogenic_missense
pathogenic_missense|SCN8A|60709|ALT	SCN8A	pathogenic_missense	ALT	pathogenic_missense
pathogenic_missense|SCN8A|1320055|ALT	SCN8A	pathogenic_missense	ALT	pathogenic_missense
pathogenic_missense|SCN8A|989260|ALT	SCN8A	pathogenic_missense	ALT	pathogenic_missense
pathogenic_missense|SCN8A|2572216|ALT	SCN8A	pathogenic_missense	ALT	pathogenic_missense
pathogenic_missense|SCN8A|643045|ALT	SCN8A	pathogenic_missense	ALT	pathogenic_missense
pathogenic_missense|SCN8A|1325767|ALT	SCN8A	pathogenic_missense	ALT	pathogenic_missense
pathogenic_missense|SCN8A|4528278|ALT	SCN8A	pathogenic_missense	ALT	pathogenic_missense
pathogenic_missense|SCN8A|565796|ALT	SCN8A	pathogenic_missense	ALT	pathogenic_missense
pathogenic_missense|SCN8A|1174109|ALT	SCN8A	pathogenic_missense	ALT	pathogenic_missense
pathogenic_missense|SCN8A|192318|ALT	SCN8A	pathogenic_missense	ALT	pathogenic_missense
pathogenic_missense|SCN8A|3337562|ALT	SCN8A	pathogenic_missense	ALT	pathogenic_missense
pathogenic_missense|SCN8A|2865484|ALT	SCN8A	pathogenic_missense	ALT	pathogenic_missense
pathogenic_missense|SCN8A|1206323|ALT	SCN8A	pathogenic_missense	ALT	pathogenic_missense
pathogenic_missense|SCN8A|1515093|ALT	SCN8A	pathogenic_missense	ALT	pathogenic_missense
pathogenic_missense|SCN8A|1285578|ALT	SCN8A	pathogenic_missense	ALT	pathogenic_missense
pathogenic_missense|SCN8A|934328|ALT	SCN8A	pathogenic_missense	ALT	pathogenic_missense
pathogenic_missense|SCN8A|3067598|ALT	SCN8A	pathogenic_missense	ALT	pathogenic_missense
pathogenic_missense|SCN8A|431135|ALT	SCN8A	pathogenic_missense	ALT	pathogenic_missense
pathogenic_missense|SCN8A|156108|ALT	SCN8A	pathogenic_missense	ALT	pathogenic_missense
pathogenic_missense|SCN8A|565622|ALT	SCN8A	pathogenic_missense	ALT	pathogenic_missense
pathogenic_missense|SCN8A|156107|ALT	SCN8A	pathogenic_missense	ALT	pathogenic_missense
pathogenic_missense|SCN8A|2907429|ALT	SCN8A	pathogenic_missense	ALT	pathogenic_missense
pathogenic_missense|SCN8A|1705830|ALT	SCN8A	pathogenic_missense	ALT	pathogenic_missense
pathogenic_missense|SCN8A|374375|ALT	SCN8A	pathogenic_missense	ALT	pathogenic_missense
pathogenic_missense|SCN8A|813735|ALT	SCN8A	pathogenic_missense	ALT	pathogenic_missense
pathogenic_missense|SCN8A|2690491|ALT	SCN8A	pathogenic_missense	ALT	pathogenic_missense
pathogenic_missense|SCN8A|1029253|ALT	SCN8A	pathogenic_missense	ALT	pathogenic_missense
pathogenic_missense|SCN8A|207119|ALT	SCN8A	pathogenic_missense	ALT	pathogenic_missense
pathogenic_missense|SCN8A|1345807|ALT	SCN8A	pathogenic_missense	ALT	pathogenic_missense
pathogenic_missense|SCN8A|3635206|ALT	SCN8A	pathogenic_missense	ALT	pathogenic_missense
pathogenic_missense|SCN8A|207120|ALT	SCN8A	pathogenic_missense	ALT	pathogenic_missense
pathogenic_missense|SCN8A|869447|ALT	SCN8A	pathogenic_missense	ALT	pathogenic_missense
pathogenic_missense|SCN8A|391391|ALT	SCN8A	pathogenic_missense	ALT	pathogenic_missense
pathogenic_missense|SCN8A|2831357|ALT	SCN8A	pathogenic_missense	ALT	pathogenic_missense
pathogenic_missense|SCN8A|3238817|ALT	SCN8A	pathogenic_missense	ALT	pathogenic_missense
pathogenic_missense|SCN8A|2851717|ALT	SCN8A	pathogenic_missense	ALT	pathogenic_missense
pathogenic_missense|SCN8A|253195|ALT	SCN8A	pathogenic_missense	ALT	pathogenic_missense
pathogenic_missense|SCN8A|2687749|ALT	SCN8A	pathogenic_missense	ALT	pathogenic_missense
pathogenic_missense|SCN8A|2663291|ALT	SCN8A	pathogenic_missense	ALT	pathogenic_missense
pathogenic_missense|SCN8A|3775645|ALT	SCN8A	pathogenic_missense	ALT	pathogenic_missense
pathogenic_missense|SCN8A|207123|ALT	SCN8A	pathogenic_missense	ALT	pathogenic_missense
pathogenic_missense|SCN8A|1482151|ALT	SCN8A	pathogenic_missense	ALT	pathogenic_missense
pathogenic_missense|SCN8A|377169|ALT	SCN8A	pathogenic_missense	ALT	pathogenic_missense
pathogenic_missense|SCN8A|4852878|ALT	SCN8A	pathogenic_missense	ALT	pathogenic_missense
pathogenic_missense|SCN8A|1354780|ALT	SCN8A	pathogenic_missense	ALT	pathogenic_missense
pathogenic_missense|SCN8A|1346284|ALT	SCN8A	pathogenic_missense	ALT	pathogenic_missense
pathogenic_missense|SCN8A|1216663|ALT	SCN8A	pathogenic_missense	ALT	pathogenic_missense
pathogenic_missense|SCN8A|4801286|ALT	SCN8A	pathogenic_missense	ALT	pathogenic_missense
pathogenic_missense|SCN8A|1346826|ALT	SCN8A	pathogenic_missense	ALT	pathogenic_missense
pathogenic_missense|SCN8A|3340911|ALT	SCN8A	pathogenic_missense	ALT	pathogenic_missense
pathogenic_missense|SCN8A|3377217|ALT	SCN8A	pathogenic_missense	ALT	pathogenic_missense
pathogenic_missense|SCN8A|130249|ALT	SCN8A	pathogenic_missense	ALT	pathogenic_missense
pathogenic_missense|SCN8A|3375774|ALT	SCN8A	pathogenic_missense	ALT	pathogenic_missense
pathogenic_missense|SCN8A|3370500|ALT	SCN8A	pathogenic_missense	ALT	pathogenic_missense
pathogenic_missense|SCN8A|253290|ALT	SCN8A	pathogenic_missense	ALT	pathogenic_missense
pathogenic_missense|SCN8A|573377|ALT	SCN8A	pathogenic_missense	ALT	pathogenic_missense
pathogenic_missense|SCN8A|2501688|ALT	SCN8A	pathogenic_missense	ALT	pathogenic_missense
pathogenic_missense|SCN8A|156106|ALT	SCN8A	pathogenic_missense	ALT	pathogenic_missense
pathogenic_missense|SCN8A|976197|ALT	SCN8A	pathogenic_missense	ALT	pathogenic_missense
pathogenic_missense|SCN8A|4812133|ALT	SCN8A	pathogenic_missense	ALT	pathogenic_missense
pathogenic_missense|SCN8A|225100|ALT	SCN8A	pathogenic_missense	ALT	pathogenic_missense
pathogenic_missense|SCN8A|253292|ALT	SCN8A	pathogenic_missense	ALT	pathogenic_missense
pathogenic_missense|SCN8A|3635209|ALT	SCN8A	pathogenic_missense	ALT	pathogenic_missense
pathogenic_missense|SCN8A|520653|ALT	SCN8A	pathogenic_missense	ALT	pathogenic_missense
pathogenic_missense|SCN8A|1803067|ALT	SCN8A	pathogenic_missense	ALT	pathogenic_missense
pathogenic_missense|SCN8A|383440|ALT	SCN8A	pathogenic_missense	ALT	pathogenic_missense
pathogenic_missense|SCN8A|4864180|ALT	SCN8A	pathogenic_missense	ALT	pathogenic_missense
pathogenic_missense|SCN8A|1686172|ALT	SCN8A	pathogenic_missense	ALT	pathogenic_missense
pathogenic_missense|SCN8A|290005|ALT	SCN8A	pathogenic_missense	ALT	pathogenic_missense
pathogenic_missense|SCN8A|429498|ALT	SCN8A	pathogenic_missense	ALT	pathogenic_missense
pathogenic_missense|SCN8A|964412|ALT	SCN8A	pathogenic_missense	ALT	pathogenic_missense
pathogenic_missense|SCN8A|2852598|ALT	SCN8A	pathogenic_missense	ALT	pathogenic_missense
pathogenic_missense|SCN8A|802860|ALT	SCN8A	pathogenic_missense	ALT	pathogenic_missense
pathogenic_missense|SCN8A|450347|ALT	SCN8A	pathogenic_missense	ALT	pathogenic_missense
pathogenic_missense|SCN8A|2735862|ALT	SCN8A	pathogenic_missense	ALT	pathogenic_missense
pathogenic_missense|SCN8A|427167|ALT	SCN8A	pathogenic_missense	ALT	pathogenic_missense
pathogenic_missense|SCN8A|691254|ALT	SCN8A	pathogenic_missense	ALT	pathogenic_missense
pathogenic_missense|SCN8A|3635210|ALT	SCN8A	pathogenic_missense	ALT	pathogenic_missense
pathogenic_missense|SCN8A|1098394|ALT	SCN8A	pathogenic_missense	ALT	pathogenic_missense
pathogenic_missense|SCN8A|1298546|ALT	SCN8A	pathogenic_missense	ALT	pathogenic_missense
pathogenic_missense|SCN8A|812774|ALT	SCN8A	pathogenic_missense	ALT	pathogenic_missense
pathogenic_missense|SCN8A|1007610|ALT	SCN8A	pathogenic_missense	ALT	pathogenic_missense
pathogenic_missense|SCN8A|2001117|ALT	SCN8A	pathogenic_missense	ALT	pathogenic_missense
pathogenic_missense|SCN8A|4073673|ALT	SCN8A	pathogenic_missense	ALT	pathogenic_missense
pathogenic_missense|SCN8A|2828198|ALT	SCN8A	pathogenic_missense	ALT	pathogenic_missense
pathogenic_missense|SCN8A|1685436|ALT	SCN8A	pathogenic_missense	ALT	pathogenic_missense
pathogenic_missense|SCN8A|253294|ALT	SCN8A	pathogenic_missense	ALT	pathogenic_missense
pathogenic_missense|SCN8A|2839267|ALT	SCN8A	pathogenic_missense	ALT	pathogenic_missense
pathogenic_missense|SCN8A|836368|ALT	SCN8A	pathogenic_missense	ALT	pathogenic_missense
pathogenic_missense|SCN8A|1320078|ALT	SCN8A	pathogenic_missense	ALT	pathogenic_missense
pathogenic_missense|SCN8A|207127|ALT	SCN8A	pathogenic_missense	ALT	pathogenic_missense
pathogenic_missense|SCN8A|3906519|ALT	SCN8A	pathogenic_missense	ALT	pathogenic_missense
pathogenic_missense|SCN8A|3359076|ALT	SCN8A	pathogenic_missense	ALT	pathogenic_missense
pathogenic_missense|SCN8A|1064808|ALT	SCN8A	pathogenic_missense	ALT	pathogenic_missense
pathogenic_missense|SCN8A|1183709|ALT	SCN8A	pathogenic_missense	ALT	pathogenic_missense
pathogenic_missense|SCN8A|623637|ALT	SCN8A	pathogenic_missense	ALT	pathogenic_missense
pathogenic_missense|SCN8A|559650|ALT	SCN8A	pathogenic_missense	ALT	pathogenic_missense
pathogenic_missense|SCN8A|224126|ALT	SCN8A	pathogenic_missense	ALT	pathogenic_missense
pathogenic_missense|SCN8A|935285|ALT	SCN8A	pathogenic_missense	ALT	pathogenic_missense
pathogenic_missense|SCN8A|521651|ALT	SCN8A	pathogenic_missense	ALT	pathogenic_missense
pathogenic_missense|SCN8A|3254875|ALT	SCN8A	pathogenic_missense	ALT	pathogenic_missense
pathogenic_missense|SCN8A|2499548|ALT	SCN8A	pathogenic_missense	ALT	pathogenic_missense
pathogenic_missense|SCN8A|4292416|ALT	SCN8A	pathogenic_missense	ALT	pathogenic_missense
pathogenic_missense|SCN8A|1031807|ALT	SCN8A	pathogenic_missense	ALT	pathogenic_missense
pathogenic_missense|SCN8A|30123|ALT	SCN8A	pathogenic_missense	ALT	pathogenic_missense
pathogenic_missense|SCN8A|4685081|ALT	SCN8A	pathogenic_missense	ALT	pathogenic_missense
pathogenic_missense|SCN8A|973303|ALT	SCN8A	pathogenic_missense	ALT	pathogenic_missense
pathogenic_missense|SCN8A|430208|ALT	SCN8A	pathogenic_missense	ALT	pathogenic_missense
pathogenic_missense|SCN8A|4293383|ALT	SCN8A	pathogenic_missense	ALT	pathogenic_missense
pathogenic_missense|SCN8A|253295|ALT	SCN8A	pathogenic_missense	ALT	pathogenic_missense
pathogenic_missense|SCN8A|1056257|ALT	SCN8A	pathogenic_missense	ALT	pathogenic_missense
pathogenic_missense|SCN8A|4681338|ALT	SCN8A	pathogenic_missense	ALT	pathogenic_missense
pathogenic_missense|SCN8A|813773|ALT	SCN8A	pathogenic_missense	ALT	pathogenic_missense
pathogenic_missense|SCN8A|1505439|ALT	SCN8A	pathogenic_missense	ALT	pathogenic_missense
pathogenic_missense|SCN8A|420831|ALT	SCN8A	pathogenic_missense	ALT	pathogenic_missense
pathogenic_missense|SCN8A|426434|ALT	SCN8A	pathogenic_missense	ALT	pathogenic_missense
pathogenic_missense|SCN8A|207131|ALT	SCN8A	pathogenic_missense	ALT	pathogenic_missense
pathogenic_missense|SCN8A|253297|ALT	SCN8A	pathogenic_missense	ALT	pathogenic_missense
pathogenic_missense|SCN8A|4871762|ALT	SCN8A	pathogenic_missense	ALT	pathogenic_missense
pathogenic_missense|SCN8A|207132|ALT	SCN8A	pathogenic_missense	ALT	pathogenic_missense
pathogenic_missense|SCN8A|4739097|ALT	SCN8A	pathogenic_missense	ALT	pathogenic_missense
pathogenic_missense|SCN8A|2810214|ALT	SCN8A	pathogenic_missense	ALT	pathogenic_missense
pathogenic_missense|SCN8A|2430619|ALT	SCN8A	pathogenic_missense	ALT	pathogenic_missense
pathogenic_missense|SCN8A|839506|ALT	SCN8A	pathogenic_missense	ALT	pathogenic_missense
pathogenic_missense|SCN8A|2008823|ALT	SCN8A	pathogenic_missense	ALT	pathogenic_missense
pathogenic_missense|AKT1|40163|ALT	AKT1	pathogenic_missense	ALT	pathogenic_missense
pathogenic_missense|AKT1|40162|ALT	AKT1	pathogenic_missense	ALT	pathogenic_missense
pathogenic_missense|AKT1|13983|ALT	AKT1	pathogenic_missense	ALT	pathogenic_missense
pathogenic_missense|STAT3|224848|ALT	STAT3	pathogenic_missense	ALT	pathogenic_missense
pathogenic_missense|STAT3|421171|ALT	STAT3	pathogenic_missense	ALT	pathogenic_missense
pathogenic_missense|STAT3|1005984|ALT	STAT3	pathogenic_missense	ALT	pathogenic_missense
pathogenic_missense|STAT3|1929511|ALT	STAT3	pathogenic_missense	ALT	pathogenic_missense
pathogenic_missense|STAT3|4820162|ALT	STAT3	pathogenic_missense	ALT	pathogenic_missense
pathogenic_missense|STAT3|2940006|ALT	STAT3	pathogenic_missense	ALT	pathogenic_missense
pathogenic_missense|STAT3|3759433|ALT	STAT3	pathogenic_missense	ALT	pathogenic_missense
pathogenic_missense|STAT3|36791|ALT	STAT3	pathogenic_missense	ALT	pathogenic_missense
pathogenic_missense|STAT3|803390|ALT	STAT3	pathogenic_missense	ALT	pathogenic_missense
pathogenic_missense|STAT3|430388|ALT	STAT3	pathogenic_missense	ALT	pathogenic_missense
pathogenic_missense|STAT3|449411|ALT	STAT3	pathogenic_missense	ALT	pathogenic_missense
pathogenic_missense|STAT3|1339186|ALT	STAT3	pathogenic_missense	ALT	pathogenic_missense
pathogenic_missense|STAT3|429592|ALT	STAT3	pathogenic_missense	ALT	pathogenic_missense
pathogenic_missense|STAT3|1429110|ALT	STAT3	pathogenic_missense	ALT	pathogenic_missense
pathogenic_missense|STAT3|2138011|ALT	STAT3	pathogenic_missense	ALT	pathogenic_missense
pathogenic_missense|STAT3|946676|ALT	STAT3	pathogenic_missense	ALT	pathogenic_missense
pathogenic_missense|STAT3|224850|ALT	STAT3	pathogenic_missense	ALT	pathogenic_missense
pathogenic_missense|STAT3|224845|ALT	STAT3	pathogenic_missense	ALT	pathogenic_missense
pathogenic_missense|STAT3|3759434|ALT	STAT3	pathogenic_missense	ALT	pathogenic_missense
pathogenic_missense|STAT3|265261|ALT	STAT3	pathogenic_missense	ALT	pathogenic_missense
pathogenic_missense|STAT3|495061|ALT	STAT3	pathogenic_missense	ALT	pathogenic_missense
pathogenic_missense|STAT3|977089|ALT	STAT3	pathogenic_missense	ALT	pathogenic_missense
pathogenic_missense|STAT3|144032|ALT	STAT3	pathogenic_missense	ALT	pathogenic_missense
pathogenic_missense|STAT3|973671|ALT	STAT3	pathogenic_missense	ALT	pathogenic_missense
pathogenic_missense|STAT3|36790|ALT	STAT3	pathogenic_missense	ALT	pathogenic_missense
pathogenic_missense|STAT3|424347|ALT	STAT3	pathogenic_missense	ALT	pathogenic_missense
pathogenic_missense|STAT3|144031|ALT	STAT3	pathogenic_missense	ALT	pathogenic_missense
pathogenic_missense|STAT3|2169593|ALT	STAT3	pathogenic_missense	ALT	pathogenic_missense
pathogenic_missense|STAT3|1067430|ALT	STAT3	pathogenic_missense	ALT	pathogenic_missense
pathogenic_missense|STAT3|3390956|ALT	STAT3	pathogenic_missense	ALT	pathogenic_missense
pathogenic_missense|STAT3|1429145|ALT	STAT3	pathogenic_missense	ALT	pathogenic_missense
pathogenic_missense|STAT3|2138013|ALT	STAT3	pathogenic_missense	ALT	pathogenic_missense
pathogenic_missense|STAT3|1705748|ALT	STAT3	pathogenic_missense	ALT	pathogenic_missense
pathogenic_missense|STAT3|2138014|ALT	STAT3	pathogenic_missense	ALT	pathogenic_missense
pathogenic_missense|STAT3|4783063|ALT	STAT3	pathogenic_missense	ALT	pathogenic_missense
pathogenic_missense|STAT3|18308|ALT	STAT3	pathogenic_missense	ALT	pathogenic_missense
pathogenic_missense|STAT3|2925614|ALT	STAT3	pathogenic_missense	ALT	pathogenic_missense
pathogenic_missense|STAT3|2138015|ALT	STAT3	pathogenic_missense	ALT	pathogenic_missense
pathogenic_missense|STAT3|191078|ALT	STAT3	pathogenic_missense	ALT	pathogenic_missense
pathogenic_missense|STAT3|2138016|ALT	STAT3	pathogenic_missense	ALT	pathogenic_missense
pathogenic_missense|STAT3|432937|ALT	STAT3	pathogenic_missense	ALT	pathogenic_missense
pathogenic_missense|STAT3|4783824|ALT	STAT3	pathogenic_missense	ALT	pathogenic_missense
pathogenic_missense|STAT3|2138017|ALT	STAT3	pathogenic_missense	ALT	pathogenic_missense
pathogenic_missense|STAT3|1068485|ALT	STAT3	pathogenic_missense	ALT	pathogenic_missense
pathogenic_missense|STAT3|1804643|ALT	STAT3	pathogenic_missense	ALT	pathogenic_missense
pathogenic_missense|STAT3|430904|ALT	STAT3	pathogenic_missense	ALT	pathogenic_missense
pathogenic_missense|STAT3|421084|ALT	STAT3	pathogenic_missense	ALT	pathogenic_missense
pathogenic_missense|STAT3|636585|ALT	STAT3	pathogenic_missense	ALT	pathogenic_missense
pathogenic_missense|STAT3|36789|ALT	STAT3	pathogenic_missense	ALT	pathogenic_missense
pathogenic_missense|STAT3|424041|ALT	STAT3	pathogenic_missense	ALT	pathogenic_missense
pathogenic_missense|STAT3|1012305|ALT	STAT3	pathogenic_missense	ALT	pathogenic_missense
pathogenic_missense|STAT3|4536256|ALT	STAT3	pathogenic_missense	ALT	pathogenic_missense
pathogenic_missense|STAT3|378672|ALT	STAT3	pathogenic_missense	ALT	pathogenic_missense
pathogenic_missense|STAT3|418505|ALT	STAT3	pathogenic_missense	ALT	pathogenic_missense
pathogenic_missense|STAT3|381595|ALT	STAT3	pathogenic_missense	ALT	pathogenic_missense
pathogenic_missense|STAT3|664121|ALT	STAT3	pathogenic_missense	ALT	pathogenic_missense
pathogenic_missense|STAT3|976227|ALT	STAT3	pathogenic_missense	ALT	pathogenic_missense
pathogenic_missense|STAT3|3391073|ALT	STAT3	pathogenic_missense	ALT	pathogenic_missense
pathogenic_missense|STAT3|18306|ALT	STAT3	pathogenic_missense	ALT	pathogenic_missense
pathogenic_missense|STAT3|4821591|ALT	STAT3	pathogenic_missense	ALT	pathogenic_missense
pathogenic_missense|STAT3|224844|ALT	STAT3	pathogenic_missense	ALT	pathogenic_missense
pathogenic_missense|STAT3|224849|ALT	STAT3	pathogenic_missense	ALT	pathogenic_missense
pathogenic_missense|STAT3|546793|ALT	STAT3	pathogenic_missense	ALT	pathogenic_missense
pathogenic_missense|STAT3|36784|ALT	STAT3	pathogenic_missense	ALT	pathogenic_missense
pathogenic_missense|STAT3|2498705|ALT	STAT3	pathogenic_missense	ALT	pathogenic_missense
pathogenic_missense|STAT3|1039785|ALT	STAT3	pathogenic_missense	ALT	pathogenic_missense
pathogenic_missense|STAT3|1067042|ALT	STAT3	pathogenic_missense	ALT	pathogenic_missense
pathogenic_missense|STAT3|2925616|ALT	STAT3	pathogenic_missense	ALT	pathogenic_missense
pathogenic_missense|STAT3|1176687|ALT	STAT3	pathogenic_missense	ALT	pathogenic_missense
pathogenic_missense|STAT3|144030|ALT	STAT3	pathogenic_missense	ALT	pathogenic_missense
pathogenic_missense|STAT3|64689|ALT	STAT3	pathogenic_missense	ALT	pathogenic_missense
pathogenic_missense|STAT3|948861|ALT	STAT3	pathogenic_missense	ALT	pathogenic_missense
pathogenic_missense|STAT3|18307|ALT	STAT3	pathogenic_missense	ALT	pathogenic_missense
pathogenic_missense|STAT3|2099076|ALT	STAT3	pathogenic_missense	ALT	pathogenic_missense
pathogenic_missense|STAT3|18305|ALT	STAT3	pathogenic_missense	ALT	pathogenic_missense
pathogenic_missense|STAT3|18304|ALT	STAT3	pathogenic_missense	ALT	pathogenic_missense
pathogenic_missense|STAT3|808268|ALT	STAT3	pathogenic_missense	ALT	pathogenic_missense
pathogenic_missense|STAT3|1398166|ALT	STAT3	pathogenic_missense	ALT	pathogenic_missense
pathogenic_missense|STAT3|3239432|ALT	STAT3	pathogenic_missense	ALT	pathogenic_missense
pathogenic_missense|STAT3|224847|ALT	STAT3	pathogenic_missense	ALT	pathogenic_missense
pathogenic_missense|STAT3|224843|ALT	STAT3	pathogenic_missense	ALT	pathogenic_missense
pathogenic_missense|STAT3|429432|ALT	STAT3	pathogenic_missense	ALT	pathogenic_missense
pathogenic_missense|STAT3|2635216|ALT	STAT3	pathogenic_missense	ALT	pathogenic_missense
pathogenic_missense|STAT3|36783|ALT	STAT3	pathogenic_missense	ALT	pathogenic_missense
pathogenic_missense|STAT3|2308162|ALT	STAT3	pathogenic_missense	ALT	pathogenic_missense
pathogenic_missense|STAT3|1701323|ALT	STAT3	pathogenic_missense	ALT	pathogenic_missense
pathogenic_missense|STAT3|427058|ALT	STAT3	pathogenic_missense	ALT	pathogenic_missense
pathogenic_missense|STAT3|1800571|ALT	STAT3	pathogenic_missense	ALT	pathogenic_missense
pathogenic_missense|STAT3|476197|ALT	STAT3	pathogenic_missense	ALT	pathogenic_missense
pathogenic_missense|STAT3|1804642|ALT	STAT3	pathogenic_missense	ALT	pathogenic_missense
pathogenic_missense|STAT3|1470407|ALT	STAT3	pathogenic_missense	ALT	pathogenic_missense
pathogenic_missense|STAT3|850251|ALT	STAT3	pathogenic_missense	ALT	pathogenic_missense
pathogenic_missense|STAT3|450010|ALT	STAT3	pathogenic_missense	ALT	pathogenic_missense
pathogenic_missense|STAT3|224846|ALT	STAT3	pathogenic_missense	ALT	pathogenic_missense
pathogenic_missense|STAT3|566510|ALT	STAT3	pathogenic_missense	ALT	pathogenic_missense
pathogenic_missense|COL1A1|17332|ALT	COL1A1	pathogenic_missense	ALT	pathogenic_missense
pathogenic_missense|COL1A1|4081260|ALT	COL1A1	pathogenic_missense	ALT	pathogenic_missense
pathogenic_missense|COL1A1|1492151|ALT	COL1A1	pathogenic_missense	ALT	pathogenic_missense
pathogenic_missense|COL1A1|3061969|ALT	COL1A1	pathogenic_missense	ALT	pathogenic_missense
pathogenic_missense|COL1A1|4057242|ALT	COL1A1	pathogenic_missense	ALT	pathogenic_missense
pathogenic_missense|COL1A1|431035|ALT	COL1A1	pathogenic_missense	ALT	pathogenic_missense
pathogenic_missense|COL1A1|953286|ALT	COL1A1	pathogenic_missense	ALT	pathogenic_missense
pathogenic_missense|COL1A1|850851|ALT	COL1A1	pathogenic_missense	ALT	pathogenic_missense
pathogenic_missense|COL1A1|439498|ALT	COL1A1	pathogenic_missense	ALT	pathogenic_missense
pathogenic_missense|COL1A1|425629|ALT	COL1A1	pathogenic_missense	ALT	pathogenic_missense
pathogenic_missense|COL1A1|1332991|ALT	COL1A1	pathogenic_missense	ALT	pathogenic_missense
pathogenic_missense|COL1A1|949210|ALT	COL1A1	pathogenic_missense	ALT	pathogenic_missense
pathogenic_missense|COL1A1|4075331|ALT	COL1A1	pathogenic_missense	ALT	pathogenic_missense
pathogenic_missense|COL1A1|2138065|ALT	COL1A1	pathogenic_missense	ALT	pathogenic_missense
pathogenic_missense|COL1A1|1332872|ALT	COL1A1	pathogenic_missense	ALT	pathogenic_missense
pathogenic_missense|COL1A1|842026|ALT	COL1A1	pathogenic_missense	ALT	pathogenic_missense
pathogenic_missense|COL1A1|41470|ALT	COL1A1	pathogenic_missense	ALT	pathogenic_missense
pathogenic_missense|COL1A1|1687324|ALT	COL1A1	pathogenic_missense	ALT	pathogenic_missense
pathogenic_missense|COL1A1|2032277|ALT	COL1A1	pathogenic_missense	ALT	pathogenic_missense
pathogenic_missense|COL1A1|3706479|ALT	COL1A1	pathogenic_missense	ALT	pathogenic_missense
pathogenic_missense|COL1A1|995279|ALT	COL1A1	pathogenic_missense	ALT	pathogenic_missense
pathogenic_missense|COL1A1|4057243|ALT	COL1A1	pathogenic_missense	ALT	pathogenic_missense
pathogenic_missense|COL1A1|2498126|ALT	COL1A1	pathogenic_missense	ALT	pathogenic_missense
pathogenic_missense|COL1A1|1063789|ALT	COL1A1	pathogenic_missense	ALT	pathogenic_missense
pathogenic_missense|COL1A1|2626750|ALT	COL1A1	pathogenic_missense	ALT	pathogenic_missense
pathogenic_missense|COL1A1|17335|ALT	COL1A1	pathogenic_missense	ALT	pathogenic_missense
pathogenic_missense|COL1A1|425627|ALT	COL1A1	pathogenic_missense	ALT	pathogenic_missense
pathogenic_missense|COL1A1|3912057|ALT	COL1A1	pathogenic_missense	ALT	pathogenic_missense
pathogenic_missense|COL1A1|456782|ALT	COL1A1	pathogenic_missense	ALT	pathogenic_missense
pathogenic_missense|COL1A1|1341494|ALT	COL1A1	pathogenic_missense	ALT	pathogenic_missense
pathogenic_missense|COL1A1|1455998|ALT	COL1A1	pathogenic_missense	ALT	pathogenic_missense
pathogenic_missense|COL1A1|3384396|ALT	COL1A1	pathogenic_missense	ALT	pathogenic_missense
pathogenic_missense|COL1A1|1188550|ALT	COL1A1	pathogenic_missense	ALT	pathogenic_missense
pathogenic_missense|COL1A1|2907526|ALT	COL1A1	pathogenic_missense	ALT	pathogenic_missense
pathogenic_missense|COL1A1|852121|ALT	COL1A1	pathogenic_missense	ALT	pathogenic_missense
pathogenic_missense|COL1A1|425626|ALT	COL1A1	pathogenic_missense	ALT	pathogenic_missense
pathogenic_missense|COL1A1|425625|ALT	COL1A1	pathogenic_missense	ALT	pathogenic_missense
pathogenic_missense|COL1A1|1192753|ALT	COL1A1	pathogenic_missense	ALT	pathogenic_missense
pathogenic_missense|COL1A1|425622|ALT	COL1A1	pathogenic_missense	ALT	pathogenic_missense
pathogenic_missense|COL1A1|2819030|ALT	COL1A1	pathogenic_missense	ALT	pathogenic_missense
pathogenic_missense|COL1A1|429696|ALT	COL1A1	pathogenic_missense	ALT	pathogenic_missense
pathogenic_missense|COL1A1|853496|ALT	COL1A1	pathogenic_missense	ALT	pathogenic_missense
pathogenic_missense|COL1A1|456776|ALT	COL1A1	pathogenic_missense	ALT	pathogenic_missense
pathogenic_missense|COL1A1|1070188|ALT	COL1A1	pathogenic_missense	ALT	pathogenic_missense
pathogenic_missense|COL1A1|1732668|ALT	COL1A1	pathogenic_missense	ALT	pathogenic_missense
pathogenic_missense|COL1A1|17302|ALT	COL1A1	pathogenic_missense	ALT	pathogenic_missense
pathogenic_missense|COL1A1|17317|ALT	COL1A1	pathogenic_missense	ALT	pathogenic_missense
pathogenic_missense|COL1A1|871161|ALT	COL1A1	pathogenic_missense	ALT	pathogenic_missense
pathogenic_missense|COL1A1|17313|ALT	COL1A1	pathogenic_missense	ALT	pathogenic_missense
pathogenic_missense|COL1A1|1330680|ALT	COL1A1	pathogenic_missense	ALT	pathogenic_missense
pathogenic_missense|COL1A1|4282006|ALT	COL1A1	pathogenic_missense	ALT	pathogenic_missense
pathogenic_missense|COL1A1|4854555|ALT	COL1A1	pathogenic_missense	ALT	pathogenic_missense
pathogenic_missense|COL1A1|3347564|ALT	COL1A1	pathogenic_missense	ALT	pathogenic_missense
pathogenic_missense|COL1A1|4710400|ALT	COL1A1	pathogenic_missense	ALT	pathogenic_missense
pathogenic_missense|COL1A1|425589|ALT	COL1A1	pathogenic_missense	ALT	pathogenic_missense
pathogenic_missense|COL1A1|17301|ALT	COL1A1	pathogenic_missense	ALT	pathogenic_missense
pathogenic_missense|COL1A1|655548|ALT	COL1A1	pathogenic_missense	ALT	pathogenic_missense
pathogenic_missense|COL1A1|582248|ALT	COL1A1	pathogenic_missense	ALT	pathogenic_missense
pathogenic_missense|COL1A1|265680|ALT	COL1A1	pathogenic_missense	ALT	pathogenic_missense
pathogenic_missense|COL1A1|1076168|ALT	COL1A1	pathogenic_missense	ALT	pathogenic_missense
pathogenic_missense|COL1A1|993759|ALT	COL1A1	pathogenic_missense	ALT	pathogenic_missense
pathogenic_missense|COL1A1|1494066|ALT	COL1A1	pathogenic_missense	ALT	pathogenic_missense
pathogenic_missense|COL1A1|17318|ALT	COL1A1	pathogenic_missense	ALT	pathogenic_missense
pathogenic_missense|COL1A1|854172|ALT	COL1A1	pathogenic_missense	ALT	pathogenic_missense
pathogenic_missense|COL1A1|431028|ALT	COL1A1	pathogenic_missense	ALT	pathogenic_missense
pathogenic_missense|COL1A1|1710022|ALT	COL1A1	pathogenic_missense	ALT	pathogenic_missense
pathogenic_missense|COL1A1|3634720|ALT	COL1A1	pathogenic_missense	ALT	pathogenic_missense
pathogenic_missense|COL1A1|4800884|ALT	COL1A1	pathogenic_missense	ALT	pathogenic_missense
pathogenic_missense|COL1A1|590989|ALT	COL1A1	pathogenic_missense	ALT	pathogenic_missense
pathogenic_missense|COL1A1|423568|ALT	COL1A1	pathogenic_missense	ALT	pathogenic_missense
pathogenic_missense|COL1A1|280756|ALT	COL1A1	pathogenic_missense	ALT	pathogenic_missense
pathogenic_missense|COL1A1|456769|ALT	COL1A1	pathogenic_missense	ALT	pathogenic_missense
pathogenic_missense|COL1A1|546561|ALT	COL1A1	pathogenic_missense	ALT	pathogenic_missense
pathogenic_missense|COL1A1|1029481|ALT	COL1A1	pathogenic_missense	ALT	pathogenic_missense
pathogenic_missense|COL1A1|573411|ALT	COL1A1	pathogenic_missense	ALT	pathogenic_missense
pathogenic_missense|COL1A1|546562|ALT	COL1A1	pathogenic_missense	ALT	pathogenic_missense
pathogenic_missense|COL1A1|993579|ALT	COL1A1	pathogenic_missense	ALT	pathogenic_missense
pathogenic_missense|COL1A1|2538173|ALT	COL1A1	pathogenic_missense	ALT	pathogenic_missense
pathogenic_missense|COL1A1|4531238|ALT	COL1A1	pathogenic_missense	ALT	pathogenic_missense
pathogenic_missense|COL1A1|1332992|ALT	COL1A1	pathogenic_missense	ALT	pathogenic_missense
pathogenic_missense|COL1A1|3602941|ALT	COL1A1	pathogenic_missense	ALT	pathogenic_missense
pathogenic_missense|COL1A1|1324104|ALT	COL1A1	pathogenic_missense	ALT	pathogenic_missense
pathogenic_missense|COL1A1|17300|ALT	COL1A1	pathogenic_missense	ALT	pathogenic_missense
pathogenic_missense|COL1A1|4855472|ALT	COL1A1	pathogenic_missense	ALT	pathogenic_missense
pathogenic_missense|COL1A1|17299|ALT	COL1A1	pathogenic_missense	ALT	pathogenic_missense
pathogenic_missense|COL1A1|3912061|ALT	COL1A1	pathogenic_missense	ALT	pathogenic_missense
pathogenic_missense|COL1A1|17322|ALT	COL1A1	pathogenic_missense	ALT	pathogenic_missense
pathogenic_missense|COL1A1|4850699|ALT	COL1A1	pathogenic_missense	ALT	pathogenic_missense
pathogenic_missense|COL1A1|4796591|ALT	COL1A1	pathogenic_missense	ALT	pathogenic_missense
pathogenic_missense|COL1A1|425618|ALT	COL1A1	pathogenic_missense	ALT	pathogenic_missense
pathogenic_missense|COL1A1|1701978|ALT	COL1A1	pathogenic_missense	ALT	pathogenic_missense
pathogenic_missense|COL1A1|373106|ALT	COL1A1	pathogenic_missense	ALT	pathogenic_missense
pathogenic_missense|COL1A1|2430178|ALT	COL1A1	pathogenic_missense	ALT	pathogenic_missense
pathogenic_missense|COL1A1|691322|ALT	COL1A1	pathogenic_missense	ALT	pathogenic_missense
pathogenic_missense|COL1A1|17298|ALT	COL1A1	pathogenic_missense	ALT	pathogenic_missense
pathogenic_missense|COL1A1|4078183|ALT	COL1A1	pathogenic_missense	ALT	pathogenic_missense
pathogenic_missense|COL1A1|987143|ALT	COL1A1	pathogenic_missense	ALT	pathogenic_missense
pathogenic_missense|COL1A1|2159543|ALT	COL1A1	pathogenic_missense	ALT	pathogenic_missense
pathogenic_missense|COL1A1|3344663|ALT	COL1A1	pathogenic_missense	ALT	pathogenic_missense
pathogenic_missense|COL1A1|3722863|ALT	COL1A1	pathogenic_missense	ALT	pathogenic_missense
pathogenic_missense|COL1A1|975883|ALT	COL1A1	pathogenic_missense	ALT	pathogenic_missense
pathogenic_missense|COL1A1|289228|ALT	COL1A1	pathogenic_missense	ALT	pathogenic_missense
pathogenic_missense|COL1A1|1806458|ALT	COL1A1	pathogenic_missense	ALT	pathogenic_missense
pathogenic_missense|COL1A1|3835085|ALT	COL1A1	pathogenic_missense	ALT	pathogenic_missense
pathogenic_missense|COL1A1|17330|ALT	COL1A1	pathogenic_missense	ALT	pathogenic_missense
pathogenic_missense|COL1A1|3255125|ALT	COL1A1	pathogenic_missense	ALT	pathogenic_missense
pathogenic_missense|COL1A1|4075330|ALT	COL1A1	pathogenic_missense	ALT	pathogenic_missense
pathogenic_missense|COL1A1|2506860|ALT	COL1A1	pathogenic_missense	ALT	pathogenic_missense
pathogenic_missense|COL1A1|17297|ALT	COL1A1	pathogenic_missense	ALT	pathogenic_missense
pathogenic_missense|COL1A1|420061|ALT	COL1A1	pathogenic_missense	ALT	pathogenic_missense
pathogenic_missense|COL1A1|499457|ALT	COL1A1	pathogenic_missense	ALT	pathogenic_missense
pathogenic_missense|COL1A1|1343415|ALT	COL1A1	pathogenic_missense	ALT	pathogenic_missense
pathogenic_missense|COL1A1|17296|ALT	COL1A1	pathogenic_missense	ALT	pathogenic_missense
pathogenic_missense|COL1A1|1220206|ALT	COL1A1	pathogenic_missense	ALT	pathogenic_missense
pathogenic_missense|COL1A1|626346|ALT	COL1A1	pathogenic_missense	ALT	pathogenic_missense
pathogenic_missense|COL1A1|1708454|ALT	COL1A1	pathogenic_missense	ALT	pathogenic_missense
pathogenic_missense|COL1A1|453146|ALT	COL1A1	pathogenic_missense	ALT	pathogenic_missense
pathogenic_missense|COL1A1|17347|ALT	COL1A1	pathogenic_missense	ALT	pathogenic_missense
pathogenic_missense|COL1A1|4798062|ALT	COL1A1	pathogenic_missense	ALT	pathogenic_missense
pathogenic_missense|COL1A1|17295|ALT	COL1A1	pathogenic_missense	ALT	pathogenic_missense
pathogenic_missense|COL1A1|2431225|ALT	COL1A1	pathogenic_missense	ALT	pathogenic_missense
pathogenic_missense|COL1A1|2626748|ALT	COL1A1	pathogenic_missense	ALT	pathogenic_missense
pathogenic_missense|COL1A1|691320|ALT	COL1A1	pathogenic_missense	ALT	pathogenic_missense
pathogenic_missense|COL1A1|691319|ALT	COL1A1	pathogenic_missense	ALT	pathogenic_missense
pathogenic_missense|COL1A1|4539976|ALT	COL1A1	pathogenic_missense	ALT	pathogenic_missense
pathogenic_missense|COL1A1|2633124|ALT	COL1A1	pathogenic_missense	ALT	pathogenic_missense
pathogenic_missense|COL1A1|2027800|ALT	COL1A1	pathogenic_missense	ALT	pathogenic_missense
pathogenic_missense|COL1A1|3899285|ALT	COL1A1	pathogenic_missense	ALT	pathogenic_missense
pathogenic_missense|COL1A1|3634722|ALT	COL1A1	pathogenic_missense	ALT	pathogenic_missense
pathogenic_missense|COL1A1|1502293|ALT	COL1A1	pathogenic_missense	ALT	pathogenic_missense
pathogenic_missense|COL1A1|17323|ALT	COL1A1	pathogenic_missense	ALT	pathogenic_missense
pathogenic_missense|COL1A1|282086|ALT	COL1A1	pathogenic_missense	ALT	pathogenic_missense
pathogenic_missense|COL1A1|2117616|ALT	COL1A1	pathogenic_missense	ALT	pathogenic_missense
pathogenic_missense|COL1A1|4531665|ALT	COL1A1	pathogenic_missense	ALT	pathogenic_missense
pathogenic_missense|COL1A1|35917|ALT	COL1A1	pathogenic_missense	ALT	pathogenic_missense
pathogenic_missense|COL1A1|3220896|ALT	COL1A1	pathogenic_missense	ALT	pathogenic_missense
pathogenic_missense|COL1A1|2497872|ALT	COL1A1	pathogenic_missense	ALT	pathogenic_missense
pathogenic_missense|COL1A1|1333364|ALT	COL1A1	pathogenic_missense	ALT	pathogenic_missense
pathogenic_missense|COL1A1|209140|ALT	COL1A1	pathogenic_missense	ALT	pathogenic_missense
pathogenic_missense|COL1A1|2573072|ALT	COL1A1	pathogenic_missense	ALT	pathogenic_missense
pathogenic_missense|COL1A1|2431219|ALT	COL1A1	pathogenic_missense	ALT	pathogenic_missense
pathogenic_missense|COL1A1|3781315|ALT	COL1A1	pathogenic_missense	ALT	pathogenic_missense
pathogenic_missense|COL1A1|2503428|ALT	COL1A1	pathogenic_missense	ALT	pathogenic_missense
pathogenic_missense|COL1A1|3377257|ALT	COL1A1	pathogenic_missense	ALT	pathogenic_missense
pathogenic_missense|COL1A1|17294|ALT	COL1A1	pathogenic_missense	ALT	pathogenic_missense
pathogenic_missense|COL1A1|1676210|ALT	COL1A1	pathogenic_missense	ALT	pathogenic_missense
pathogenic_missense|COL1A1|3256564|ALT	COL1A1	pathogenic_missense	ALT	pathogenic_missense
pathogenic_missense|COL1A1|4277738|ALT	COL1A1	pathogenic_missense	ALT	pathogenic_missense
pathogenic_missense|COL1A1|2428730|ALT	COL1A1	pathogenic_missense	ALT	pathogenic_missense
pathogenic_missense|COL1A1|834833|ALT	COL1A1	pathogenic_missense	ALT	pathogenic_missense
pathogenic_missense|COL1A1|988360|ALT	COL1A1	pathogenic_missense	ALT	pathogenic_missense
pathogenic_missense|COL1A1|17293|ALT	COL1A1	pathogenic_missense	ALT	pathogenic_missense
pathogenic_missense|COL1A1|1069647|ALT	COL1A1	pathogenic_missense	ALT	pathogenic_missense
pathogenic_missense|COL1A1|2572380|ALT	COL1A1	pathogenic_missense	ALT	pathogenic_missense
pathogenic_missense|COL1A1|618019|ALT	COL1A1	pathogenic_missense	ALT	pathogenic_missense
pathogenic_missense|COL1A1|430640|ALT	COL1A1	pathogenic_missense	ALT	pathogenic_missense
pathogenic_missense|COL1A1|1685267|ALT	COL1A1	pathogenic_missense	ALT	pathogenic_missense
pathogenic_missense|COL1A1|453209|ALT	COL1A1	pathogenic_missense	ALT	pathogenic_missense
pathogenic_missense|COL1A1|17292|ALT	COL1A1	pathogenic_missense	ALT	pathogenic_missense
pathogenic_missense|COL1A1|425612|ALT	COL1A1	pathogenic_missense	ALT	pathogenic_missense
pathogenic_missense|COL1A1|3338857|ALT	COL1A1	pathogenic_missense	ALT	pathogenic_missense
pathogenic_missense|COL1A1|287863|ALT	COL1A1	pathogenic_missense	ALT	pathogenic_missense
pathogenic_missense|COL1A1|993927|ALT	COL1A1	pathogenic_missense	ALT	pathogenic_missense
pathogenic_missense|COL1A1|1341495|ALT	COL1A1	pathogenic_missense	ALT	pathogenic_missense
pathogenic_missense|COL1A1|2015948|ALT	COL1A1	pathogenic_missense	ALT	pathogenic_missense
pathogenic_missense|COL1A1|870106|ALT	COL1A1	pathogenic_missense	ALT	pathogenic_missense
pathogenic_missense|COL1A1|581481|ALT	COL1A1	pathogenic_missense	ALT	pathogenic_missense
pathogenic_missense|COL1A1|2138070|ALT	COL1A1	pathogenic_missense	ALT	pathogenic_missense
pathogenic_missense|COL1A1|1454444|ALT	COL1A1	pathogenic_missense	ALT	pathogenic_missense
pathogenic_missense|COL1A1|17290|ALT	COL1A1	pathogenic_missense	ALT	pathogenic_missense
pathogenic_missense|COL1A1|4542196|ALT	COL1A1	pathogenic_missense	ALT	pathogenic_missense
pathogenic_missense|COL1A1|3345470|ALT	COL1A1	pathogenic_missense	ALT	pathogenic_missense
pathogenic_missense|COL1A1|526841|ALT	COL1A1	pathogenic_missense	ALT	pathogenic_missense
pathogenic_missense|COL1A1|17291|ALT	COL1A1	pathogenic_missense	ALT	pathogenic_missense
pathogenic_missense|COL1A1|4850911|ALT	COL1A1	pathogenic_missense	ALT	pathogenic_missense
pathogenic_missense|COL1A1|4850700|ALT	COL1A1	pathogenic_missense	ALT	pathogenic_missense
pathogenic_missense|COL1A1|17331|ALT	COL1A1	pathogenic_missense	ALT	pathogenic_missense
pathogenic_missense|COL1A1|1702104|ALT	COL1A1	pathogenic_missense	ALT	pathogenic_missense
pathogenic_missense|COL1A1|994051|ALT	COL1A1	pathogenic_missense	ALT	pathogenic_missense
pathogenic_missense|COL1A1|1485435|ALT	COL1A1	pathogenic_missense	ALT	pathogenic_missense
pathogenic_missense|COL1A1|425610|ALT	COL1A1	pathogenic_missense	ALT	pathogenic_missense
pathogenic_missense|COL1A1|691326|ALT	COL1A1	pathogenic_missense	ALT	pathogenic_missense
pathogenic_missense|COL1A1|17314|ALT	COL1A1	pathogenic_missense	ALT	pathogenic_missense
pathogenic_missense|COL1A1|1400106|ALT	COL1A1	pathogenic_missense	ALT	pathogenic_missense
pathogenic_missense|COL1A1|3363153|ALT	COL1A1	pathogenic_missense	ALT	pathogenic_missense
pathogenic_missense|COL1A1|281901|ALT	COL1A1	pathogenic_missense	ALT	pathogenic_missense
pathogenic_missense|COL1A1|1326579|ALT	COL1A1	pathogenic_missense	ALT	pathogenic_missense
pathogenic_missense|COL1A1|451965|ALT	COL1A1	pathogenic_missense	ALT	pathogenic_missense
pathogenic_missense|COL1A1|2748523|ALT	COL1A1	pathogenic_missense	ALT	pathogenic_missense
pathogenic_missense|COL1A1|2748270|ALT	COL1A1	pathogenic_missense	ALT	pathogenic_missense
pathogenic_missense|COL1A1|447141|ALT	COL1A1	pathogenic_missense	ALT	pathogenic_missense
pathogenic_missense|COL1A1|191081|ALT	COL1A1	pathogenic_missense	ALT	pathogenic_missense
pathogenic_missense|COL1A1|3634725|ALT	COL1A1	pathogenic_missense	ALT	pathogenic_missense
pathogenic_missense|COL1A1|1338858|ALT	COL1A1	pathogenic_missense	ALT	pathogenic_missense
pathogenic_missense|COL1A1|425608|ALT	COL1A1	pathogenic_missense	ALT	pathogenic_missense
pathogenic_missense|COL1A1|1800974|ALT	COL1A1	pathogenic_missense	ALT	pathogenic_missense
pathogenic_missense|COL1A1|4820638|ALT	COL1A1	pathogenic_missense	ALT	pathogenic_missense
pathogenic_missense|COL1A1|546096|ALT	COL1A1	pathogenic_missense	ALT	pathogenic_missense
pathogenic_missense|COL1A1|17338|ALT	COL1A1	pathogenic_missense	ALT	pathogenic_missense
pathogenic_missense|COL1A1|954420|ALT	COL1A1	pathogenic_missense	ALT	pathogenic_missense
pathogenic_missense|COL1A1|2631807|ALT	COL1A1	pathogenic_missense	ALT	pathogenic_missense
pathogenic_missense|COL1A1|1224386|ALT	COL1A1	pathogenic_missense	ALT	pathogenic_missense
pathogenic_missense|COL1A1|4530647|ALT	COL1A1	pathogenic_missense	ALT	pathogenic_missense
pathogenic_missense|COL1A1|4800888|ALT	COL1A1	pathogenic_missense	ALT	pathogenic_missense
pathogenic_missense|COL1A1|2138072|ALT	COL1A1	pathogenic_missense	ALT	pathogenic_missense
pathogenic_missense|COL1A1|4728055|ALT	COL1A1	pathogenic_missense	ALT	pathogenic_missense
pathogenic_missense|COL1A1|17327|ALT	COL1A1	pathogenic_missense	ALT	pathogenic_missense
pathogenic_missense|COL1A1|4526374|ALT	COL1A1	pathogenic_missense	ALT	pathogenic_missense
pathogenic_missense|COL1A1|17289|ALT	COL1A1	pathogenic_missense	ALT	pathogenic_missense
pathogenic_missense|COL1A1|4710407|ALT	COL1A1	pathogenic_missense	ALT	pathogenic_missense
pathogenic_missense|COL1A1|1409133|ALT	COL1A1	pathogenic_missense	ALT	pathogenic_missense
pathogenic_missense|COL1A1|571811|ALT	COL1A1	pathogenic_missense	ALT	pathogenic_missense
pathogenic_missense|COL1A1|3722865|ALT	COL1A1	pathogenic_missense	ALT	pathogenic_missense
pathogenic_missense|COL1A1|2626749|ALT	COL1A1	pathogenic_missense	ALT	pathogenic_missense
pathogenic_missense|COL1A1|590988|ALT	COL1A1	pathogenic_missense	ALT	pathogenic_missense
pathogenic_missense|COL1A1|17310|ALT	COL1A1	pathogenic_missense	ALT	pathogenic_missense
pathogenic_missense|COL1A1|845682|ALT	COL1A1	pathogenic_missense	ALT	pathogenic_missense
pathogenic_missense|COL1A1|3900225|ALT	COL1A1	pathogenic_missense	ALT	pathogenic_missense
pathogenic_missense|COL1A1|425606|ALT	COL1A1	pathogenic_missense	ALT	pathogenic_missense
pathogenic_missense|COL1A1|452612|ALT	COL1A1	pathogenic_missense	ALT	pathogenic_missense
pathogenic_missense|COL1A1|1204031|ALT	COL1A1	pathogenic_missense	ALT	pathogenic_missense
pathogenic_missense|COL1A1|280649|ALT	COL1A1	pathogenic_missense	ALT	pathogenic_missense
pathogenic_missense|COL1A1|17288|ALT	COL1A1	pathogenic_missense	ALT	pathogenic_missense
pathogenic_missense|COL1A1|811940|ALT	COL1A1	pathogenic_missense	ALT	pathogenic_missense
pathogenic_missense|COL1A1|1072429|ALT	COL1A1	pathogenic_missense	ALT	pathogenic_missense
pathogenic_missense|COL1A1|425604|ALT	COL1A1	pathogenic_missense	ALT	pathogenic_missense
pathogenic_missense|COL1A1|1702100|ALT	COL1A1	pathogenic_missense	ALT	pathogenic_missense
pathogenic_missense|COL1A1|992399|ALT	COL1A1	pathogenic_missense	ALT	pathogenic_missense
pathogenic_missense|COL1A1|4282345|ALT	COL1A1	pathogenic_missense	ALT	pathogenic_missense
pathogenic_missense|COL1A1|1338758|ALT	COL1A1	pathogenic_missense	ALT	pathogenic_missense
pathogenic_missense|COL1A1|962939|ALT	COL1A1	pathogenic_missense	ALT	pathogenic_missense
pathogenic_missense|COL1A1|808290|ALT	COL1A1	pathogenic_missense	ALT	pathogenic_missense
pathogenic_missense|COL1A1|4081255|ALT	COL1A1	pathogenic_missense	ALT	pathogenic_missense
pathogenic_missense|COL1A1|3371066|ALT	COL1A1	pathogenic_missense	ALT	pathogenic_missense
pathogenic_missense|COL1A1|456742|ALT	COL1A1	pathogenic_missense	ALT	pathogenic_missense
pathogenic_missense|COL1A1|1224353|ALT	COL1A1	pathogenic_missense	ALT	pathogenic_missense
pathogenic_missense|COL1A1|618018|ALT	COL1A1	pathogenic_missense	ALT	pathogenic_missense
pathogenic_missense|COL1A1|4526619|ALT	COL1A1	pathogenic_missense	ALT	pathogenic_missense
pathogenic_missense|COL1A1|3634726|ALT	COL1A1	pathogenic_missense	ALT	pathogenic_missense
pathogenic_missense|COL1A1|3369106|ALT	COL1A1	pathogenic_missense	ALT	pathogenic_missense
pathogenic_missense|COL1A1|1702097|ALT	COL1A1	pathogenic_missense	ALT	pathogenic_missense
pathogenic_missense|COL1A1|392573|ALT	COL1A1	pathogenic_missense	ALT	pathogenic_missense
pathogenic_missense|COL1A1|812584|ALT	COL1A1	pathogenic_missense	ALT	pathogenic_missense
pathogenic_missense|COL1A1|1352328|ALT	COL1A1	pathogenic_missense	ALT	pathogenic_missense
pathogenic_missense|COL1A1|1457442|ALT	COL1A1	pathogenic_missense	ALT	pathogenic_missense
pathogenic_missense|COL1A1|3338859|ALT	COL1A1	pathogenic_missense	ALT	pathogenic_missense
pathogenic_missense|COL1A1|3634727|ALT	COL1A1	pathogenic_missense	ALT	pathogenic_missense
pathogenic_missense|COL1A1|4280693|ALT	COL1A1	pathogenic_missense	ALT	pathogenic_missense
pathogenic_missense|COL1A1|1332752|ALT	COL1A1	pathogenic_missense	ALT	pathogenic_missense
pathogenic_missense|COL1A1|2736623|ALT	COL1A1	pathogenic_missense	ALT	pathogenic_missense
pathogenic_missense|COL1A1|1702532|ALT	COL1A1	pathogenic_missense	ALT	pathogenic_missense
pathogenic_missense|COL1A1|3253358|ALT	COL1A1	pathogenic_missense	ALT	pathogenic_missense
pathogenic_missense|COL1A1|2734252|ALT	COL1A1	pathogenic_missense	ALT	pathogenic_missense
pathogenic_missense|COL1A1|1324106|ALT	COL1A1	pathogenic_missense	ALT	pathogenic_missense
pathogenic_missense|COL1A1|1678749|ALT	COL1A1	pathogenic_missense	ALT	pathogenic_missense
pathogenic_missense|COL1A1|2138074|ALT	COL1A1	pathogenic_missense	ALT	pathogenic_missense
pathogenic_missense|COL1A1|4280079|ALT	COL1A1	pathogenic_missense	ALT	pathogenic_missense
pathogenic_missense|COL1A1|1433732|ALT	COL1A1	pathogenic_missense	ALT	pathogenic_missense
pathogenic_missense|COL1A1|17315|ALT	COL1A1	pathogenic_missense	ALT	pathogenic_missense
pathogenic_missense|COL1A1|17326|ALT	COL1A1	pathogenic_missense	ALT	pathogenic_missense
pathogenic_missense|COL1A1|1224369|ALT	COL1A1	pathogenic_missense	ALT	pathogenic_missense
pathogenic_missense|COL1A1|3067896|ALT	COL1A1	pathogenic_missense	ALT	pathogenic_missense
pathogenic_missense|COL1A1|3382556|ALT	COL1A1	pathogenic_missense	ALT	pathogenic_missense
pathogenic_missense|COL1A1|3338860|ALT	COL1A1	pathogenic_missense	ALT	pathogenic_missense
pathogenic_missense|COL1A1|1685269|ALT	COL1A1	pathogenic_missense	ALT	pathogenic_missense
pathogenic_missense|COL1A1|850646|ALT	COL1A1	pathogenic_missense	ALT	pathogenic_missense
pathogenic_missense|COL1A1|618574|ALT	COL1A1	pathogenic_missense	ALT	pathogenic_missense
pathogenic_missense|COL1A1|811430|ALT	COL1A1	pathogenic_missense	ALT	pathogenic_missense
pathogenic_missense|COL1A1|17287|ALT	COL1A1	pathogenic_missense	ALT	pathogenic_missense
pathogenic_missense|COL1A1|4850701|ALT	COL1A1	pathogenic_missense	ALT	pathogenic_missense
pathogenic_missense|COL1A1|618571|ALT	COL1A1	pathogenic_missense	ALT	pathogenic_missense
pathogenic_missense|COL1A1|526860|ALT	COL1A1	pathogenic_missense	ALT	pathogenic_missense
pathogenic_missense|COL1A1|265433|ALT	COL1A1	pathogenic_missense	ALT	pathogenic_missense
pathogenic_missense|COL1A1|2572828|ALT	COL1A1	pathogenic_missense	ALT	pathogenic_missense
pathogenic_missense|COL1A1|4526692|ALT	COL1A1	pathogenic_missense	ALT	pathogenic_missense
pathogenic_missense|COL1A1|546498|ALT	COL1A1	pathogenic_missense	ALT	pathogenic_missense
pathogenic_missense|COL1A1|4083474|ALT	COL1A1	pathogenic_missense	ALT	pathogenic_missense
pathogenic_missense|COL1A1|17329|ALT	COL1A1	pathogenic_missense	ALT	pathogenic_missense
pathogenic_missense|COL1A1|1420638|ALT	COL1A1	pathogenic_missense	ALT	pathogenic_missense
pathogenic_missense|COL1A1|17324|ALT	COL1A1	pathogenic_missense	ALT	pathogenic_missense
pathogenic_missense|COL1A1|3634728|ALT	COL1A1	pathogenic_missense	ALT	pathogenic_missense
pathogenic_missense|COL1A1|2445622|ALT	COL1A1	pathogenic_missense	ALT	pathogenic_missense
pathogenic_missense|COL1A1|35901|ALT	COL1A1	pathogenic_missense	ALT	pathogenic_missense
pathogenic_missense|COL1A1|2027793|ALT	COL1A1	pathogenic_missense	ALT	pathogenic_missense
pathogenic_missense|COL1A1|2419141|ALT	COL1A1	pathogenic_missense	ALT	pathogenic_missense
pathogenic_missense|COL1A1|1364729|ALT	COL1A1	pathogenic_missense	ALT	pathogenic_missense
pathogenic_missense|COL1A1|452610|ALT	COL1A1	pathogenic_missense	ALT	pathogenic_missense
pathogenic_missense|COL1A1|863945|ALT	COL1A1	pathogenic_missense	ALT	pathogenic_missense
pathogenic_missense|COL1A1|2715318|ALT	COL1A1	pathogenic_missense	ALT	pathogenic_missense
pathogenic_missense|COL1A1|2094263|ALT	COL1A1	pathogenic_missense	ALT	pathogenic_missense
pathogenic_missense|COL1A1|1342741|ALT	COL1A1	pathogenic_missense	ALT	pathogenic_missense
pathogenic_missense|COL1A1|1803195|ALT	COL1A1	pathogenic_missense	ALT	pathogenic_missense
pathogenic_missense|COL1A1|2579137|ALT	COL1A1	pathogenic_missense	ALT	pathogenic_missense
pathogenic_missense|COL1A1|2123349|ALT	COL1A1	pathogenic_missense	ALT	pathogenic_missense
pathogenic_missense|COL1A1|1526274|ALT	COL1A1	pathogenic_missense	ALT	pathogenic_missense
pathogenic_missense|COL1A1|1678538|ALT	COL1A1	pathogenic_missense	ALT	pathogenic_missense
pathogenic_missense|COL1A1|3722875|ALT	COL1A1	pathogenic_missense	ALT	pathogenic_missense
pathogenic_missense|COL1A1|811718|ALT	COL1A1	pathogenic_missense	ALT	pathogenic_missense
pathogenic_missense|COL1A1|439501|ALT	COL1A1	pathogenic_missense	ALT	pathogenic_missense
pathogenic_missense|COL1A1|3067620|ALT	COL1A1	pathogenic_missense	ALT	pathogenic_missense
pathogenic_missense|COL1A1|3341114|ALT	COL1A1	pathogenic_missense	ALT	pathogenic_missense
pathogenic_missense|COL1A1|3366885|ALT	COL1A1	pathogenic_missense	ALT	pathogenic_missense
pathogenic_missense|COL1A1|195452|ALT	COL1A1	pathogenic_missense	ALT	pathogenic_missense
pathogenic_missense|COL1A1|2884075|ALT	COL1A1	pathogenic_missense	ALT	pathogenic_missense
pathogenic_missense|COL1A1|4685907|ALT	COL1A1	pathogenic_missense	ALT	pathogenic_missense
pathogenic_missense|COL1A1|17319|ALT	COL1A1	pathogenic_missense	ALT	pathogenic_missense
pathogenic_missense|COL1A1|863538|ALT	COL1A1	pathogenic_missense	ALT	pathogenic_missense
pathogenic_missense|COL1A1|451158|ALT	COL1A1	pathogenic_missense	ALT	pathogenic_missense
pathogenic_missense|COL1A1|1333627|ALT	COL1A1	pathogenic_missense	ALT	pathogenic_missense
pathogenic_missense|COL1A1|647159|ALT	COL1A1	pathogenic_missense	ALT	pathogenic_missense
pathogenic_missense|COL1A1|993947|ALT	COL1A1	pathogenic_missense	ALT	pathogenic_missense
pathogenic_missense|COL1A1|431382|ALT	COL1A1	pathogenic_missense	ALT	pathogenic_missense
pathogenic_missense|COL1A1|618020|ALT	COL1A1	pathogenic_missense	ALT	pathogenic_missense
pathogenic_missense|COL1A1|567499|ALT	COL1A1	pathogenic_missense	ALT	pathogenic_missense
pathogenic_missense|COL1A1|35899|ALT	COL1A1	pathogenic_missense	ALT	pathogenic_missense
pathogenic_missense|COL1A1|2860970|ALT	COL1A1	pathogenic_missense	ALT	pathogenic_missense
pathogenic_missense|COL1A1|2736626|ALT	COL1A1	pathogenic_missense	ALT	pathogenic_missense
pathogenic_missense|COL1A1|3634729|ALT	COL1A1	pathogenic_missense	ALT	pathogenic_missense
pathogenic_missense|COL1A1|2683679|ALT	COL1A1	pathogenic_missense	ALT	pathogenic_missense
pathogenic_missense|COL1A1|425596|ALT	COL1A1	pathogenic_missense	ALT	pathogenic_missense
pathogenic_missense|COL1A1|3722878|ALT	COL1A1	pathogenic_missense	ALT	pathogenic_missense
pathogenic_missense|COL1A1|664505|ALT	COL1A1	pathogenic_missense	ALT	pathogenic_missense
pathogenic_missense|COL1A1|1685647|ALT	COL1A1	pathogenic_missense	ALT	pathogenic_missense
pathogenic_missense|COL1A1|2695001|ALT	COL1A1	pathogenic_missense	ALT	pathogenic_missense
pathogenic_missense|COL1A1|4070581|ALT	COL1A1	pathogenic_missense	ALT	pathogenic_missense
pathogenic_missense|COL1A1|2430649|ALT	COL1A1	pathogenic_missense	ALT	pathogenic_missense
pathogenic_missense|COL1A1|4081256|ALT	COL1A1	pathogenic_missense	ALT	pathogenic_missense
pathogenic_missense|COL1A1|439502|ALT	COL1A1	pathogenic_missense	ALT	pathogenic_missense
pathogenic_missense|COL1A1|1704379|ALT	COL1A1	pathogenic_missense	ALT	pathogenic_missense
pathogenic_missense|COL1A1|2099098|ALT	COL1A1	pathogenic_missense	ALT	pathogenic_missense
pathogenic_missense|COL1A1|1396116|ALT	COL1A1	pathogenic_missense	ALT	pathogenic_missense
pathogenic_missense|COL1A1|639690|ALT	COL1A1	pathogenic_missense	ALT	pathogenic_missense
pathogenic_missense|COL1A1|447137|ALT	COL1A1	pathogenic_missense	ALT	pathogenic_missense
pathogenic_missense|COL1A1|870101|ALT	COL1A1	pathogenic_missense	ALT	pathogenic_missense
pathogenic_missense|COL1A1|3778605|ALT	COL1A1	pathogenic_missense	ALT	pathogenic_missense
pathogenic_missense|COL1A1|526864|ALT	COL1A1	pathogenic_missense	ALT	pathogenic_missense
pathogenic_missense|COL1A1|1322117|ALT	COL1A1	pathogenic_missense	ALT	pathogenic_missense
pathogenic_missense|COL1A1|456728|ALT	COL1A1	pathogenic_missense	ALT	pathogenic_missense
pathogenic_missense|COL1A1|1702091|ALT	COL1A1	pathogenic_missense	ALT	pathogenic_missense
pathogenic_missense|COL1A1|618572|ALT	COL1A1	pathogenic_missense	ALT	pathogenic_missense
pathogenic_missense|COL1A1|993627|ALT	COL1A1	pathogenic_missense	ALT	pathogenic_missense
pathogenic_missense|COL1A1|4081261|ALT	COL1A1	pathogenic_missense	ALT	pathogenic_missense
pathogenic_missense|COL1A1|930902|ALT	COL1A1	pathogenic_missense	ALT	pathogenic_missense
pathogenic_missense|COL1A1|426120|ALT	COL1A1	pathogenic_missense	ALT	pathogenic_missense
pathogenic_missense|COL1A1|17309|ALT	COL1A1	pathogenic_missense	ALT	pathogenic_missense
pathogenic_missense|COL1A1|2500570|ALT	COL1A1	pathogenic_missense	ALT	pathogenic_missense
pathogenic_missense|COL1A1|17286|ALT	COL1A1	pathogenic_missense	ALT	pathogenic_missense
pathogenic_missense|COL1A1|2829583|ALT	COL1A1	pathogenic_missense	ALT	pathogenic_missense
pathogenic_missense|COL1A1|425592|ALT	COL1A1	pathogenic_missense	ALT	pathogenic_missense
pathogenic_missense|COL1A1|2628084|ALT	COL1A1	pathogenic_missense	ALT	pathogenic_missense
pathogenic_missense|COL1A1|3253258|ALT	COL1A1	pathogenic_missense	ALT	pathogenic_missense
pathogenic_missense|COL1A1|35896|ALT	COL1A1	pathogenic_missense	ALT	pathogenic_missense
pathogenic_missense|COL1A1|3722885|ALT	COL1A1	pathogenic_missense	ALT	pathogenic_missense
pathogenic_missense|COL1A1|447136|ALT	COL1A1	pathogenic_missense	ALT	pathogenic_missense
pathogenic_missense|COL1A1|4852622|ALT	COL1A1	pathogenic_missense	ALT	pathogenic_missense
pathogenic_missense|COL1A1|4292584|ALT	COL1A1	pathogenic_missense	ALT	pathogenic_missense
pathogenic_missense|COL1A1|456724|ALT	COL1A1	pathogenic_missense	ALT	pathogenic_missense
pathogenic_missense|COL1A1|2501692|ALT	COL1A1	pathogenic_missense	ALT	pathogenic_missense
pathogenic_missense|COL1A1|3362885|ALT	COL1A1	pathogenic_missense	ALT	pathogenic_missense
pathogenic_missense|COL1A1|983519|ALT	COL1A1	pathogenic_missense	ALT	pathogenic_missense
pathogenic_missense|COL1A1|1074717|ALT	COL1A1	pathogenic_missense	ALT	pathogenic_missense
pathogenic_missense|COL1A1|3252985|ALT	COL1A1	pathogenic_missense	ALT	pathogenic_missense
pathogenic_missense|COL1A1|17312|ALT	COL1A1	pathogenic_missense	ALT	pathogenic_missense
pathogenic_missense|COL1A1|450546|ALT	COL1A1	pathogenic_missense	ALT	pathogenic_missense
pathogenic_missense|COL1A1|425642|ALT	COL1A1	pathogenic_missense	ALT	pathogenic_missense
pathogenic_missense|COL1A1|1075143|ALT	COL1A1	pathogenic_missense	ALT	pathogenic_missense
pathogenic_missense|COL1A1|2847789|ALT	COL1A1	pathogenic_missense	ALT	pathogenic_missense
pathogenic_missense|COL1A1|4531666|ALT	COL1A1	pathogenic_missense	ALT	pathogenic_missense
pathogenic_missense|COL1A1|2736627|ALT	COL1A1	pathogenic_missense	ALT	pathogenic_missense
pathogenic_missense|COL1A1|194456|ALT	COL1A1	pathogenic_missense	ALT	pathogenic_missense
pathogenic_missense|COL1A1|1520772|ALT	COL1A1	pathogenic_missense	ALT	pathogenic_missense
pathogenic_missense|COL1A1|4075334|ALT	COL1A1	pathogenic_missense	ALT	pathogenic_missense
pathogenic_missense|COL1A1|17343|ALT	COL1A1	pathogenic_missense	ALT	pathogenic_missense
pathogenic_missense|COL1A1|3776259|ALT	COL1A1	pathogenic_missense	ALT	pathogenic_missense
pathogenic_missense|COL1A1|4856009|ALT	COL1A1	pathogenic_missense	ALT	pathogenic_missense
pathogenic_missense|COL1A1|1410496|ALT	COL1A1	pathogenic_missense	ALT	pathogenic_missense
pathogenic_missense|COL1A1|3902278|ALT	COL1A1	pathogenic_missense	ALT	pathogenic_missense
pathogenic_missense|COL1A1|1432099|ALT	COL1A1	pathogenic_missense	ALT	pathogenic_missense
pathogenic_missense|COL1A1|2431199|ALT	COL1A1	pathogenic_missense	ALT	pathogenic_missense
pathogenic_missense|COL1A1|3049020|ALT	COL1A1	pathogenic_missense	ALT	pathogenic_missense
pathogenic_missense|COL1A1|4075333|ALT	COL1A1	pathogenic_missense	ALT	pathogenic_missense
pathogenic_missense|COL1A1|3338861|ALT	COL1A1	pathogenic_missense	ALT	pathogenic_missense
pathogenic_missense|COL1A1|1685270|ALT	COL1A1	pathogenic_missense	ALT	pathogenic_missense
pathogenic_missense|COL1A1|590992|ALT	COL1A1	pathogenic_missense	ALT	pathogenic_missense
pathogenic_missense|COL1A1|2102018|ALT	COL1A1	pathogenic_missense	ALT	pathogenic_missense
pathogenic_missense|COL1A1|618570|ALT	COL1A1	pathogenic_missense	ALT	pathogenic_missense
pathogenic_missense|COL1A1|3366886|ALT	COL1A1	pathogenic_missense	ALT	pathogenic_missense
pathogenic_missense|COL1A1|447148|ALT	COL1A1	pathogenic_missense	ALT	pathogenic_missense
pathogenic_missense|COL1A1|1452080|ALT	COL1A1	pathogenic_missense	ALT	pathogenic_missense
pathogenic_missense|COL1A1|425640|ALT	COL1A1	pathogenic_missense	ALT	pathogenic_missense
pathogenic_missense|COL1A1|2079492|ALT	COL1A1	pathogenic_missense	ALT	pathogenic_missense
pathogenic_missense|COL1A1|425590|ALT	COL1A1	pathogenic_missense	ALT	pathogenic_missense
pathogenic_missense|COL1A1|3383401|ALT	COL1A1	pathogenic_missense	ALT	pathogenic_missense
pathogenic_missense|COL1A1|17284|ALT	COL1A1	pathogenic_missense	ALT	pathogenic_missense
pathogenic_missense|COL1A1|665914|ALT	COL1A1	pathogenic_missense	ALT	pathogenic_missense
pathogenic_missense|COL1A1|17285|ALT	COL1A1	pathogenic_missense	ALT	pathogenic_missense
pathogenic_missense|COL1A1|1071489|ALT	COL1A1	pathogenic_missense	ALT	pathogenic_missense
pathogenic_missense|COL1A1|1803788|ALT	COL1A1	pathogenic_missense	ALT	pathogenic_missense
pathogenic_missense|COL1A1|1996639|ALT	COL1A1	pathogenic_missense	ALT	pathogenic_missense
pathogenic_missense|COL1A1|526863|ALT	COL1A1	pathogenic_missense	ALT	pathogenic_missense
pathogenic_missense|COL1A1|35929|ALT	COL1A1	pathogenic_missense	ALT	pathogenic_missense
pathogenic_missense|COL1A1|456797|ALT	COL1A1	pathogenic_missense	ALT	pathogenic_missense
pathogenic_missense|COL1A1|1456151|ALT	COL1A1	pathogenic_missense	ALT	pathogenic_missense
pathogenic_missense|COL1A1|1368256|ALT	COL1A1	pathogenic_missense	ALT	pathogenic_missense
pathogenic_missense|COL1A1|17316|ALT	COL1A1	pathogenic_missense	ALT	pathogenic_missense
pathogenic_missense|COL1A1|664182|ALT	COL1A1	pathogenic_missense	ALT	pathogenic_missense
pathogenic_missense|COL1A1|1382447|ALT	COL1A1	pathogenic_missense	ALT	pathogenic_missense
pathogenic_missense|COL1A1|456796|ALT	COL1A1	pathogenic_missense	ALT	pathogenic_missense
pathogenic_missense|COL1A1|1451481|ALT	COL1A1	pathogenic_missense	ALT	pathogenic_missense
pathogenic_missense|COL1A1|425639|ALT	COL1A1	pathogenic_missense	ALT	pathogenic_missense
pathogenic_missense|COL1A1|3253125|ALT	COL1A1	pathogenic_missense	ALT	pathogenic_missense
pathogenic_missense|COL1A1|17349|ALT	COL1A1	pathogenic_missense	ALT	pathogenic_missense
pathogenic_missense|COL1A1|3722888|ALT	COL1A1	pathogenic_missense	ALT	pathogenic_missense
pathogenic_missense|COL1A1|425638|ALT	COL1A1	pathogenic_missense	ALT	pathogenic_missense
pathogenic_missense|COL1A1|546097|ALT	COL1A1	pathogenic_missense	ALT	pathogenic_missense
pathogenic_missense|COL1A1|4277510|ALT	COL1A1	pathogenic_missense	ALT	pathogenic_missense
pathogenic_missense|COL1A1|4531667|ALT	COL1A1	pathogenic_missense	ALT	pathogenic_missense
pathogenic_missense|COL1A1|4078172|ALT	COL1A1	pathogenic_missense	ALT	pathogenic_missense
pathogenic_missense|COL1A1|3634731|ALT	COL1A1	pathogenic_missense	ALT	pathogenic_missense
pathogenic_missense|COL1A1|2572792|ALT	COL1A1	pathogenic_missense	ALT	pathogenic_missense
pathogenic_missense|COL1A1|691325|ALT	COL1A1	pathogenic_missense	ALT	pathogenic_missense
pathogenic_missense|COL1A1|4279083|ALT	COL1A1	pathogenic_missense	ALT	pathogenic_missense
pathogenic_missense|COL1A1|803437|ALT	COL1A1	pathogenic_missense	ALT	pathogenic_missense
pathogenic_missense|COL1A1|4710416|ALT	COL1A1	pathogenic_missense	ALT	pathogenic_missense
pathogenic_missense|COL1A1|4800897|ALT	COL1A1	pathogenic_missense	ALT	pathogenic_missense
pathogenic_missense|COL1A1|3607458|ALT	COL1A1	pathogenic_missense	ALT	pathogenic_missense
pathogenic_missense|COL1A1|1488562|ALT	COL1A1	pathogenic_missense	ALT	pathogenic_missense
pathogenic_missense|COL1A1|4852370|ALT	COL1A1	pathogenic_missense	ALT	pathogenic_missense
pathogenic_missense|COL1A1|1527919|ALT	COL1A1	pathogenic_missense	ALT	pathogenic_missense
pathogenic_missense|COL1A1|575472|ALT	COL1A1	pathogenic_missense	ALT	pathogenic_missense
pathogenic_missense|COL1A1|451155|ALT	COL1A1	pathogenic_missense	ALT	pathogenic_missense
pathogenic_missense|COL1A1|2131240|ALT	COL1A1	pathogenic_missense	ALT	pathogenic_missense
pathogenic_missense|COL1A1|4850702|ALT	COL1A1	pathogenic_missense	ALT	pathogenic_missense
pathogenic_missense|COL1A1|2138081|ALT	COL1A1	pathogenic_missense	ALT	pathogenic_missense
pathogenic_missense|COL1A1|2435758|ALT	COL1A1	pathogenic_missense	ALT	pathogenic_missense
pathogenic_missense|COL1A1|2439282|ALT	COL1A1	pathogenic_missense	ALT	pathogenic_missense
pathogenic_missense|COL1A1|17320|ALT	COL1A1	pathogenic_missense	ALT	pathogenic_missense
pathogenic_missense|COL1A1|664753|ALT	COL1A1	pathogenic_missense	ALT	pathogenic_missense
pathogenic_missense|COL1A1|2159545|ALT	COL1A1	pathogenic_missense	ALT	pathogenic_missense
pathogenic_missense|COL1A1|1442398|ALT	COL1A1	pathogenic_missense	ALT	pathogenic_missense
pathogenic_missense|COL1A1|1458042|ALT	COL1A1	pathogenic_missense	ALT	pathogenic_missense
pathogenic_missense|COL1A1|1029482|ALT	COL1A1	pathogenic_missense	ALT	pathogenic_missense
pathogenic_missense|COL1A1|3382832|ALT	COL1A1	pathogenic_missense	ALT	pathogenic_missense
pathogenic_missense|COL1A1|3340336|ALT	COL1A1	pathogenic_missense	ALT	pathogenic_missense
pathogenic_missense|COL1A1|3382929|ALT	COL1A1	pathogenic_missense	ALT	pathogenic_missense
pathogenic_missense|COL1A1|2138082|ALT	COL1A1	pathogenic_missense	ALT	pathogenic_missense
pathogenic_missense|COL1A1|944135|ALT	COL1A1	pathogenic_missense	ALT	pathogenic_missense
pathogenic_missense|COL1A1|1400279|ALT	COL1A1	pathogenic_missense	ALT	pathogenic_missense
pathogenic_missense|COL1A1|1469275|ALT	COL1A1	pathogenic_missense	ALT	pathogenic_missense
pathogenic_missense|COL1A1|691329|ALT	COL1A1	pathogenic_missense	ALT	pathogenic_missense
pathogenic_missense|COL1A1|4800899|ALT	COL1A1	pathogenic_missense	ALT	pathogenic_missense
pathogenic_missense|COL1A1|456792|ALT	COL1A1	pathogenic_missense	ALT	pathogenic_missense
pathogenic_missense|COL1A1|1722498|ALT	COL1A1	pathogenic_missense	ALT	pathogenic_missense
pathogenic_missense|COL1A1|1685271|ALT	COL1A1	pathogenic_missense	ALT	pathogenic_missense
pathogenic_missense|COL1A1|1355589|ALT	COL1A1	pathogenic_missense	ALT	pathogenic_missense
pathogenic_missense|COL1A1|859390|ALT	COL1A1	pathogenic_missense	ALT	pathogenic_missense
pathogenic_missense|COL1A1|526854|ALT	COL1A1	pathogenic_missense	ALT	pathogenic_missense
pathogenic_missense|COL1A1|3634732|ALT	COL1A1	pathogenic_missense	ALT	pathogenic_missense
pathogenic_missense|COL1A1|2780397|ALT	COL1A1	pathogenic_missense	ALT	pathogenic_missense
pathogenic_missense|COL1A1|1339103|ALT	COL1A1	pathogenic_missense	ALT	pathogenic_missense
pathogenic_missense|COL1A1|2419143|ALT	COL1A1	pathogenic_missense	ALT	pathogenic_missense
pathogenic_missense|COL1A1|3899265|ALT	COL1A1	pathogenic_missense	ALT	pathogenic_missense
pathogenic_missense|COL1A1|425635|ALT	COL1A1	pathogenic_missense	ALT	pathogenic_missense
pathogenic_missense|COL1A1|4057236|ALT	COL1A1	pathogenic_missense	ALT	pathogenic_missense
pathogenic_missense|COL1A1|3634733|ALT	COL1A1	pathogenic_missense	ALT	pathogenic_missense
pathogenic_missense|COL1A1|2505645|ALT	COL1A1	pathogenic_missense	ALT	pathogenic_missense
pathogenic_missense|COL1A1|3634734|ALT	COL1A1	pathogenic_missense	ALT	pathogenic_missense
pathogenic_missense|COL1A1|1701982|ALT	COL1A1	pathogenic_missense	ALT	pathogenic_missense
pathogenic_missense|COL1A1|870140|ALT	COL1A1	pathogenic_missense	ALT	pathogenic_missense
pathogenic_missense|COL1A1|17334|ALT	COL1A1	pathogenic_missense	ALT	pathogenic_missense
pathogenic_missense|COL1A1|17348|ALT	COL1A1	pathogenic_missense	ALT	pathogenic_missense
pathogenic_missense|COL1A1|575257|ALT	COL1A1	pathogenic_missense	ALT	pathogenic_missense
pathogenic_missense|COL1A1|425634|ALT	COL1A1	pathogenic_missense	ALT	pathogenic_missense
pathogenic_missense|COL1A1|1992427|ALT	COL1A1	pathogenic_missense	ALT	pathogenic_missense
pathogenic_missense|COL1A1|3634735|ALT	COL1A1	pathogenic_missense	ALT	pathogenic_missense
pathogenic_missense|COL1A1|2744139|ALT	COL1A1	pathogenic_missense	ALT	pathogenic_missense
pathogenic_missense|COL1A1|2844235|ALT	COL1A1	pathogenic_missense	ALT	pathogenic_missense
pathogenic_missense|COL1A1|2834310|ALT	COL1A1	pathogenic_missense	ALT	pathogenic_missense
pathogenic_missense|COL1A1|17311|ALT	COL1A1	pathogenic_missense	ALT	pathogenic_missense
pathogenic_missense|COL1A1|3634737|ALT	COL1A1	pathogenic_missense	ALT	pathogenic_missense
pathogenic_missense|COL1A1|521329|ALT	COL1A1	pathogenic_missense	ALT	pathogenic_missense
pathogenic_missense|COL1A1|4280679|ALT	COL1A1	pathogenic_missense	ALT	pathogenic_missense
pathogenic_missense|COL1A1|1395929|ALT	COL1A1	pathogenic_missense	ALT	pathogenic_missense
pathogenic_missense|COL1A1|4294360|ALT	COL1A1	pathogenic_missense	ALT	pathogenic_missense
pathogenic_missense|COL1A1|996641|ALT	COL1A1	pathogenic_missense	ALT	pathogenic_missense
pathogenic_missense|COL1A1|1452707|ALT	COL1A1	pathogenic_missense	ALT	pathogenic_missense
pathogenic_missense|COL1A1|567004|ALT	COL1A1	pathogenic_missense	ALT	pathogenic_missense
pathogenic_missense|COL1A1|579238|ALT	COL1A1	pathogenic_missense	ALT	pathogenic_missense
pathogenic_missense|COL1A1|4718603|ALT	COL1A1	pathogenic_missense	ALT	pathogenic_missense
pathogenic_missense|COL1A1|2084407|ALT	COL1A1	pathogenic_missense	ALT	pathogenic_missense
pathogenic_missense|COL1A1|526867|ALT	COL1A1	pathogenic_missense	ALT	pathogenic_missense
pathogenic_missense|COL1A1|1457923|ALT	COL1A1	pathogenic_missense	ALT	pathogenic_missense
pathogenic_missense|SCN2A|559888|ALT	SCN2A	pathogenic_missense	ALT	pathogenic_missense
pathogenic_missense|SCN2A|3760265|ALT	SCN2A	pathogenic_missense	ALT	pathogenic_missense
pathogenic_missense|SCN2A|827673|ALT	SCN2A	pathogenic_missense	ALT	pathogenic_missense
pathogenic_missense|SCN2A|1064766|ALT	SCN2A	pathogenic_missense	ALT	pathogenic_missense
pathogenic_missense|SCN2A|422127|ALT	SCN2A	pathogenic_missense	ALT	pathogenic_missense
pathogenic_missense|SCN2A|1219648|ALT	SCN2A	pathogenic_missense	ALT	pathogenic_missense
pathogenic_missense|SCN2A|3753649|ALT	SCN2A	pathogenic_missense	ALT	pathogenic_missense
pathogenic_missense|SCN2A|1929277|ALT	SCN2A	pathogenic_missense	ALT	pathogenic_missense
pathogenic_missense|SCN2A|985353|ALT	SCN2A	pathogenic_missense	ALT	pathogenic_missense
pathogenic_missense|SCN2A|1298830|ALT	SCN2A	pathogenic_missense	ALT	pathogenic_missense
pathogenic_missense|SCN2A|933619|ALT	SCN2A	pathogenic_missense	ALT	pathogenic_missense
pathogenic_missense|SCN2A|1335404|ALT	SCN2A	pathogenic_missense	ALT	pathogenic_missense
pathogenic_missense|SCN2A|3343696|ALT	SCN2A	pathogenic_missense	ALT	pathogenic_missense
pathogenic_missense|SCN2A|3340847|ALT	SCN2A	pathogenic_missense	ALT	pathogenic_missense
pathogenic_missense|SCN2A|2579387|ALT	SCN2A	pathogenic_missense	ALT	pathogenic_missense
pathogenic_missense|SCN2A|451069|ALT	SCN2A	pathogenic_missense	ALT	pathogenic_missense
pathogenic_missense|SCN2A|375507|ALT	SCN2A	pathogenic_missense	ALT	pathogenic_missense
pathogenic_missense|SCN2A|643515|ALT	SCN2A	pathogenic_missense	ALT	pathogenic_missense
pathogenic_missense|SCN2A|1067056|ALT	SCN2A	pathogenic_missense	ALT	pathogenic_missense
pathogenic_missense|SCN2A|984815|ALT	SCN2A	pathogenic_missense	ALT	pathogenic_missense
pathogenic_missense|SCN2A|2579303|ALT	SCN2A	pathogenic_missense	ALT	pathogenic_missense
pathogenic_missense|SCN2A|449147|ALT	SCN2A	pathogenic_missense	ALT	pathogenic_missense
pathogenic_missense|SCN2A|488391|ALT	SCN2A	pathogenic_missense	ALT	pathogenic_missense
pathogenic_missense|SCN2A|2584477|ALT	SCN2A	pathogenic_missense	ALT	pathogenic_missense
pathogenic_missense|SCN2A|976279|ALT	SCN2A	pathogenic_missense	ALT	pathogenic_missense
pathogenic_missense|SCN2A|423904|ALT	SCN2A	pathogenic_missense	ALT	pathogenic_missense
pathogenic_missense|SCN2A|934399|ALT	SCN2A	pathogenic_missense	ALT	pathogenic_missense
pathogenic_missense|SCN2A|3753652|ALT	SCN2A	pathogenic_missense	ALT	pathogenic_missense
pathogenic_missense|SCN2A|984860|ALT	SCN2A	pathogenic_missense	ALT	pathogenic_missense
pathogenic_missense|SCN2A|1686160|ALT	SCN2A	pathogenic_missense	ALT	pathogenic_missense
pathogenic_missense|SCN2A|1420984|ALT	SCN2A	pathogenic_missense	ALT	pathogenic_missense
pathogenic_missense|SCN2A|986823|ALT	SCN2A	pathogenic_missense	ALT	pathogenic_missense
pathogenic_missense|SCN2A|801776|ALT	SCN2A	pathogenic_missense	ALT	pathogenic_missense
pathogenic_missense|SCN2A|996766|ALT	SCN2A	pathogenic_missense	ALT	pathogenic_missense
pathogenic_missense|SCN2A|372557|ALT	SCN2A	pathogenic_missense	ALT	pathogenic_missense
pathogenic_missense|SCN2A|851358|ALT	SCN2A	pathogenic_missense	ALT	pathogenic_missense
pathogenic_missense|SCN2A|430366|ALT	SCN2A	pathogenic_missense	ALT	pathogenic_missense
pathogenic_missense|SCN2A|1690637|ALT	SCN2A	pathogenic_missense	ALT	pathogenic_missense
pathogenic_missense|SCN2A|2444039|ALT	SCN2A	pathogenic_missense	ALT	pathogenic_missense
pathogenic_missense|SCN2A|207088|ALT	SCN2A	pathogenic_missense	ALT	pathogenic_missense
pathogenic_missense|SCN2A|2633702|ALT	SCN2A	pathogenic_missense	ALT	pathogenic_missense
pathogenic_missense|SCN2A|567919|ALT	SCN2A	pathogenic_missense	ALT	pathogenic_missense
pathogenic_missense|SCN2A|1507589|ALT	SCN2A	pathogenic_missense	ALT	pathogenic_missense
pathogenic_missense|SCN2A|12879|ALT	SCN2A	pathogenic_missense	ALT	pathogenic_missense
pathogenic_missense|SCN2A|4532322|ALT	SCN2A	pathogenic_missense	ALT	pathogenic_missense
pathogenic_missense|SCN2A|834051|ALT	SCN2A	pathogenic_missense	ALT	pathogenic_missense
pathogenic_missense|SCN2A|464920|ALT	SCN2A	pathogenic_missense	ALT	pathogenic_missense
pathogenic_missense|SCN2A|1342695|ALT	SCN2A	pathogenic_missense	ALT	pathogenic_missense
pathogenic_missense|SCN2A|984863|ALT	SCN2A	pathogenic_missense	ALT	pathogenic_missense
pathogenic_missense|SCN2A|421259|ALT	SCN2A	pathogenic_missense	ALT	pathogenic_missense
pathogenic_missense|SCN2A|1318908|ALT	SCN2A	pathogenic_missense	ALT	pathogenic_missense
pathogenic_missense|SCN2A|449164|ALT	SCN2A	pathogenic_missense	ALT	pathogenic_missense
pathogenic_missense|SCN2A|1757816|ALT	SCN2A	pathogenic_missense	ALT	pathogenic_missense
pathogenic_missense|SCN2A|986850|ALT	SCN2A	pathogenic_missense	ALT	pathogenic_missense
pathogenic_missense|SCN2A|375510|ALT	SCN2A	pathogenic_missense	ALT	pathogenic_missense
pathogenic_missense|SCN2A|2128939|ALT	SCN2A	pathogenic_missense	ALT	pathogenic_missense
pathogenic_missense|SCN2A|1342691|ALT	SCN2A	pathogenic_missense	ALT	pathogenic_missense
pathogenic_missense|SCN2A|29889|ALT	SCN2A	pathogenic_missense	ALT	pathogenic_missense
pathogenic_missense|SCN2A|421263|ALT	SCN2A	pathogenic_missense	ALT	pathogenic_missense
pathogenic_missense|SCN2A|1675802|ALT	SCN2A	pathogenic_missense	ALT	pathogenic_missense
pathogenic_missense|SCN2A|378927|ALT	SCN2A	pathogenic_missense	ALT	pathogenic_missense
pathogenic_missense|SCN2A|982411|ALT	SCN2A	pathogenic_missense	ALT	pathogenic_missense
pathogenic_missense|SCN2A|982024|ALT	SCN2A	pathogenic_missense	ALT	pathogenic_missense
pathogenic_missense|SCN2A|1070304|ALT	SCN2A	pathogenic_missense	ALT	pathogenic_missense
pathogenic_missense|SCN2A|520403|ALT	SCN2A	pathogenic_missense	ALT	pathogenic_missense
pathogenic_missense|SCN2A|2939257|ALT	SCN2A	pathogenic_missense	ALT	pathogenic_missense
pathogenic_missense|SCN2A|29888|ALT	SCN2A	pathogenic_missense	ALT	pathogenic_missense
pathogenic_missense|SCN2A|4531776|ALT	SCN2A	pathogenic_missense	ALT	pathogenic_missense
pathogenic_missense|SCN2A|1342684|ALT	SCN2A	pathogenic_missense	ALT	pathogenic_missense
pathogenic_missense|SCN2A|1803062|ALT	SCN2A	pathogenic_missense	ALT	pathogenic_missense
pathogenic_missense|SCN2A|2203161|ALT	SCN2A	pathogenic_missense	ALT	pathogenic_missense
pathogenic_missense|SCN2A|2575945|ALT	SCN2A	pathogenic_missense	ALT	pathogenic_missense
pathogenic_missense|SCN2A|280832|ALT	SCN2A	pathogenic_missense	ALT	pathogenic_missense
pathogenic_missense|SCN2A|207046|ALT	SCN2A	pathogenic_missense	ALT	pathogenic_missense
pathogenic_missense|SCN2A|4073666|ALT	SCN2A	pathogenic_missense	ALT	pathogenic_missense
pathogenic_missense|SCN2A|661756|ALT	SCN2A	pathogenic_missense	ALT	pathogenic_missense
pathogenic_missense|SCN2A|391613|ALT	SCN2A	pathogenic_missense	ALT	pathogenic_missense
pathogenic_missense|SCN2A|872400|ALT	SCN2A	pathogenic_missense	ALT	pathogenic_missense
pathogenic_missense|SCN2A|870196|ALT	SCN2A	pathogenic_missense	ALT	pathogenic_missense
pathogenic_missense|SCN2A|644178|ALT	SCN2A	pathogenic_missense	ALT	pathogenic_missense
pathogenic_missense|SCN2A|2435687|ALT	SCN2A	pathogenic_missense	ALT	pathogenic_missense
pathogenic_missense|SCN2A|937577|ALT	SCN2A	pathogenic_missense	ALT	pathogenic_missense
pathogenic_missense|SCN2A|2922025|ALT	SCN2A	pathogenic_missense	ALT	pathogenic_missense
pathogenic_missense|SCN2A|1343156|ALT	SCN2A	pathogenic_missense	ALT	pathogenic_missense
pathogenic_missense|SCN2A|207050|ALT	SCN2A	pathogenic_missense	ALT	pathogenic_missense
pathogenic_missense|SCN2A|1514630|ALT	SCN2A	pathogenic_missense	ALT	pathogenic_missense
pathogenic_missense|SCN2A|193734|ALT	SCN2A	pathogenic_missense	ALT	pathogenic_missense
pathogenic_missense|SCN2A|3753655|ALT	SCN2A	pathogenic_missense	ALT	pathogenic_missense
pathogenic_missense|SCN2A|4854063|ALT	SCN2A	pathogenic_missense	ALT	pathogenic_missense
pathogenic_missense|SCN2A|2947455|ALT	SCN2A	pathogenic_missense	ALT	pathogenic_missense
pathogenic_missense|SCN2A|1471623|ALT	SCN2A	pathogenic_missense	ALT	pathogenic_missense
pathogenic_missense|SCN2A|3236774|ALT	SCN2A	pathogenic_missense	ALT	pathogenic_missense
pathogenic_missense|SCN2A|1342690|ALT	SCN2A	pathogenic_missense	ALT	pathogenic_missense
pathogenic_missense|SCN2A|870195|ALT	SCN2A	pathogenic_missense	ALT	pathogenic_missense
pathogenic_missense|SCN2A|3772295|ALT	SCN2A	pathogenic_missense	ALT	pathogenic_missense
pathogenic_missense|SCN2A|1342670|ALT	SCN2A	pathogenic_missense	ALT	pathogenic_missense
pathogenic_missense|SCN2A|3370511|ALT	SCN2A	pathogenic_missense	ALT	pathogenic_missense
pathogenic_missense|SCN2A|207052|ALT	SCN2A	pathogenic_missense	ALT	pathogenic_missense
pathogenic_missense|SCN2A|1072191|ALT	SCN2A	pathogenic_missense	ALT	pathogenic_missense
pathogenic_missense|SCN2A|661206|ALT	SCN2A	pathogenic_missense	ALT	pathogenic_missense
pathogenic_missense|SCN2A|812987|ALT	SCN2A	pathogenic_missense	ALT	pathogenic_missense
pathogenic_missense|SCN2A|207053|ALT	SCN2A	pathogenic_missense	ALT	pathogenic_missense
pathogenic_missense|SCN2A|1686161|ALT	SCN2A	pathogenic_missense	ALT	pathogenic_missense
pathogenic_missense|SCN2A|207054|ALT	SCN2A	pathogenic_missense	ALT	pathogenic_missense
pathogenic_missense|SCN2A|1527961|ALT	SCN2A	pathogenic_missense	ALT	pathogenic_missense
pathogenic_missense|SCN2A|1342694|ALT	SCN2A	pathogenic_missense	ALT	pathogenic_missense
pathogenic_missense|SCN2A|207055|ALT	SCN2A	pathogenic_missense	ALT	pathogenic_missense
pathogenic_missense|SCN2A|207056|ALT	SCN2A	pathogenic_missense	ALT	pathogenic_missense
pathogenic_missense|SCN2A|432064|ALT	SCN2A	pathogenic_missense	ALT	pathogenic_missense
pathogenic_missense|SCN2A|421470|ALT	SCN2A	pathogenic_missense	ALT	pathogenic_missense
pathogenic_missense|SCN2A|1342697|ALT	SCN2A	pathogenic_missense	ALT	pathogenic_missense
pathogenic_missense|SCN2A|207057|ALT	SCN2A	pathogenic_missense	ALT	pathogenic_missense
pathogenic_missense|SCN2A|1490380|ALT	SCN2A	pathogenic_missense	ALT	pathogenic_missense
pathogenic_missense|SCN2A|1342698|ALT	SCN2A	pathogenic_missense	ALT	pathogenic_missense
pathogenic_missense|SCN2A|433097|ALT	SCN2A	pathogenic_missense	ALT	pathogenic_missense
pathogenic_missense|SCN2A|1787351|ALT	SCN2A	pathogenic_missense	ALT	pathogenic_missense
pathogenic_missense|SCN2A|1014704|ALT	SCN2A	pathogenic_missense	ALT	pathogenic_missense
pathogenic_missense|SCN2A|816922|ALT	SCN2A	pathogenic_missense	ALT	pathogenic_missense
pathogenic_missense|SCN2A|2446305|ALT	SCN2A	pathogenic_missense	ALT	pathogenic_missense
pathogenic_missense|SCN2A|2580161|ALT	SCN2A	pathogenic_missense	ALT	pathogenic_missense
pathogenic_missense|SCN2A|2928082|ALT	SCN2A	pathogenic_missense	ALT	pathogenic_missense
pathogenic_missense|SCN2A|870189|ALT	SCN2A	pathogenic_missense	ALT	pathogenic_missense
pathogenic_missense|SCN2A|642543|ALT	SCN2A	pathogenic_missense	ALT	pathogenic_missense
pathogenic_missense|SCN2A|984898|ALT	SCN2A	pathogenic_missense	ALT	pathogenic_missense
pathogenic_missense|SCN2A|4814183|ALT	SCN2A	pathogenic_missense	ALT	pathogenic_missense
pathogenic_missense|SCN2A|194555|ALT	SCN2A	pathogenic_missense	ALT	pathogenic_missense
pathogenic_missense|SCN2A|1451854|ALT	SCN2A	pathogenic_missense	ALT	pathogenic_missense
pathogenic_missense|SCN2A|212125|ALT	SCN2A	pathogenic_missense	ALT	pathogenic_missense
pathogenic_missense|SCN2A|1256055|ALT	SCN2A	pathogenic_missense	ALT	pathogenic_missense
pathogenic_missense|SCN2A|2580772|ALT	SCN2A	pathogenic_missense	ALT	pathogenic_missense
pathogenic_missense|SCN2A|206968|ALT	SCN2A	pathogenic_missense	ALT	pathogenic_missense
pathogenic_missense|SCN2A|872403|ALT	SCN2A	pathogenic_missense	ALT	pathogenic_missense
pathogenic_missense|SCN2A|449958|ALT	SCN2A	pathogenic_missense	ALT	pathogenic_missense
pathogenic_missense|SCN2A|206969|ALT	SCN2A	pathogenic_missense	ALT	pathogenic_missense
pathogenic_missense|SCN2A|590186|ALT	SCN2A	pathogenic_missense	ALT	pathogenic_missense
pathogenic_missense|SCN2A|689785|ALT	SCN2A	pathogenic_missense	ALT	pathogenic_missense
pathogenic_missense|SCN2A|206970|ALT	SCN2A	pathogenic_missense	ALT	pathogenic_missense
pathogenic_missense|SCN2A|520571|ALT	SCN2A	pathogenic_missense	ALT	pathogenic_missense
pathogenic_missense|SCN2A|3338177|ALT	SCN2A	pathogenic_missense	ALT	pathogenic_missense
pathogenic_missense|SCN2A|206972|ALT	SCN2A	pathogenic_missense	ALT	pathogenic_missense
pathogenic_missense|SCN2A|801778|ALT	SCN2A	pathogenic_missense	ALT	pathogenic_missense
pathogenic_missense|SCN2A|4850844|ALT	SCN2A	pathogenic_missense	ALT	pathogenic_missense
pathogenic_missense|SCN2A|12878|ALT	SCN2A	pathogenic_missense	ALT	pathogenic_missense
pathogenic_missense|SCN2A|2947342|ALT	SCN2A	pathogenic_missense	ALT	pathogenic_missense
pathogenic_missense|SCN2A|375508|ALT	SCN2A	pathogenic_missense	ALT	pathogenic_missense
pathogenic_missense|SCN2A|206975|ALT	SCN2A	pathogenic_missense	ALT	pathogenic_missense
pathogenic_missense|SCN2A|429576|ALT	SCN2A	pathogenic_missense	ALT	pathogenic_missense
pathogenic_missense|SCN2A|285909|ALT	SCN2A	pathogenic_missense	ALT	pathogenic_missense
pathogenic_missense|SCN2A|206973|ALT	SCN2A	pathogenic_missense	ALT	pathogenic_missense
pathogenic_missense|SCN2A|2692367|ALT	SCN2A	pathogenic_missense	ALT	pathogenic_missense
pathogenic_missense|SCN2A|206976|ALT	SCN2A	pathogenic_missense	ALT	pathogenic_missense
pathogenic_missense|SCN2A|392633|ALT	SCN2A	pathogenic_missense	ALT	pathogenic_missense
pathogenic_missense|SCN2A|3759060|ALT	SCN2A	pathogenic_missense	ALT	pathogenic_missense
pathogenic_missense|SCN2A|4292323|ALT	SCN2A	pathogenic_missense	ALT	pathogenic_missense
pathogenic_missense|SCN2A|426287|ALT	SCN2A	pathogenic_missense	ALT	pathogenic_missense
pathogenic_missense|SCN2A|2635292|ALT	SCN2A	pathogenic_missense	ALT	pathogenic_missense
pathogenic_missense|SCN2A|207080|ALT	SCN2A	pathogenic_missense	ALT	pathogenic_missense
pathogenic_missense|SCN2A|432034|ALT	SCN2A	pathogenic_missense	ALT	pathogenic_missense
pathogenic_missense|SCN2A|1708031|ALT	SCN2A	pathogenic_missense	ALT	pathogenic_missense
pathogenic_missense|SCN2A|2532195|ALT	SCN2A	pathogenic_missense	ALT	pathogenic_missense
pathogenic_missense|SCN2A|2260702|ALT	SCN2A	pathogenic_missense	ALT	pathogenic_missense
pathogenic_missense|SCN2A|4082328|ALT	SCN2A	pathogenic_missense	ALT	pathogenic_missense
pathogenic_missense|SCN2A|1209483|ALT	SCN2A	pathogenic_missense	ALT	pathogenic_missense
pathogenic_missense|SCN2A|1342692|ALT	SCN2A	pathogenic_missense	ALT	pathogenic_missense
pathogenic_missense|SCN2A|1342681|ALT	SCN2A	pathogenic_missense	ALT	pathogenic_missense
pathogenic_missense|SCN2A|390254|ALT	SCN2A	pathogenic_missense	ALT	pathogenic_missense
pathogenic_missense|SCN2A|984817|ALT	SCN2A	pathogenic_missense	ALT	pathogenic_missense
pathogenic_missense|SCN2A|1708032|ALT	SCN2A	pathogenic_missense	ALT	pathogenic_missense
pathogenic_missense|SCN2A|1708037|ALT	SCN2A	pathogenic_missense	ALT	pathogenic_missense
pathogenic_missense|SCN2A|3340833|ALT	SCN2A	pathogenic_missense	ALT	pathogenic_missense
pathogenic_missense|SCN2A|2950020|ALT	SCN2A	pathogenic_missense	ALT	pathogenic_missense
pathogenic_missense|SCN2A|4789342|ALT	SCN2A	pathogenic_missense	ALT	pathogenic_missense
pathogenic_missense|SCN2A|1443607|ALT	SCN2A	pathogenic_missense	ALT	pathogenic_missense
pathogenic_missense|SCN2A|984864|ALT	SCN2A	pathogenic_missense	ALT	pathogenic_missense
pathogenic_missense|SCN2A|2021309|ALT	SCN2A	pathogenic_missense	ALT	pathogenic_missense
pathogenic_missense|SCN2A|2949441|ALT	SCN2A	pathogenic_missense	ALT	pathogenic_missense
pathogenic_missense|SCN2A|985318|ALT	SCN2A	pathogenic_missense	ALT	pathogenic_missense
pathogenic_missense|SCN2A|3053550|ALT	SCN2A	pathogenic_missense	ALT	pathogenic_missense
pathogenic_missense|SCN2A|938446|ALT	SCN2A	pathogenic_missense	ALT	pathogenic_missense
pathogenic_missense|SCN2A|836860|ALT	SCN2A	pathogenic_missense	ALT	pathogenic_missense
pathogenic_missense|SCN2A|1701078|ALT	SCN2A	pathogenic_missense	ALT	pathogenic_missense
pathogenic_missense|SCN2A|1502099|ALT	SCN2A	pathogenic_missense	ALT	pathogenic_missense
pathogenic_missense|SCN2A|1203296|ALT	SCN2A	pathogenic_missense	ALT	pathogenic_missense
pathogenic_missense|SCN2A|206978|ALT	SCN2A	pathogenic_missense	ALT	pathogenic_missense
pathogenic_missense|SCN2A|2093457|ALT	SCN2A	pathogenic_missense	ALT	pathogenic_missense
pathogenic_missense|SCN2A|1299578|ALT	SCN2A	pathogenic_missense	ALT	pathogenic_missense
pathogenic_missense|SCN2A|3375750|ALT	SCN2A	pathogenic_missense	ALT	pathogenic_missense
pathogenic_missense|SCN2A|206981|ALT	SCN2A	pathogenic_missense	ALT	pathogenic_missense
pathogenic_missense|SCN2A|3343633|ALT	SCN2A	pathogenic_missense	ALT	pathogenic_missense
pathogenic_missense|SCN2A|984816|ALT	SCN2A	pathogenic_missense	ALT	pathogenic_missense
pathogenic_missense|SCN2A|29886|ALT	SCN2A	pathogenic_missense	ALT	pathogenic_missense
pathogenic_missense|SCN2A|839313|ALT	SCN2A	pathogenic_missense	ALT	pathogenic_missense
pathogenic_missense|SCN2A|801781|ALT	SCN2A	pathogenic_missense	ALT	pathogenic_missense
pathogenic_missense|SCN2A|984832|ALT	SCN2A	pathogenic_missense	ALT	pathogenic_missense
pathogenic_missense|SCN2A|984831|ALT	SCN2A	pathogenic_missense	ALT	pathogenic_missense
pathogenic_missense|SCN2A|1508868|ALT	SCN2A	pathogenic_missense	ALT	pathogenic_missense
pathogenic_missense|SCN2A|1802560|ALT	SCN2A	pathogenic_missense	ALT	pathogenic_missense
pathogenic_missense|SCN2A|2948571|ALT	SCN2A	pathogenic_missense	ALT	pathogenic_missense
pathogenic_missense|SCN2A|859669|ALT	SCN2A	pathogenic_missense	ALT	pathogenic_missense
pathogenic_missense|SCN2A|1727247|ALT	SCN2A	pathogenic_missense	ALT	pathogenic_missense
pathogenic_missense|SCN2A|1342688|ALT	SCN2A	pathogenic_missense	ALT	pathogenic_missense
pathogenic_missense|SCN2A|206990|ALT	SCN2A	pathogenic_missense	ALT	pathogenic_missense
pathogenic_missense|SCN2A|1708035|ALT	SCN2A	pathogenic_missense	ALT	pathogenic_missense
pathogenic_missense|SCN2A|206991|ALT	SCN2A	pathogenic_missense	ALT	pathogenic_missense
pathogenic_missense|SCN2A|410982|ALT	SCN2A	pathogenic_missense	ALT	pathogenic_missense
pathogenic_missense|SCN2A|12880|ALT	SCN2A	pathogenic_missense	ALT	pathogenic_missense
pathogenic_missense|SCN2A|2203163|ALT	SCN2A	pathogenic_missense	ALT	pathogenic_missense
pathogenic_missense|SCN2A|379254|ALT	SCN2A	pathogenic_missense	ALT	pathogenic_missense
pathogenic_missense|SCN2A|2036225|ALT	SCN2A	pathogenic_missense	ALT	pathogenic_missense
pathogenic_missense|SCN2A|381961|ALT	SCN2A	pathogenic_missense	ALT	pathogenic_missense
pathogenic_missense|SCN2A|375505|ALT	SCN2A	pathogenic_missense	ALT	pathogenic_missense
pathogenic_missense|SCN2A|391978|ALT	SCN2A	pathogenic_missense	ALT	pathogenic_missense
pathogenic_missense|SCN2A|453152|ALT	SCN2A	pathogenic_missense	ALT	pathogenic_missense
pathogenic_missense|SCN2A|2169504|ALT	SCN2A	pathogenic_missense	ALT	pathogenic_missense
pathogenic_missense|SCN2A|206993|ALT	SCN2A	pathogenic_missense	ALT	pathogenic_missense
pathogenic_missense|SCN2A|391368|ALT	SCN2A	pathogenic_missense	ALT	pathogenic_missense
pathogenic_missense|SCN2A|451715|ALT	SCN2A	pathogenic_missense	ALT	pathogenic_missense
pathogenic_missense|SCN2A|1045750|ALT	SCN2A	pathogenic_missense	ALT	pathogenic_missense
pathogenic_missense|SCN2A|12876|ALT	SCN2A	pathogenic_missense	ALT	pathogenic_missense
pathogenic_missense|SCN2A|450844|ALT	SCN2A	pathogenic_missense	ALT	pathogenic_missense
pathogenic_missense|SCN2A|206994|ALT	SCN2A	pathogenic_missense	ALT	pathogenic_missense
pathogenic_missense|SCN2A|1686165|ALT	SCN2A	pathogenic_missense	ALT	pathogenic_missense
pathogenic_missense|SCN2A|265305|ALT	SCN2A	pathogenic_missense	ALT	pathogenic_missense
pathogenic_missense|SCN2A|3349133|ALT	SCN2A	pathogenic_missense	ALT	pathogenic_missense
pathogenic_missense|SCN2A|4789350|ALT	SCN2A	pathogenic_missense	ALT	pathogenic_missense
pathogenic_missense|SCN2A|2092509|ALT	SCN2A	pathogenic_missense	ALT	pathogenic_missense
pathogenic_missense|SCN2A|1325038|ALT	SCN2A	pathogenic_missense	ALT	pathogenic_missense
pathogenic_missense|SCN2A|206995|ALT	SCN2A	pathogenic_missense	ALT	pathogenic_missense
pathogenic_missense|SCN2A|1342679|ALT	SCN2A	pathogenic_missense	ALT	pathogenic_missense
pathogenic_missense|SCN2A|1300201|ALT	SCN2A	pathogenic_missense	ALT	pathogenic_missense
pathogenic_missense|SCN2A|206996|ALT	SCN2A	pathogenic_missense	ALT	pathogenic_missense
pathogenic_missense|SCN2A|4292476|ALT	SCN2A	pathogenic_missense	ALT	pathogenic_missense
pathogenic_missense|SCN2A|375509|ALT	SCN2A	pathogenic_missense	ALT	pathogenic_missense
pathogenic_missense|SCN2A|206997|ALT	SCN2A	pathogenic_missense	ALT	pathogenic_missense
pathogenic_missense|SCN2A|464909|ALT	SCN2A	pathogenic_missense	ALT	pathogenic_missense
pathogenic_missense|SCN2A|4789351|ALT	SCN2A	pathogenic_missense	ALT	pathogenic_missense
pathogenic_missense|SCN2A|206998|ALT	SCN2A	pathogenic_missense	ALT	pathogenic_missense
pathogenic_missense|SCN2A|432025|ALT	SCN2A	pathogenic_missense	ALT	pathogenic_missense
pathogenic_missense|SCN2A|1434531|ALT	SCN2A	pathogenic_missense	ALT	pathogenic_missense
pathogenic_missense|SCN2A|978923|ALT	SCN2A	pathogenic_missense	ALT	pathogenic_missense
pathogenic_missense|SCN2A|2579150|ALT	SCN2A	pathogenic_missense	ALT	pathogenic_missense
pathogenic_missense|SCN2A|839303|ALT	SCN2A	pathogenic_missense	ALT	pathogenic_missense
pathogenic_missense|SCN2A|3897865|ALT	SCN2A	pathogenic_missense	ALT	pathogenic_missense
pathogenic_missense|SCN2A|390338|ALT	SCN2A	pathogenic_missense	ALT	pathogenic_missense
pathogenic_missense|SCN2A|2430272|ALT	SCN2A	pathogenic_missense	ALT	pathogenic_missense
pathogenic_missense|SCN2A|3382570|ALT	SCN2A	pathogenic_missense	ALT	pathogenic_missense
pathogenic_missense|SCN2A|650423|ALT	SCN2A	pathogenic_missense	ALT	pathogenic_missense
pathogenic_missense|SCN2A|801782|ALT	SCN2A	pathogenic_missense	ALT	pathogenic_missense
pathogenic_missense|SCN2A|206999|ALT	SCN2A	pathogenic_missense	ALT	pathogenic_missense
pathogenic_missense|SCN2A|1342671|ALT	SCN2A	pathogenic_missense	ALT	pathogenic_missense
pathogenic_missense|SCN2A|1702654|ALT	SCN2A	pathogenic_missense	ALT	pathogenic_missense
pathogenic_missense|SCN2A|2944368|ALT	SCN2A	pathogenic_missense	ALT	pathogenic_missense
pathogenic_missense|SCN2A|978724|ALT	SCN2A	pathogenic_missense	ALT	pathogenic_missense
pathogenic_missense|SCN2A|207005|ALT	SCN2A	pathogenic_missense	ALT	pathogenic_missense
pathogenic_missense|SCN2A|1342677|ALT	SCN2A	pathogenic_missense	ALT	pathogenic_missense
pathogenic_missense|SCN2A|3367182|ALT	SCN2A	pathogenic_missense	ALT	pathogenic_missense
pathogenic_missense|SCN2A|427011|ALT	SCN2A	pathogenic_missense	ALT	pathogenic_missense
pathogenic_missense|SCN2A|29887|ALT	SCN2A	pathogenic_missense	ALT	pathogenic_missense
pathogenic_missense|SCN2A|4871753|ALT	SCN2A	pathogenic_missense	ALT	pathogenic_missense
pathogenic_missense|SCN2A|1804532|ALT	SCN2A	pathogenic_missense	ALT	pathogenic_missense
pathogenic_missense|SCN2A|1803061|ALT	SCN2A	pathogenic_missense	ALT	pathogenic_missense
pathogenic_missense|SCN2A|1342687|ALT	SCN2A	pathogenic_missense	ALT	pathogenic_missense
pathogenic_missense|SCN2A|842452|ALT	SCN2A	pathogenic_missense	ALT	pathogenic_missense
pathogenic_missense|SCN2A|3759076|ALT	SCN2A	pathogenic_missense	ALT	pathogenic_missense
pathogenic_missense|SCN2A|2941718|ALT	SCN2A	pathogenic_missense	ALT	pathogenic_missense
pathogenic_missense|SCN2A|436661|ALT	SCN2A	pathogenic_missense	ALT	pathogenic_missense
pathogenic_missense|SCN2A|1308640|ALT	SCN2A	pathogenic_missense	ALT	pathogenic_missense
pathogenic_missense|SCN2A|1180106|ALT	SCN2A	pathogenic_missense	ALT	pathogenic_missense
pathogenic_missense|SCN2A|807676|ALT	SCN2A	pathogenic_missense	ALT	pathogenic_missense
pathogenic_missense|SCN2A|1494763|ALT	SCN2A	pathogenic_missense	ALT	pathogenic_missense
pathogenic_missense|SCN2A|1342672|ALT	SCN2A	pathogenic_missense	ALT	pathogenic_missense
pathogenic_missense|SCN2A|2114859|ALT	SCN2A	pathogenic_missense	ALT	pathogenic_missense
pathogenic_missense|SCN2A|1508180|ALT	SCN2A	pathogenic_missense	ALT	pathogenic_missense
pathogenic_missense|SCN2A|207006|ALT	SCN2A	pathogenic_missense	ALT	pathogenic_missense
pathogenic_missense|SCN2A|976140|ALT	SCN2A	pathogenic_missense	ALT	pathogenic_missense
pathogenic_missense|SCN2A|224077|ALT	SCN2A	pathogenic_missense	ALT	pathogenic_missense
pathogenic_missense|SCN2A|1980613|ALT	SCN2A	pathogenic_missense	ALT	pathogenic_missense
pathogenic_missense|SCN2A|3238770|ALT	SCN2A	pathogenic_missense	ALT	pathogenic_missense
pathogenic_missense|SCN2A|1098291|ALT	SCN2A	pathogenic_missense	ALT	pathogenic_missense
pathogenic_missense|SCN2A|1342674|ALT	SCN2A	pathogenic_missense	ALT	pathogenic_missense
pathogenic_missense|SCN2A|1803060|ALT	SCN2A	pathogenic_missense	ALT	pathogenic_missense
pathogenic_missense|SCN2A|1068258|ALT	SCN2A	pathogenic_missense	ALT	pathogenic_missense
pathogenic_missense|SCN2A|533495|ALT	SCN2A	pathogenic_missense	ALT	pathogenic_missense
pathogenic_missense|SCN2A|984897|ALT	SCN2A	pathogenic_missense	ALT	pathogenic_missense
pathogenic_missense|SCN2A|1342683|ALT	SCN2A	pathogenic_missense	ALT	pathogenic_missense
pathogenic_missense|SCN2A|4783611|ALT	SCN2A	pathogenic_missense	ALT	pathogenic_missense
pathogenic_missense|SCN2A|4851535|ALT	SCN2A	pathogenic_missense	ALT	pathogenic_missense
pathogenic_missense|SCN2A|1987551|ALT	SCN2A	pathogenic_missense	ALT	pathogenic_missense
pathogenic_missense|SCN2A|1342696|ALT	SCN2A	pathogenic_missense	ALT	pathogenic_missense
pathogenic_missense|SCN2A|978723|ALT	SCN2A	pathogenic_missense	ALT	pathogenic_missense
pathogenic_missense|SCN2A|1803063|ALT	SCN2A	pathogenic_missense	ALT	pathogenic_missense
pathogenic_missense|SCN2A|207011|ALT	SCN2A	pathogenic_missense	ALT	pathogenic_missense
pathogenic_missense|SCN2A|207012|ALT	SCN2A	pathogenic_missense	ALT	pathogenic_missense
pathogenic_missense|SCN2A|801783|ALT	SCN2A	pathogenic_missense	ALT	pathogenic_missense
pathogenic_missense|SCN2A|801784|ALT	SCN2A	pathogenic_missense	ALT	pathogenic_missense
pathogenic_missense|SCN2A|2672830|ALT	SCN2A	pathogenic_missense	ALT	pathogenic_missense
pathogenic_missense|SCN2A|375506|ALT	SCN2A	pathogenic_missense	ALT	pathogenic_missense
pathogenic_missense|SCN2A|828183|ALT	SCN2A	pathogenic_missense	ALT	pathogenic_missense
pathogenic_missense|SCN2A|1994107|ALT	SCN2A	pathogenic_missense	ALT	pathogenic_missense
pathogenic_missense|SCN2A|4073641|ALT	SCN2A	pathogenic_missense	ALT	pathogenic_missense
pathogenic_missense|SCN2A|12877|ALT	SCN2A	pathogenic_missense	ALT	pathogenic_missense
pathogenic_missense|SCN2A|801785|ALT	SCN2A	pathogenic_missense	ALT	pathogenic_missense
pathogenic_missense|SCN2A|207013|ALT	SCN2A	pathogenic_missense	ALT	pathogenic_missense
pathogenic_missense|SCN2A|1342682|ALT	SCN2A	pathogenic_missense	ALT	pathogenic_missense
pathogenic_missense|SCN2A|207014|ALT	SCN2A	pathogenic_missense	ALT	pathogenic_missense
pathogenic_missense|SCN2A|3753671|ALT	SCN2A	pathogenic_missense	ALT	pathogenic_missense
pathogenic_missense|SCN2A|224078|ALT	SCN2A	pathogenic_missense	ALT	pathogenic_missense
pathogenic_missense|SCN2A|2662818|ALT	SCN2A	pathogenic_missense	ALT	pathogenic_missense
pathogenic_missense|SCN2A|851010|ALT	SCN2A	pathogenic_missense	ALT	pathogenic_missense
pathogenic_missense|SCN2A|464912|ALT	SCN2A	pathogenic_missense	ALT	pathogenic_missense
pathogenic_missense|SCN2A|940493|ALT	SCN2A	pathogenic_missense	ALT	pathogenic_missense
pathogenic_missense|SCN2A|279927|ALT	SCN2A	pathogenic_missense	ALT	pathogenic_missense
pathogenic_missense|SCN2A|4783612|ALT	SCN2A	pathogenic_missense	ALT	pathogenic_missense
pathogenic_missense|SCN2A|1675804|ALT	SCN2A	pathogenic_missense	ALT	pathogenic_missense
pathogenic_missense|SCN2A|3906897|ALT	SCN2A	pathogenic_missense	ALT	pathogenic_missense
pathogenic_missense|SCN2A|372973|ALT	SCN2A	pathogenic_missense	ALT	pathogenic_missense
pathogenic_missense|SCN2A|383825|ALT	SCN2A	pathogenic_missense	ALT	pathogenic_missense
pathogenic_missense|SCN2A|3906896|ALT	SCN2A	pathogenic_missense	ALT	pathogenic_missense
pathogenic_missense|SCN2A|1074301|ALT	SCN2A	pathogenic_missense	ALT	pathogenic_missense
pathogenic_missense|SCN2A|1704269|ALT	SCN2A	pathogenic_missense	ALT	pathogenic_missense
pathogenic_missense|SCN2A|548699|ALT	SCN2A	pathogenic_missense	ALT	pathogenic_missense
pathogenic_missense|SCN2A|207016|ALT	SCN2A	pathogenic_missense	ALT	pathogenic_missense
pathogenic_missense|SCN2A|4073677|ALT	SCN2A	pathogenic_missense	ALT	pathogenic_missense
pathogenic_missense|SCN2A|870190|ALT	SCN2A	pathogenic_missense	ALT	pathogenic_missense
pathogenic_missense|SCN2A|1342699|ALT	SCN2A	pathogenic_missense	ALT	pathogenic_missense
pathogenic_missense|SCN2A|212129|ALT	SCN2A	pathogenic_missense	ALT	pathogenic_missense
pathogenic_missense|SCN2A|426288|ALT	SCN2A	pathogenic_missense	ALT	pathogenic_missense
pathogenic_missense|SCN2A|372556|ALT	SCN2A	pathogenic_missense	ALT	pathogenic_missense
pathogenic_missense|SCN2A|932957|ALT	SCN2A	pathogenic_missense	ALT	pathogenic_missense
pathogenic_missense|SCN2A|633560|ALT	SCN2A	pathogenic_missense	ALT	pathogenic_missense
pathogenic_missense|SCN2A|1193520|ALT	SCN2A	pathogenic_missense	ALT	pathogenic_missense
pathogenic_missense|SCN2A|1497461|ALT	SCN2A	pathogenic_missense	ALT	pathogenic_missense
pathogenic_missense|SCN2A|2009829|ALT	SCN2A	pathogenic_missense	ALT	pathogenic_missense
pathogenic_missense|SCN2A|207017|ALT	SCN2A	pathogenic_missense	ALT	pathogenic_missense
pathogenic_missense|SCN2A|207018|ALT	SCN2A	pathogenic_missense	ALT	pathogenic_missense
pathogenic_missense|SCN2A|3602105|ALT	SCN2A	pathogenic_missense	ALT	pathogenic_missense
pathogenic_missense|SCN2A|837982|ALT	SCN2A	pathogenic_missense	ALT	pathogenic_missense
pathogenic_missense|SCN2A|1418333|ALT	SCN2A	pathogenic_missense	ALT	pathogenic_missense
pathogenic_missense|SCN2A|840614|ALT	SCN2A	pathogenic_missense	ALT	pathogenic_missense
pathogenic_missense|SCN2A|207019|ALT	SCN2A	pathogenic_missense	ALT	pathogenic_missense
pathogenic_missense|SCN2A|2931831|ALT	SCN2A	pathogenic_missense	ALT	pathogenic_missense
pathogenic_missense|SCN2A|660961|ALT	SCN2A	pathogenic_missense	ALT	pathogenic_missense
pathogenic_missense|SCN2A|979196|ALT	SCN2A	pathogenic_missense	ALT	pathogenic_missense
pathogenic_missense|SCN2A|932954|ALT	SCN2A	pathogenic_missense	ALT	pathogenic_missense
pathogenic_missense|SCN2A|1000049|ALT	SCN2A	pathogenic_missense	ALT	pathogenic_missense
pathogenic_missense|SCN2A|380389|ALT	SCN2A	pathogenic_missense	ALT	pathogenic_missense
pathogenic_missense|SCN2A|2028468|ALT	SCN2A	pathogenic_missense	ALT	pathogenic_missense
pathogenic_missense|SCN2A|1809730|ALT	SCN2A	pathogenic_missense	ALT	pathogenic_missense
pathogenic_missense|SCN2A|207022|ALT	SCN2A	pathogenic_missense	ALT	pathogenic_missense
pathogenic_missense|SCN2A|2578870|ALT	SCN2A	pathogenic_missense	ALT	pathogenic_missense
pathogenic_missense|SCN2A|1344839|ALT	SCN2A	pathogenic_missense	ALT	pathogenic_missense
pathogenic_missense|SCN2A|2020237|ALT	SCN2A	pathogenic_missense	ALT	pathogenic_missense
pathogenic_missense|SCN2A|835364|ALT	SCN2A	pathogenic_missense	ALT	pathogenic_missense
pathogenic_missense|SCN2A|2949708|ALT	SCN2A	pathogenic_missense	ALT	pathogenic_missense
pathogenic_missense|SCN2A|1342676|ALT	SCN2A	pathogenic_missense	ALT	pathogenic_missense
pathogenic_missense|SCN2A|1028211|ALT	SCN2A	pathogenic_missense	ALT	pathogenic_missense
pathogenic_missense|SCN2A|1342685|ALT	SCN2A	pathogenic_missense	ALT	pathogenic_missense
pathogenic_missense|SCN2A|1013421|ALT	SCN2A	pathogenic_missense	ALT	pathogenic_missense
pathogenic_missense|SCN2A|870747|ALT	SCN2A	pathogenic_missense	ALT	pathogenic_missense
pathogenic_missense|SCN2A|3065413|ALT	SCN2A	pathogenic_missense	ALT	pathogenic_missense
pathogenic_missense|SCN2A|1704260|ALT	SCN2A	pathogenic_missense	ALT	pathogenic_missense
pathogenic_missense|SCN2A|978919|ALT	SCN2A	pathogenic_missense	ALT	pathogenic_missense
pathogenic_missense|SCN2A|4854127|ALT	SCN2A	pathogenic_missense	ALT	pathogenic_missense
pathogenic_missense|SCN2A|989272|ALT	SCN2A	pathogenic_missense	ALT	pathogenic_missense
pathogenic_missense|SCN2A|420819|ALT	SCN2A	pathogenic_missense	ALT	pathogenic_missense
pathogenic_missense|SCN2A|1708034|ALT	SCN2A	pathogenic_missense	ALT	pathogenic_missense
pathogenic_missense|SCN2A|520884|ALT	SCN2A	pathogenic_missense	ALT	pathogenic_missense
pathogenic_missense|SCN2A|1342693|ALT	SCN2A	pathogenic_missense	ALT	pathogenic_missense
pathogenic_missense|SCN2A|984818|ALT	SCN2A	pathogenic_missense	ALT	pathogenic_missense
pathogenic_missense|SCN2A|410984|ALT	SCN2A	pathogenic_missense	ALT	pathogenic_missense
pathogenic_missense|SCN2A|4854186|ALT	SCN2A	pathogenic_missense	ALT	pathogenic_missense
pathogenic_missense|SCN2A|984857|ALT	SCN2A	pathogenic_missense	ALT	pathogenic_missense
pathogenic_missense|SCN2A|3753673|ALT	SCN2A	pathogenic_missense	ALT	pathogenic_missense
pathogenic_missense|SCN2A|2921995|ALT	SCN2A	pathogenic_missense	ALT	pathogenic_missense
pathogenic_missense|SCN2A|2098181|ALT	SCN2A	pathogenic_missense	ALT	pathogenic_missense
pathogenic_missense|SCN2A|2502049|ALT	SCN2A	pathogenic_missense	ALT	pathogenic_missense
pathogenic_missense|SCN2A|813788|ALT	SCN2A	pathogenic_missense	ALT	pathogenic_missense
pathogenic_missense|SCN2A|2944817|ALT	SCN2A	pathogenic_missense	ALT	pathogenic_missense
pathogenic_missense|SCN2A|3753674|ALT	SCN2A	pathogenic_missense	ALT	pathogenic_missense
pathogenic_missense|SCN2A|1342673|ALT	SCN2A	pathogenic_missense	ALT	pathogenic_missense
pathogenic_missense|SCN2A|620045|ALT	SCN2A	pathogenic_missense	ALT	pathogenic_missense
pathogenic_missense|SCN2A|1342686|ALT	SCN2A	pathogenic_missense	ALT	pathogenic_missense
pathogenic_missense|SCN2A|419634|ALT	SCN2A	pathogenic_missense	ALT	pathogenic_missense
pathogenic_missense|SCN2A|521745|ALT	SCN2A	pathogenic_missense	ALT	pathogenic_missense
pathogenic_missense|SCN2A|620041|ALT	SCN2A	pathogenic_missense	ALT	pathogenic_missense
pathogenic_missense|SCN2A|1325039|ALT	SCN2A	pathogenic_missense	ALT	pathogenic_missense
pathogenic_missense|SCN2A|4814186|ALT	SCN2A	pathogenic_missense	ALT	pathogenic_missense
pathogenic_missense|SCN2A|520713|ALT	SCN2A	pathogenic_missense	ALT	pathogenic_missense
pathogenic_missense|SCN2A|1806384|ALT	SCN2A	pathogenic_missense	ALT	pathogenic_missense
pathogenic_missense|SCN2A|207024|ALT	SCN2A	pathogenic_missense	ALT	pathogenic_missense
pathogenic_missense|SCN2A|984900|ALT	SCN2A	pathogenic_missense	ALT	pathogenic_missense
pathogenic_missense|SCN2A|520893|ALT	SCN2A	pathogenic_missense	ALT	pathogenic_missense
pathogenic_missense|SCN2A|3756952|ALT	SCN2A	pathogenic_missense	ALT	pathogenic_missense
pathogenic_missense|SCN2A|801787|ALT	SCN2A	pathogenic_missense	ALT	pathogenic_missense
pathogenic_missense|SCN2A|207025|ALT	SCN2A	pathogenic_missense	ALT	pathogenic_missense
pathogenic_missense|SCN2A|1708033|ALT	SCN2A	pathogenic_missense	ALT	pathogenic_missense
pathogenic_missense|SCN2A|1727245|ALT	SCN2A	pathogenic_missense	ALT	pathogenic_missense
pathogenic_missense|SCN2A|2944788|ALT	SCN2A	pathogenic_missense	ALT	pathogenic_missense
pathogenic_missense|SCN2A|665483|ALT	SCN2A	pathogenic_missense	ALT	pathogenic_missense
pathogenic_missense|SCN2A|2024067|ALT	SCN2A	pathogenic_missense	ALT	pathogenic_missense
pathogenic_missense|SCN2A|3031930|ALT	SCN2A	pathogenic_missense	ALT	pathogenic_missense
pathogenic_missense|SCN2A|1342680|ALT	SCN2A	pathogenic_missense	ALT	pathogenic_missense
pathogenic_missense|SCN2A|4783615|ALT	SCN2A	pathogenic_missense	ALT	pathogenic_missense
pathogenic_missense|SCN2A|3382361|ALT	SCN2A	pathogenic_missense	ALT	pathogenic_missense
pathogenic_missense|SCN2A|813765|ALT	SCN2A	pathogenic_missense	ALT	pathogenic_missense
pathogenic_missense|SCN2A|1478168|ALT	SCN2A	pathogenic_missense	ALT	pathogenic_missense
pathogenic_missense|SCN2A|2933303|ALT	SCN2A	pathogenic_missense	ALT	pathogenic_missense
pathogenic_missense|SCN2A|1498691|ALT	SCN2A	pathogenic_missense	ALT	pathogenic_missense
pathogenic_missense|SCN2A|1342689|ALT	SCN2A	pathogenic_missense	ALT	pathogenic_missense
pathogenic_missense|SCN2A|207028|ALT	SCN2A	pathogenic_missense	ALT	pathogenic_missense
pathogenic_missense|SCN2A|196039|ALT	SCN2A	pathogenic_missense	ALT	pathogenic_missense
pathogenic_missense|SCN2A|207029|ALT	SCN2A	pathogenic_missense	ALT	pathogenic_missense
pathogenic_missense|SCN2A|1493392|ALT	SCN2A	pathogenic_missense	ALT	pathogenic_missense
pathogenic_missense|SCN2A|853123|ALT	SCN2A	pathogenic_missense	ALT	pathogenic_missense
pathogenic_missense|SCN2A|801788|ALT	SCN2A	pathogenic_missense	ALT	pathogenic_missense
pathogenic_missense|STAT1|2500264|ALT	STAT1	pathogenic_missense	ALT	pathogenic_missense
pathogenic_missense|STAT1|3601004|ALT	STAT1	pathogenic_missense	ALT	pathogenic_missense
pathogenic_missense|STAT1|619106|ALT	STAT1	pathogenic_missense	ALT	pathogenic_missense
pathogenic_missense|STAT1|3520672|ALT	STAT1	pathogenic_missense	ALT	pathogenic_missense
pathogenic_missense|STAT1|916560|ALT	STAT1	pathogenic_missense	ALT	pathogenic_missense
pathogenic_missense|STAT1|827739|ALT	STAT1	pathogenic_missense	ALT	pathogenic_missense
pathogenic_missense|STAT1|9043|ALT	STAT1	pathogenic_missense	ALT	pathogenic_missense
pathogenic_missense|STAT1|1524110|ALT	STAT1	pathogenic_missense	ALT	pathogenic_missense
pathogenic_missense|STAT1|155907|ALT	STAT1	pathogenic_missense	ALT	pathogenic_missense
pathogenic_missense|STAT1|3026523|ALT	STAT1	pathogenic_missense	ALT	pathogenic_missense
pathogenic_missense|STAT1|155908|ALT	STAT1	pathogenic_missense	ALT	pathogenic_missense
pathogenic_missense|STAT1|9045|ALT	STAT1	pathogenic_missense	ALT	pathogenic_missense
pathogenic_missense|STAT1|2936500|ALT	STAT1	pathogenic_missense	ALT	pathogenic_missense
pathogenic_missense|STAT1|1704320|ALT	STAT1	pathogenic_missense	ALT	pathogenic_missense
pathogenic_missense|STAT1|1074337|ALT	STAT1	pathogenic_missense	ALT	pathogenic_missense
pathogenic_missense|STAT1|9046|ALT	STAT1	pathogenic_missense	ALT	pathogenic_missense
pathogenic_missense|STAT1|852805|ALT	STAT1	pathogenic_missense	ALT	pathogenic_missense
pathogenic_missense|STAT1|2506763|ALT	STAT1	pathogenic_missense	ALT	pathogenic_missense
pathogenic_missense|STAT1|1803006|ALT	STAT1	pathogenic_missense	ALT	pathogenic_missense
pathogenic_missense|STAT1|3776300|ALT	STAT1	pathogenic_missense	ALT	pathogenic_missense
pathogenic_missense|STAT1|2203236|ALT	STAT1	pathogenic_missense	ALT	pathogenic_missense
pathogenic_missense|STAT1|3345636|ALT	STAT1	pathogenic_missense	ALT	pathogenic_missense
pathogenic_missense|STAT1|860546|ALT	STAT1	pathogenic_missense	ALT	pathogenic_missense
pathogenic_missense|STAT1|804296|ALT	STAT1	pathogenic_missense	ALT	pathogenic_missense
pathogenic_missense|STAT1|4292085|ALT	STAT1	pathogenic_missense	ALT	pathogenic_missense
pathogenic_missense|STAT1|2203238|ALT	STAT1	pathogenic_missense	ALT	pathogenic_missense
pathogenic_missense|STAT1|578600|ALT	STAT1	pathogenic_missense	ALT	pathogenic_missense
pathogenic_missense|STAT1|2203239|ALT	STAT1	pathogenic_missense	ALT	pathogenic_missense
pathogenic_missense|STAT1|144006|ALT	STAT1	pathogenic_missense	ALT	pathogenic_missense
pathogenic_missense|STAT1|208142|ALT	STAT1	pathogenic_missense	ALT	pathogenic_missense
pathogenic_missense|STAT1|2683749|ALT	STAT1	pathogenic_missense	ALT	pathogenic_missense
pathogenic_missense|STAT1|449830|ALT	STAT1	pathogenic_missense	ALT	pathogenic_missense
pathogenic_missense|STAT1|421168|ALT	STAT1	pathogenic_missense	ALT	pathogenic_missense
pathogenic_missense|STAT1|1339527|ALT	STAT1	pathogenic_missense	ALT	pathogenic_missense
pathogenic_missense|STAT1|2630505|ALT	STAT1	pathogenic_missense	ALT	pathogenic_missense
pathogenic_missense|STAT1|1929284|ALT	STAT1	pathogenic_missense	ALT	pathogenic_missense
pathogenic_missense|STAT1|643417|ALT	STAT1	pathogenic_missense	ALT	pathogenic_missense
pathogenic_missense|STAT1|2925337|ALT	STAT1	pathogenic_missense	ALT	pathogenic_missense
pathogenic_missense|STAT1|9047|ALT	STAT1	pathogenic_missense	ALT	pathogenic_missense
pathogenic_missense|STAT1|1264351|ALT	STAT1	pathogenic_missense	ALT	pathogenic_missense
pathogenic_missense|STAT1|426484|ALT	STAT1	pathogenic_missense	ALT	pathogenic_missense
pathogenic_missense|STAT1|541825|ALT	STAT1	pathogenic_missense	ALT	pathogenic_missense
pathogenic_missense|STAT1|2203242|ALT	STAT1	pathogenic_missense	ALT	pathogenic_missense
pathogenic_missense|STAT1|848760|ALT	STAT1	pathogenic_missense	ALT	pathogenic_missense
pathogenic_missense|STAT1|30090|ALT	STAT1	pathogenic_missense	ALT	pathogenic_missense
pathogenic_missense|STAT1|827742|ALT	STAT1	pathogenic_missense	ALT	pathogenic_missense
pathogenic_missense|STAT1|30086|ALT	STAT1	pathogenic_missense	ALT	pathogenic_missense
pathogenic_missense|STAT1|848283|ALT	STAT1	pathogenic_missense	ALT	pathogenic_missense
pathogenic_missense|STAT1|144005|ALT	STAT1	pathogenic_missense	ALT	pathogenic_missense
pathogenic_missense|STAT1|965491|ALT	STAT1	pathogenic_missense	ALT	pathogenic_missense
pathogenic_missense|STAT1|827740|ALT	STAT1	pathogenic_missense	ALT	pathogenic_missense
pathogenic_missense|STAT1|208141|ALT	STAT1	pathogenic_missense	ALT	pathogenic_missense
pathogenic_missense|STAT1|30085|ALT	STAT1	pathogenic_missense	ALT	pathogenic_missense
pathogenic_missense|STAT1|30083|ALT	STAT1	pathogenic_missense	ALT	pathogenic_missense
pathogenic_missense|STAT1|160354|ALT	STAT1	pathogenic_missense	ALT	pathogenic_missense
pathogenic_missense|STAT1|30094|ALT	STAT1	pathogenic_missense	ALT	pathogenic_missense
pathogenic_missense|STAT1|30084|ALT	STAT1	pathogenic_missense	ALT	pathogenic_missense
pathogenic_missense|STAT1|422527|ALT	STAT1	pathogenic_missense	ALT	pathogenic_missense
pathogenic_missense|STAT1|30093|ALT	STAT1	pathogenic_missense	ALT	pathogenic_missense
pathogenic_missense|STAT1|30087|ALT	STAT1	pathogenic_missense	ALT	pathogenic_missense
pathogenic_missense|STAT1|30082|ALT	STAT1	pathogenic_missense	ALT	pathogenic_missense
pathogenic_missense|STAT1|3731323|ALT	STAT1	pathogenic_missense	ALT	pathogenic_missense
pathogenic_missense|STAT1|144004|ALT	STAT1	pathogenic_missense	ALT	pathogenic_missense
pathogenic_missense|STAT1|30088|ALT	STAT1	pathogenic_missense	ALT	pathogenic_missense
pathogenic_missense|STAT1|451429|ALT	STAT1	pathogenic_missense	ALT	pathogenic_missense
pathogenic_missense|STAT1|2943116|ALT	STAT1	pathogenic_missense	ALT	pathogenic_missense
pathogenic_missense|STAT1|1686231|ALT	STAT1	pathogenic_missense	ALT	pathogenic_missense
pathogenic_missense|STAT1|2690904|ALT	STAT1	pathogenic_missense	ALT	pathogenic_missense
pathogenic_missense|STAT1|1486527|ALT	STAT1	pathogenic_missense	ALT	pathogenic_missense
pathogenic_missense|STAT1|30091|ALT	STAT1	pathogenic_missense	ALT	pathogenic_missense
pathogenic_missense|STAT1|30089|ALT	STAT1	pathogenic_missense	ALT	pathogenic_missense
pathogenic_missense|STAT1|30092|ALT	STAT1	pathogenic_missense	ALT	pathogenic_missense
pathogenic_missense|STAT1|827738|ALT	STAT1	pathogenic_missense	ALT	pathogenic_missense
pathogenic_missense|STAT1|2097602|ALT	STAT1	pathogenic_missense	ALT	pathogenic_missense
pathogenic_missense|KIF1A|245898|ALT	KIF1A	pathogenic_missense	ALT	pathogenic_missense
pathogenic_missense|KIF1A|2952198|ALT	KIF1A	pathogenic_missense	ALT	pathogenic_missense
pathogenic_missense|KIF1A|974917|ALT	KIF1A	pathogenic_missense	ALT	pathogenic_missense
pathogenic_missense|KIF1A|37004|ALT	KIF1A	pathogenic_missense	ALT	pathogenic_missense
pathogenic_missense|KIF1A|1452132|ALT	KIF1A	pathogenic_missense	ALT	pathogenic_missense
pathogenic_missense|KIF1A|2504638|ALT	KIF1A	pathogenic_missense	ALT	pathogenic_missense
pathogenic_missense|KIF1A|988992|ALT	KIF1A	pathogenic_missense	ALT	pathogenic_missense
pathogenic_missense|KIF1A|988991|ALT	KIF1A	pathogenic_missense	ALT	pathogenic_missense
pathogenic_missense|KIF1A|2576565|ALT	KIF1A	pathogenic_missense	ALT	pathogenic_missense
pathogenic_missense|KIF1A|3027205|ALT	KIF1A	pathogenic_missense	ALT	pathogenic_missense
pathogenic_missense|KIF1A|4856199|ALT	KIF1A	pathogenic_missense	ALT	pathogenic_missense
pathogenic_missense|KIF1A|974922|ALT	KIF1A	pathogenic_missense	ALT	pathogenic_missense
pathogenic_missense|KIF1A|162060|ALT	KIF1A	pathogenic_missense	ALT	pathogenic_missense
pathogenic_missense|KIF1A|3767220|ALT	KIF1A	pathogenic_missense	ALT	pathogenic_missense
pathogenic_missense|KIF1A|1004912|ALT	KIF1A	pathogenic_missense	ALT	pathogenic_missense
pathogenic_missense|KIF1A|4856116|ALT	KIF1A	pathogenic_missense	ALT	pathogenic_missense
pathogenic_missense|KIF1A|245914|ALT	KIF1A	pathogenic_missense	ALT	pathogenic_missense
pathogenic_missense|KIF1A|3897785|ALT	KIF1A	pathogenic_missense	ALT	pathogenic_missense
pathogenic_missense|KIF1A|869126|ALT	KIF1A	pathogenic_missense	ALT	pathogenic_missense
pathogenic_missense|KIF1A|418275|ALT	KIF1A	pathogenic_missense	ALT	pathogenic_missense
pathogenic_missense|KIF1A|435636|ALT	KIF1A	pathogenic_missense	ALT	pathogenic_missense
pathogenic_missense|KIF1A|3772293|ALT	KIF1A	pathogenic_missense	ALT	pathogenic_missense
pathogenic_missense|KIF1A|428604|ALT	KIF1A	pathogenic_missense	ALT	pathogenic_missense
pathogenic_missense|KIF1A|989196|ALT	KIF1A	pathogenic_missense	ALT	pathogenic_missense
pathogenic_missense|KIF1A|1032200|ALT	KIF1A	pathogenic_missense	ALT	pathogenic_missense
pathogenic_missense|KIF1A|1801064|ALT	KIF1A	pathogenic_missense	ALT	pathogenic_missense
pathogenic_missense|KIF1A|430721|ALT	KIF1A	pathogenic_missense	ALT	pathogenic_missense
pathogenic_missense|KIF1A|245961|ALT	KIF1A	pathogenic_missense	ALT	pathogenic_missense
pathogenic_missense|KIF1A|985565|ALT	KIF1A	pathogenic_missense	ALT	pathogenic_missense
pathogenic_missense|KIF1A|2946720|ALT	KIF1A	pathogenic_missense	ALT	pathogenic_missense
pathogenic_missense|KIF1A|211298|ALT	KIF1A	pathogenic_missense	ALT	pathogenic_missense
pathogenic_missense|KIF1A|234899|ALT	KIF1A	pathogenic_missense	ALT	pathogenic_missense
pathogenic_missense|KIF1A|3776103|ALT	KIF1A	pathogenic_missense	ALT	pathogenic_missense
pathogenic_missense|KIF1A|1320263|ALT	KIF1A	pathogenic_missense	ALT	pathogenic_missense
pathogenic_missense|KIF1A|1803047|ALT	KIF1A	pathogenic_missense	ALT	pathogenic_missense
pathogenic_missense|KIF1A|4293830|ALT	KIF1A	pathogenic_missense	ALT	pathogenic_missense
pathogenic_missense|KIF1A|373113|ALT	KIF1A	pathogenic_missense	ALT	pathogenic_missense
pathogenic_missense|KIF1A|3753713|ALT	KIF1A	pathogenic_missense	ALT	pathogenic_missense
pathogenic_missense|KIF1A|801918|ALT	KIF1A	pathogenic_missense	ALT	pathogenic_missense
pathogenic_missense|KIF1A|645308|ALT	KIF1A	pathogenic_missense	ALT	pathogenic_missense
pathogenic_missense|KIF1A|521233|ALT	KIF1A	pathogenic_missense	ALT	pathogenic_missense
pathogenic_missense|KIF1A|464261|ALT	KIF1A	pathogenic_missense	ALT	pathogenic_missense
pathogenic_missense|KIF1A|1507070|ALT	KIF1A	pathogenic_missense	ALT	pathogenic_missense
pathogenic_missense|KIF1A|30166|ALT	KIF1A	pathogenic_missense	ALT	pathogenic_missense
pathogenic_missense|KIF1A|2035801|ALT	KIF1A	pathogenic_missense	ALT	pathogenic_missense
pathogenic_missense|KIF1A|392042|ALT	KIF1A	pathogenic_missense	ALT	pathogenic_missense
pathogenic_missense|KIF1A|280500|ALT	KIF1A	pathogenic_missense	ALT	pathogenic_missense
pathogenic_missense|KIF1A|245636|ALT	KIF1A	pathogenic_missense	ALT	pathogenic_missense
pathogenic_missense|KIF1A|1477424|ALT	KIF1A	pathogenic_missense	ALT	pathogenic_missense
pathogenic_missense|KIF1A|1486265|ALT	KIF1A	pathogenic_missense	ALT	pathogenic_missense
pathogenic_missense|KIF1A|162059|ALT	KIF1A	pathogenic_missense	ALT	pathogenic_missense
pathogenic_missense|KIF1A|2098196|ALT	KIF1A	pathogenic_missense	ALT	pathogenic_missense
pathogenic_missense|KIF1A|580199|ALT	KIF1A	pathogenic_missense	ALT	pathogenic_missense
pathogenic_missense|KIF1A|1023002|ALT	KIF1A	pathogenic_missense	ALT	pathogenic_missense
pathogenic_missense|KIF1A|4531852|ALT	KIF1A	pathogenic_missense	ALT	pathogenic_missense
pathogenic_missense|KIF1A|986214|ALT	KIF1A	pathogenic_missense	ALT	pathogenic_missense
pathogenic_missense|KIF1A|162061|ALT	KIF1A	pathogenic_missense	ALT	pathogenic_missense
pathogenic_missense|KIF1A|3753714|ALT	KIF1A	pathogenic_missense	ALT	pathogenic_missense
pathogenic_missense|KIF1A|647033|ALT	KIF1A	pathogenic_missense	ALT	pathogenic_missense
pathogenic_missense|KIF1A|3389696|ALT	KIF1A	pathogenic_missense	ALT	pathogenic_missense
pathogenic_missense|KIF1A|989193|ALT	KIF1A	pathogenic_missense	ALT	pathogenic_missense
pathogenic_missense|KIF1A|1685908|ALT	KIF1A	pathogenic_missense	ALT	pathogenic_missense
pathogenic_missense|KIF1A|975719|ALT	KIF1A	pathogenic_missense	ALT	pathogenic_missense
pathogenic_missense|KIF1A|234758|ALT	KIF1A	pathogenic_missense	ALT	pathogenic_missense
pathogenic_missense|KIF1A|208161|ALT	KIF1A	pathogenic_missense	ALT	pathogenic_missense
pathogenic_missense|KIF1A|208160|ALT	KIF1A	pathogenic_missense	ALT	pathogenic_missense
pathogenic_missense|KIF1A|989192|ALT	KIF1A	pathogenic_missense	ALT	pathogenic_missense
pathogenic_missense|KIF1A|162057|ALT	KIF1A	pathogenic_missense	ALT	pathogenic_missense
pathogenic_missense|KIF1A|521717|ALT	KIF1A	pathogenic_missense	ALT	pathogenic_missense
pathogenic_missense|KIF1A|3024339|ALT	KIF1A	pathogenic_missense	ALT	pathogenic_missense
pathogenic_missense|KIF1A|3774955|ALT	KIF1A	pathogenic_missense	ALT	pathogenic_missense
pathogenic_missense|KIF1A|2444114|ALT	KIF1A	pathogenic_missense	ALT	pathogenic_missense
pathogenic_missense|KIF1A|3376669|ALT	KIF1A	pathogenic_missense	ALT	pathogenic_missense
pathogenic_missense|KIF1A|162056|ALT	KIF1A	pathogenic_missense	ALT	pathogenic_missense
pathogenic_missense|KIF1A|4856338|ALT	KIF1A	pathogenic_missense	ALT	pathogenic_missense
pathogenic_missense|KIF1A|449043|ALT	KIF1A	pathogenic_missense	ALT	pathogenic_missense
pathogenic_missense|KIF1A|974924|ALT	KIF1A	pathogenic_missense	ALT	pathogenic_missense
pathogenic_missense|KIF1A|4875244|ALT	KIF1A	pathogenic_missense	ALT	pathogenic_missense
pathogenic_missense|KIF1A|989191|ALT	KIF1A	pathogenic_missense	ALT	pathogenic_missense
pathogenic_missense|KIF1A|974916|ALT	KIF1A	pathogenic_missense	ALT	pathogenic_missense
pathogenic_missense|KIF1A|234716|ALT	KIF1A	pathogenic_missense	ALT	pathogenic_missense
pathogenic_missense|KIF1A|666256|ALT	KIF1A	pathogenic_missense	ALT	pathogenic_missense
pathogenic_missense|KIF1A|234697|ALT	KIF1A	pathogenic_missense	ALT	pathogenic_missense
pathogenic_missense|KIF1A|4538461|ALT	KIF1A	pathogenic_missense	ALT	pathogenic_missense
pathogenic_missense|KIF1A|974913|ALT	KIF1A	pathogenic_missense	ALT	pathogenic_missense
pathogenic_missense|KIF1A|162055|ALT	KIF1A	pathogenic_missense	ALT	pathogenic_missense
pathogenic_missense|KIF1A|801919|ALT	KIF1A	pathogenic_missense	ALT	pathogenic_missense
pathogenic_missense|KIF1A|985166|ALT	KIF1A	pathogenic_missense	ALT	pathogenic_missense
pathogenic_missense|KIF1A|1058331|ALT	KIF1A	pathogenic_missense	ALT	pathogenic_missense
pathogenic_missense|KIF1A|974915|ALT	KIF1A	pathogenic_missense	ALT	pathogenic_missense
pathogenic_missense|KIF1A|1319270|ALT	KIF1A	pathogenic_missense	ALT	pathogenic_missense
pathogenic_missense|KIF1A|1696931|ALT	KIF1A	pathogenic_missense	ALT	pathogenic_missense
pathogenic_missense|KIF1A|162054|ALT	KIF1A	pathogenic_missense	ALT	pathogenic_missense
pathogenic_missense|KIF1A|984652|ALT	KIF1A	pathogenic_missense	ALT	pathogenic_missense
pathogenic_missense|KIF1A|520815|ALT	KIF1A	pathogenic_missense	ALT	pathogenic_missense
pathogenic_missense|KIF1A|4845676|ALT	KIF1A	pathogenic_missense	ALT	pathogenic_missense
pathogenic_missense|KIF1A|974923|ALT	KIF1A	pathogenic_missense	ALT	pathogenic_missense
pathogenic_missense|KIF1A|432272|ALT	KIF1A	pathogenic_missense	ALT	pathogenic_missense
pathogenic_missense|KIF1A|162053|ALT	KIF1A	pathogenic_missense	ALT	pathogenic_missense
pathogenic_missense|KIF1A|422067|ALT	KIF1A	pathogenic_missense	ALT	pathogenic_missense
pathogenic_missense|KIF1A|2444305|ALT	KIF1A	pathogenic_missense	ALT	pathogenic_missense
pathogenic_missense|KIF1A|30169|ALT	KIF1A	pathogenic_missense	ALT	pathogenic_missense
pathogenic_missense|KIF1A|3337222|ALT	KIF1A	pathogenic_missense	ALT	pathogenic_missense
pathogenic_missense|KIF1A|2578901|ALT	KIF1A	pathogenic_missense	ALT	pathogenic_missense
pathogenic_missense|KIF1A|4795001|ALT	KIF1A	pathogenic_missense	ALT	pathogenic_missense
pathogenic_missense|KIF1A|1987306|ALT	KIF1A	pathogenic_missense	ALT	pathogenic_missense
pathogenic_missense|KIF1A|224157|ALT	KIF1A	pathogenic_missense	ALT	pathogenic_missense
pathogenic_missense|KIF1A|432584|ALT	KIF1A	pathogenic_missense	ALT	pathogenic_missense
pathogenic_missense|KIF1A|801920|ALT	KIF1A	pathogenic_missense	ALT	pathogenic_missense
pathogenic_missense|KIF1A|989190|ALT	KIF1A	pathogenic_missense	ALT	pathogenic_missense
pathogenic_missense|KIF1A|373905|ALT	KIF1A	pathogenic_missense	ALT	pathogenic_missense
pathogenic_missense|KIF1A|3753720|ALT	KIF1A	pathogenic_missense	ALT	pathogenic_missense
pathogenic_missense|KIF1A|188057|ALT	KIF1A	pathogenic_missense	ALT	pathogenic_missense
pathogenic_missense|KIF1A|989188|ALT	KIF1A	pathogenic_missense	ALT	pathogenic_missense
pathogenic_missense|KIF1A|4789387|ALT	KIF1A	pathogenic_missense	ALT	pathogenic_missense
pathogenic_missense|KIF1A|162052|ALT	KIF1A	pathogenic_missense	ALT	pathogenic_missense
pathogenic_missense|KIF1A|1349128|ALT	KIF1A	pathogenic_missense	ALT	pathogenic_missense
pathogenic_missense|KIF1A|2633836|ALT	KIF1A	pathogenic_missense	ALT	pathogenic_missense
pathogenic_missense|KIF1A|864523|ALT	KIF1A	pathogenic_missense	ALT	pathogenic_missense
pathogenic_missense|KIF1A|2940950|ALT	KIF1A	pathogenic_missense	ALT	pathogenic_missense
pathogenic_missense|KIF1A|1505292|ALT	KIF1A	pathogenic_missense	ALT	pathogenic_missense
pathogenic_missense|KIF1A|989187|ALT	KIF1A	pathogenic_missense	ALT	pathogenic_missense
pathogenic_missense|KIF1A|4813322|ALT	KIF1A	pathogenic_missense	ALT	pathogenic_missense
pathogenic_missense|KIF1A|3753722|ALT	KIF1A	pathogenic_missense	ALT	pathogenic_missense
pathogenic_missense|KIF1A|974871|ALT	KIF1A	pathogenic_missense	ALT	pathogenic_missense
pathogenic_missense|KIF1A|977818|ALT	KIF1A	pathogenic_missense	ALT	pathogenic_missense
pathogenic_missense|KIF1A|209165|ALT	KIF1A	pathogenic_missense	ALT	pathogenic_missense
pathogenic_missense|KIF1A|426934|ALT	KIF1A	pathogenic_missense	ALT	pathogenic_missense
pathogenic_missense|KIF1A|421138|ALT	KIF1A	pathogenic_missense	ALT	pathogenic_missense
pathogenic_missense|KIF1A|1001813|ALT	KIF1A	pathogenic_missense	ALT	pathogenic_missense
pathogenic_missense|KIF1A|654820|ALT	KIF1A	pathogenic_missense	ALT	pathogenic_missense
pathogenic_missense|KIF1A|424652|ALT	KIF1A	pathogenic_missense	ALT	pathogenic_missense
pathogenic_missense|KCNQ2|3248555|ALT	KCNQ2	pathogenic_missense	ALT	pathogenic_missense
pathogenic_missense|KCNQ2|219239|ALT	KCNQ2	pathogenic_missense	ALT	pathogenic_missense
pathogenic_missense|KCNQ2|582756|ALT	KCNQ2	pathogenic_missense	ALT	pathogenic_missense
pathogenic_missense|KCNQ2|3903273|ALT	KCNQ2	pathogenic_missense	ALT	pathogenic_missense
pathogenic_missense|KCNQ2|2081170|ALT	KCNQ2	pathogenic_missense	ALT	pathogenic_missense
pathogenic_missense|KCNQ2|1068430|ALT	KCNQ2	pathogenic_missense	ALT	pathogenic_missense
pathogenic_missense|KCNQ2|4277618|ALT	KCNQ2	pathogenic_missense	ALT	pathogenic_missense
pathogenic_missense|KCNQ2|205920|ALT	KCNQ2	pathogenic_missense	ALT	pathogenic_missense
pathogenic_missense|KCNQ2|21769|ALT	KCNQ2	pathogenic_missense	ALT	pathogenic_missense
pathogenic_missense|KCNQ2|265380|ALT	KCNQ2	pathogenic_missense	ALT	pathogenic_missense
pathogenic_missense|KCNQ2|2780448|ALT	KCNQ2	pathogenic_missense	ALT	pathogenic_missense
pathogenic_missense|KCNQ2|205919|ALT	KCNQ2	pathogenic_missense	ALT	pathogenic_missense
pathogenic_missense|KCNQ2|1458160|ALT	KCNQ2	pathogenic_missense	ALT	pathogenic_missense
pathogenic_missense|KCNQ2|452187|ALT	KCNQ2	pathogenic_missense	ALT	pathogenic_missense
pathogenic_missense|KCNQ2|369807|ALT	KCNQ2	pathogenic_missense	ALT	pathogenic_missense
pathogenic_missense|KCNQ2|1483056|ALT	KCNQ2	pathogenic_missense	ALT	pathogenic_missense
pathogenic_missense|KCNQ2|205918|ALT	KCNQ2	pathogenic_missense	ALT	pathogenic_missense
pathogenic_missense|KCNQ2|1022468|ALT	KCNQ2	pathogenic_missense	ALT	pathogenic_missense
pathogenic_missense|KCNQ2|429666|ALT	KCNQ2	pathogenic_missense	ALT	pathogenic_missense
pathogenic_missense|KCNQ2|3720584|ALT	KCNQ2	pathogenic_missense	ALT	pathogenic_missense
pathogenic_missense|KCNQ2|2855247|ALT	KCNQ2	pathogenic_missense	ALT	pathogenic_missense
pathogenic_missense|KCNQ2|836158|ALT	KCNQ2	pathogenic_missense	ALT	pathogenic_missense
pathogenic_missense|KCNQ2|429424|ALT	KCNQ2	pathogenic_missense	ALT	pathogenic_missense
pathogenic_missense|KCNQ2|205917|ALT	KCNQ2	pathogenic_missense	ALT	pathogenic_missense
pathogenic_missense|KCNQ2|2001199|ALT	KCNQ2	pathogenic_missense	ALT	pathogenic_missense
pathogenic_missense|KCNQ2|205916|ALT	KCNQ2	pathogenic_missense	ALT	pathogenic_missense
pathogenic_missense|KCNQ2|1301899|ALT	KCNQ2	pathogenic_missense	ALT	pathogenic_missense
pathogenic_missense|KCNQ2|1469749|ALT	KCNQ2	pathogenic_missense	ALT	pathogenic_missense
pathogenic_missense|KCNQ2|372677|ALT	KCNQ2	pathogenic_missense	ALT	pathogenic_missense
pathogenic_missense|KCNQ2|205915|ALT	KCNQ2	pathogenic_missense	ALT	pathogenic_missense
pathogenic_missense|KCNQ2|2749889|ALT	KCNQ2	pathogenic_missense	ALT	pathogenic_missense
pathogenic_missense|KCNQ2|205914|ALT	KCNQ2	pathogenic_missense	ALT	pathogenic_missense
pathogenic_missense|KCNQ2|1710128|ALT	KCNQ2	pathogenic_missense	ALT	pathogenic_missense
pathogenic_missense|KCNQ2|2099169|ALT	KCNQ2	pathogenic_missense	ALT	pathogenic_missense
pathogenic_missense|KCNQ2|813758|ALT	KCNQ2	pathogenic_missense	ALT	pathogenic_missense
pathogenic_missense|KCNQ2|7388|ALT	KCNQ2	pathogenic_missense	ALT	pathogenic_missense
pathogenic_missense|KCNQ2|369805|ALT	KCNQ2	pathogenic_missense	ALT	pathogenic_missense
pathogenic_missense|KCNQ2|560650|ALT	KCNQ2	pathogenic_missense	ALT	pathogenic_missense
pathogenic_missense|KCNQ2|21767|ALT	KCNQ2	pathogenic_missense	ALT	pathogenic_missense
pathogenic_missense|KCNQ2|205913|ALT	KCNQ2	pathogenic_missense	ALT	pathogenic_missense
pathogenic_missense|KCNQ2|1705411|ALT	KCNQ2	pathogenic_missense	ALT	pathogenic_missense
pathogenic_missense|KCNQ2|3235879|ALT	KCNQ2	pathogenic_missense	ALT	pathogenic_missense
pathogenic_missense|KCNQ2|2005878|ALT	KCNQ2	pathogenic_missense	ALT	pathogenic_missense
pathogenic_missense|KCNQ2|205912|ALT	KCNQ2	pathogenic_missense	ALT	pathogenic_missense
pathogenic_missense|KCNQ2|226112|ALT	KCNQ2	pathogenic_missense	ALT	pathogenic_missense
pathogenic_missense|KCNQ2|934692|ALT	KCNQ2	pathogenic_missense	ALT	pathogenic_missense
pathogenic_missense|KCNQ2|39761|ALT	KCNQ2	pathogenic_missense	ALT	pathogenic_missense
pathogenic_missense|KCNQ2|369800|ALT	KCNQ2	pathogenic_missense	ALT	pathogenic_missense
pathogenic_missense|KCNQ2|947411|ALT	KCNQ2	pathogenic_missense	ALT	pathogenic_missense
pathogenic_missense|KCNQ2|1067283|ALT	KCNQ2	pathogenic_missense	ALT	pathogenic_missense
pathogenic_missense|KCNQ2|1721353|ALT	KCNQ2	pathogenic_missense	ALT	pathogenic_missense
pathogenic_missense|KCNQ2|2503448|ALT	KCNQ2	pathogenic_missense	ALT	pathogenic_missense
pathogenic_missense|KCNQ2|2446048|ALT	KCNQ2	pathogenic_missense	ALT	pathogenic_missense
pathogenic_missense|KCNQ2|3252508|ALT	KCNQ2	pathogenic_missense	ALT	pathogenic_missense
pathogenic_missense|KCNQ2|1073519|ALT	KCNQ2	pathogenic_missense	ALT	pathogenic_missense
pathogenic_missense|KCNQ2|283350|ALT	KCNQ2	pathogenic_missense	ALT	pathogenic_missense
pathogenic_missense|KCNQ2|369784|ALT	KCNQ2	pathogenic_missense	ALT	pathogenic_missense
pathogenic_missense|KCNQ2|637022|ALT	KCNQ2	pathogenic_missense	ALT	pathogenic_missense
pathogenic_missense|KCNQ2|2571143|ALT	KCNQ2	pathogenic_missense	ALT	pathogenic_missense
pathogenic_missense|KCNQ2|21757|ALT	KCNQ2	pathogenic_missense	ALT	pathogenic_missense
pathogenic_missense|KCNQ2|373925|ALT	KCNQ2	pathogenic_missense	ALT	pathogenic_missense
pathogenic_missense|KCNQ2|1388731|ALT	KCNQ2	pathogenic_missense	ALT	pathogenic_missense
pathogenic_missense|KCNQ2|963965|ALT	KCNQ2	pathogenic_missense	ALT	pathogenic_missense
pathogenic_missense|KCNQ2|976159|ALT	KCNQ2	pathogenic_missense	ALT	pathogenic_missense
pathogenic_missense|KCNQ2|1074630|ALT	KCNQ2	pathogenic_missense	ALT	pathogenic_missense
pathogenic_missense|KCNQ2|4803153|ALT	KCNQ2	pathogenic_missense	ALT	pathogenic_missense
pathogenic_missense|KCNQ2|205899|ALT	KCNQ2	pathogenic_missense	ALT	pathogenic_missense
pathogenic_missense|KCNQ2|205898|ALT	KCNQ2	pathogenic_missense	ALT	pathogenic_missense
pathogenic_missense|KCNQ2|21756|ALT	KCNQ2	pathogenic_missense	ALT	pathogenic_missense
pathogenic_missense|KCNQ2|3252037|ALT	KCNQ2	pathogenic_missense	ALT	pathogenic_missense
pathogenic_missense|KCNQ2|1470373|ALT	KCNQ2	pathogenic_missense	ALT	pathogenic_missense
pathogenic_missense|KCNQ2|369779|ALT	KCNQ2	pathogenic_missense	ALT	pathogenic_missense
pathogenic_missense|KCNQ2|369778|ALT	KCNQ2	pathogenic_missense	ALT	pathogenic_missense
pathogenic_missense|KCNQ2|803621|ALT	KCNQ2	pathogenic_missense	ALT	pathogenic_missense
pathogenic_missense|KCNQ2|205897|ALT	KCNQ2	pathogenic_missense	ALT	pathogenic_missense
pathogenic_missense|KCNQ2|2847465|ALT	KCNQ2	pathogenic_missense	ALT	pathogenic_missense
pathogenic_missense|KCNQ2|975417|ALT	KCNQ2	pathogenic_missense	ALT	pathogenic_missense
pathogenic_missense|KCNQ2|1335466|ALT	KCNQ2	pathogenic_missense	ALT	pathogenic_missense
pathogenic_missense|KCNQ2|1326317|ALT	KCNQ2	pathogenic_missense	ALT	pathogenic_missense
pathogenic_missense|KCNQ2|950074|ALT	KCNQ2	pathogenic_missense	ALT	pathogenic_missense
pathogenic_missense|KCNQ2|3637731|ALT	KCNQ2	pathogenic_missense	ALT	pathogenic_missense
pathogenic_missense|KCNQ2|4803154|ALT	KCNQ2	pathogenic_missense	ALT	pathogenic_missense
pathogenic_missense|KCNQ2|369777|ALT	KCNQ2	pathogenic_missense	ALT	pathogenic_missense
pathogenic_missense|KCNQ2|3382550|ALT	KCNQ2	pathogenic_missense	ALT	pathogenic_missense
pathogenic_missense|KCNQ2|1709746|ALT	KCNQ2	pathogenic_missense	ALT	pathogenic_missense
pathogenic_missense|KCNQ2|1716319|ALT	KCNQ2	pathogenic_missense	ALT	pathogenic_missense
pathogenic_missense|KCNQ2|1044294|ALT	KCNQ2	pathogenic_missense	ALT	pathogenic_missense
pathogenic_missense|KCNQ2|856627|ALT	KCNQ2	pathogenic_missense	ALT	pathogenic_missense
pathogenic_missense|KCNQ2|205896|ALT	KCNQ2	pathogenic_missense	ALT	pathogenic_missense
pathogenic_missense|KCNQ2|21755|ALT	KCNQ2	pathogenic_missense	ALT	pathogenic_missense
pathogenic_missense|KCNQ2|495272|ALT	KCNQ2	pathogenic_missense	ALT	pathogenic_missense
pathogenic_missense|KCNQ2|205894|ALT	KCNQ2	pathogenic_missense	ALT	pathogenic_missense
pathogenic_missense|KCNQ2|205893|ALT	KCNQ2	pathogenic_missense	ALT	pathogenic_missense
pathogenic_missense|KCNQ2|1202917|ALT	KCNQ2	pathogenic_missense	ALT	pathogenic_missense
pathogenic_missense|KCNQ2|4856160|ALT	KCNQ2	pathogenic_missense	ALT	pathogenic_missense
pathogenic_missense|KCNQ2|205892|ALT	KCNQ2	pathogenic_missense	ALT	pathogenic_missense
pathogenic_missense|KCNQ2|530528|ALT	KCNQ2	pathogenic_missense	ALT	pathogenic_missense
pathogenic_missense|KCNQ2|646824|ALT	KCNQ2	pathogenic_missense	ALT	pathogenic_missense
pathogenic_missense|KCNQ2|2817426|ALT	KCNQ2	pathogenic_missense	ALT	pathogenic_missense
pathogenic_missense|KCNQ2|21810|ALT	KCNQ2	pathogenic_missense	ALT	pathogenic_missense
pathogenic_missense|KCNQ2|21809|ALT	KCNQ2	pathogenic_missense	ALT	pathogenic_missense
pathogenic_missense|KCNQ2|205891|ALT	KCNQ2	pathogenic_missense	ALT	pathogenic_missense
pathogenic_missense|KCNQ2|461424|ALT	KCNQ2	pathogenic_missense	ALT	pathogenic_missense
pathogenic_missense|KCNQ2|618186|ALT	KCNQ2	pathogenic_missense	ALT	pathogenic_missense
pathogenic_missense|KCNQ2|423623|ALT	KCNQ2	pathogenic_missense	ALT	pathogenic_missense
pathogenic_missense|KCNQ2|369775|ALT	KCNQ2	pathogenic_missense	ALT	pathogenic_missense
pathogenic_missense|KCNQ2|1066649|ALT	KCNQ2	pathogenic_missense	ALT	pathogenic_missense
pathogenic_missense|KCNQ2|393264|ALT	KCNQ2	pathogenic_missense	ALT	pathogenic_missense
pathogenic_missense|KCNQ2|1077102|ALT	KCNQ2	pathogenic_missense	ALT	pathogenic_missense
pathogenic_missense|KCNQ2|812166|ALT	KCNQ2	pathogenic_missense	ALT	pathogenic_missense
pathogenic_missense|KCNQ2|219237|ALT	KCNQ2	pathogenic_missense	ALT	pathogenic_missense
pathogenic_missense|KCNQ2|1962872|ALT	KCNQ2	pathogenic_missense	ALT	pathogenic_missense
pathogenic_missense|KCNQ2|421323|ALT	KCNQ2	pathogenic_missense	ALT	pathogenic_missense
pathogenic_missense|KCNQ2|2584390|ALT	KCNQ2	pathogenic_missense	ALT	pathogenic_missense
pathogenic_missense|KCNQ2|1329944|ALT	KCNQ2	pathogenic_missense	ALT	pathogenic_missense
pathogenic_missense|KCNQ2|373802|ALT	KCNQ2	pathogenic_missense	ALT	pathogenic_missense
pathogenic_missense|KCNQ2|429385|ALT	KCNQ2	pathogenic_missense	ALT	pathogenic_missense
pathogenic_missense|KCNQ2|576538|ALT	KCNQ2	pathogenic_missense	ALT	pathogenic_missense
pathogenic_missense|KCNQ2|369772|ALT	KCNQ2	pathogenic_missense	ALT	pathogenic_missense
pathogenic_missense|KCNQ2|2572483|ALT	KCNQ2	pathogenic_missense	ALT	pathogenic_missense
pathogenic_missense|KCNQ2|1709043|ALT	KCNQ2	pathogenic_missense	ALT	pathogenic_missense
pathogenic_missense|KCNQ2|2584409|ALT	KCNQ2	pathogenic_missense	ALT	pathogenic_missense
pathogenic_missense|KCNQ2|219235|ALT	KCNQ2	pathogenic_missense	ALT	pathogenic_missense
pathogenic_missense|KCNQ2|1066055|ALT	KCNQ2	pathogenic_missense	ALT	pathogenic_missense
pathogenic_missense|KCNQ2|205888|ALT	KCNQ2	pathogenic_missense	ALT	pathogenic_missense
pathogenic_missense|KCNQ2|7382|ALT	KCNQ2	pathogenic_missense	ALT	pathogenic_missense
pathogenic_missense|KCNQ2|461423|ALT	KCNQ2	pathogenic_missense	ALT	pathogenic_missense
pathogenic_missense|KCNQ2|205887|ALT	KCNQ2	pathogenic_missense	ALT	pathogenic_missense
pathogenic_missense|KCNQ2|2818350|ALT	KCNQ2	pathogenic_missense	ALT	pathogenic_missense
pathogenic_missense|KCNQ2|1060320|ALT	KCNQ2	pathogenic_missense	ALT	pathogenic_missense
pathogenic_missense|KCNQ2|369771|ALT	KCNQ2	pathogenic_missense	ALT	pathogenic_missense
pathogenic_missense|KCNQ2|3343904|ALT	KCNQ2	pathogenic_missense	ALT	pathogenic_missense
pathogenic_missense|KCNQ2|942443|ALT	KCNQ2	pathogenic_missense	ALT	pathogenic_missense
pathogenic_missense|KCNQ2|3382512|ALT	KCNQ2	pathogenic_missense	ALT	pathogenic_missense
pathogenic_missense|KCNQ2|430386|ALT	KCNQ2	pathogenic_missense	ALT	pathogenic_missense
pathogenic_missense|KCNQ2|431095|ALT	KCNQ2	pathogenic_missense	ALT	pathogenic_missense
pathogenic_missense|KCNQ2|4294524|ALT	KCNQ2	pathogenic_missense	ALT	pathogenic_missense
pathogenic_missense|KCNQ2|369770|ALT	KCNQ2	pathogenic_missense	ALT	pathogenic_missense
pathogenic_missense|KCNQ2|369769|ALT	KCNQ2	pathogenic_missense	ALT	pathogenic_missense
pathogenic_missense|KCNQ2|205886|ALT	KCNQ2	pathogenic_missense	ALT	pathogenic_missense
pathogenic_missense|KCNQ2|21805|ALT	KCNQ2	pathogenic_missense	ALT	pathogenic_missense
pathogenic_missense|KCNQ2|3254540|ALT	KCNQ2	pathogenic_missense	ALT	pathogenic_missense
pathogenic_missense|KCNQ2|1002473|ALT	KCNQ2	pathogenic_missense	ALT	pathogenic_missense
pathogenic_missense|KCNQ2|3637736|ALT	KCNQ2	pathogenic_missense	ALT	pathogenic_missense
pathogenic_missense|KCNQ2|1164059|ALT	KCNQ2	pathogenic_missense	ALT	pathogenic_missense
pathogenic_missense|KCNQ2|405208|ALT	KCNQ2	pathogenic_missense	ALT	pathogenic_missense
pathogenic_missense|KCNQ2|2822011|ALT	KCNQ2	pathogenic_missense	ALT	pathogenic_missense
pathogenic_missense|KCNQ2|375517|ALT	KCNQ2	pathogenic_missense	ALT	pathogenic_missense
pathogenic_missense|KCNQ2|523563|ALT	KCNQ2	pathogenic_missense	ALT	pathogenic_missense
pathogenic_missense|KCNQ2|39762|ALT	KCNQ2	pathogenic_missense	ALT	pathogenic_missense
pathogenic_missense|KCNQ2|1803794|ALT	KCNQ2	pathogenic_missense	ALT	pathogenic_missense
pathogenic_missense|KCNQ2|369768|ALT	KCNQ2	pathogenic_missense	ALT	pathogenic_missense
pathogenic_missense|KCNQ2|4083395|ALT	KCNQ2	pathogenic_missense	ALT	pathogenic_missense
pathogenic_missense|KCNQ2|871424|ALT	KCNQ2	pathogenic_missense	ALT	pathogenic_missense
pathogenic_missense|KCNQ2|975869|ALT	KCNQ2	pathogenic_missense	ALT	pathogenic_missense
pathogenic_missense|KCNQ2|3254539|ALT	KCNQ2	pathogenic_missense	ALT	pathogenic_missense
pathogenic_missense|KCNQ2|7381|ALT	KCNQ2	pathogenic_missense	ALT	pathogenic_missense
pathogenic_missense|KCNQ2|219234|ALT	KCNQ2	pathogenic_missense	ALT	pathogenic_missense
pathogenic_missense|KCNQ2|1709240|ALT	KCNQ2	pathogenic_missense	ALT	pathogenic_missense
pathogenic_missense|KCNQ2|205885|ALT	KCNQ2	pathogenic_missense	ALT	pathogenic_missense
pathogenic_missense|KCNQ2|648864|ALT	KCNQ2	pathogenic_missense	ALT	pathogenic_missense
pathogenic_missense|KCNQ2|2573143|ALT	KCNQ2	pathogenic_missense	ALT	pathogenic_missense
pathogenic_missense|KCNQ2|812789|ALT	KCNQ2	pathogenic_missense	ALT	pathogenic_missense
pathogenic_missense|KCNQ2|430396|ALT	KCNQ2	pathogenic_missense	ALT	pathogenic_missense
pathogenic_missense|KCNQ2|205884|ALT	KCNQ2	pathogenic_missense	ALT	pathogenic_missense
pathogenic_missense|KCNQ2|421991|ALT	KCNQ2	pathogenic_missense	ALT	pathogenic_missense
pathogenic_missense|KCNQ2|216949|ALT	KCNQ2	pathogenic_missense	ALT	pathogenic_missense
pathogenic_missense|KCNQ2|488538|ALT	KCNQ2	pathogenic_missense	ALT	pathogenic_missense
pathogenic_missense|KCNQ2|589856|ALT	KCNQ2	pathogenic_missense	ALT	pathogenic_missense
pathogenic_missense|KCNQ2|982412|ALT	KCNQ2	pathogenic_missense	ALT	pathogenic_missense
pathogenic_missense|KCNQ2|2444145|ALT	KCNQ2	pathogenic_missense	ALT	pathogenic_missense
pathogenic_missense|KCNQ2|1701799|ALT	KCNQ2	pathogenic_missense	ALT	pathogenic_missense
pathogenic_missense|KCNQ2|1805714|ALT	KCNQ2	pathogenic_missense	ALT	pathogenic_missense
pathogenic_missense|KCNQ2|1467031|ALT	KCNQ2	pathogenic_missense	ALT	pathogenic_missense
pathogenic_missense|KCNQ2|429212|ALT	KCNQ2	pathogenic_missense	ALT	pathogenic_missense
pathogenic_missense|KCNQ2|390326|ALT	KCNQ2	pathogenic_missense	ALT	pathogenic_missense
pathogenic_missense|KCNQ2|1349168|ALT	KCNQ2	pathogenic_missense	ALT	pathogenic_missense
pathogenic_missense|KCNQ2|2573141|ALT	KCNQ2	pathogenic_missense	ALT	pathogenic_missense
pathogenic_missense|KCNQ2|2074244|ALT	KCNQ2	pathogenic_missense	ALT	pathogenic_missense
pathogenic_missense|KCNQ2|665007|ALT	KCNQ2	pathogenic_missense	ALT	pathogenic_missense
pathogenic_missense|KCNQ2|495250|ALT	KCNQ2	pathogenic_missense	ALT	pathogenic_missense
pathogenic_missense|KCNQ2|2500737|ALT	KCNQ2	pathogenic_missense	ALT	pathogenic_missense
pathogenic_missense|KCNQ2|643905|ALT	KCNQ2	pathogenic_missense	ALT	pathogenic_missense
pathogenic_missense|KCNQ2|369764|ALT	KCNQ2	pathogenic_missense	ALT	pathogenic_missense
pathogenic_missense|KCNQ2|941582|ALT	KCNQ2	pathogenic_missense	ALT	pathogenic_missense
pathogenic_missense|KCNQ2|2152330|ALT	KCNQ2	pathogenic_missense	ALT	pathogenic_missense
pathogenic_missense|KCNQ2|1177922|ALT	KCNQ2	pathogenic_missense	ALT	pathogenic_missense
pathogenic_missense|KCNQ2|167208|ALT	KCNQ2	pathogenic_missense	ALT	pathogenic_missense
pathogenic_missense|KCNQ2|3236070|ALT	KCNQ2	pathogenic_missense	ALT	pathogenic_missense
pathogenic_missense|KCNQ2|422481|ALT	KCNQ2	pathogenic_missense	ALT	pathogenic_missense
pathogenic_missense|KCNQ2|205883|ALT	KCNQ2	pathogenic_missense	ALT	pathogenic_missense
pathogenic_missense|KCNQ2|565381|ALT	KCNQ2	pathogenic_missense	ALT	pathogenic_missense
pathogenic_missense|KCNQ2|3337205|ALT	KCNQ2	pathogenic_missense	ALT	pathogenic_missense
pathogenic_missense|KCNQ2|425271|ALT	KCNQ2	pathogenic_missense	ALT	pathogenic_missense
pathogenic_missense|KCNQ2|1522201|ALT	KCNQ2	pathogenic_missense	ALT	pathogenic_missense
pathogenic_missense|KCNQ2|851253|ALT	KCNQ2	pathogenic_missense	ALT	pathogenic_missense
pathogenic_missense|KCNQ2|1700189|ALT	KCNQ2	pathogenic_missense	ALT	pathogenic_missense
pathogenic_missense|KCNQ2|205881|ALT	KCNQ2	pathogenic_missense	ALT	pathogenic_missense
pathogenic_missense|KCNQ2|1285561|ALT	KCNQ2	pathogenic_missense	ALT	pathogenic_missense
pathogenic_missense|KCNQ2|219236|ALT	KCNQ2	pathogenic_missense	ALT	pathogenic_missense
pathogenic_missense|KCNQ2|369763|ALT	KCNQ2	pathogenic_missense	ALT	pathogenic_missense
pathogenic_missense|KCNQ2|375518|ALT	KCNQ2	pathogenic_missense	ALT	pathogenic_missense
pathogenic_missense|KCNQ2|2442145|ALT	KCNQ2	pathogenic_missense	ALT	pathogenic_missense
pathogenic_missense|KCNQ2|852899|ALT	KCNQ2	pathogenic_missense	ALT	pathogenic_missense
pathogenic_missense|KCNQ2|2748243|ALT	KCNQ2	pathogenic_missense	ALT	pathogenic_missense
pathogenic_missense|KCNQ2|2808341|ALT	KCNQ2	pathogenic_missense	ALT	pathogenic_missense
pathogenic_missense|KCNQ2|120176|ALT	KCNQ2	pathogenic_missense	ALT	pathogenic_missense
pathogenic_missense|KCNQ2|4294458|ALT	KCNQ2	pathogenic_missense	ALT	pathogenic_missense
pathogenic_missense|KCNQ2|197891|ALT	KCNQ2	pathogenic_missense	ALT	pathogenic_missense
pathogenic_missense|KCNQ2|205880|ALT	KCNQ2	pathogenic_missense	ALT	pathogenic_missense
pathogenic_missense|KCNQ2|571819|ALT	KCNQ2	pathogenic_missense	ALT	pathogenic_missense
pathogenic_missense|KCNQ2|975414|ALT	KCNQ2	pathogenic_missense	ALT	pathogenic_missense
pathogenic_missense|KCNQ2|946410|ALT	KCNQ2	pathogenic_missense	ALT	pathogenic_missense
pathogenic_missense|KCNQ2|495248|ALT	KCNQ2	pathogenic_missense	ALT	pathogenic_missense
pathogenic_missense|KCNQ2|373573|ALT	KCNQ2	pathogenic_missense	ALT	pathogenic_missense
pathogenic_missense|KCNQ2|219240|ALT	KCNQ2	pathogenic_missense	ALT	pathogenic_missense
pathogenic_missense|KCNQ2|566350|ALT	KCNQ2	pathogenic_missense	ALT	pathogenic_missense
pathogenic_missense|KCNQ2|21801|ALT	KCNQ2	pathogenic_missense	ALT	pathogenic_missense
pathogenic_missense|KCNQ2|4071957|ALT	KCNQ2	pathogenic_missense	ALT	pathogenic_missense
pathogenic_missense|KCNQ2|3775609|ALT	KCNQ2	pathogenic_missense	ALT	pathogenic_missense
pathogenic_missense|KCNQ2|945463|ALT	KCNQ2	pathogenic_missense	ALT	pathogenic_missense
pathogenic_missense|KCNQ2|2571144|ALT	KCNQ2	pathogenic_missense	ALT	pathogenic_missense
pathogenic_missense|KCNQ2|975979|ALT	KCNQ2	pathogenic_missense	ALT	pathogenic_missense
pathogenic_missense|KCNQ2|432713|ALT	KCNQ2	pathogenic_missense	ALT	pathogenic_missense
pathogenic_missense|KCNQ2|3069190|ALT	KCNQ2	pathogenic_missense	ALT	pathogenic_missense
pathogenic_missense|KCNQ2|976223|ALT	KCNQ2	pathogenic_missense	ALT	pathogenic_missense
pathogenic_missense|KCNQ2|1685897|ALT	KCNQ2	pathogenic_missense	ALT	pathogenic_missense
pathogenic_missense|KCNQ2|975904|ALT	KCNQ2	pathogenic_missense	ALT	pathogenic_missense
pathogenic_missense|KCNQ2|1708357|ALT	KCNQ2	pathogenic_missense	ALT	pathogenic_missense
pathogenic_missense|KCNQ2|369761|ALT	KCNQ2	pathogenic_missense	ALT	pathogenic_missense
pathogenic_missense|KCNQ2|21800|ALT	KCNQ2	pathogenic_missense	ALT	pathogenic_missense
pathogenic_missense|KCNQ2|1490541|ALT	KCNQ2	pathogenic_missense	ALT	pathogenic_missense
pathogenic_missense|KCNQ2|872260|ALT	KCNQ2	pathogenic_missense	ALT	pathogenic_missense
pathogenic_missense|KCNQ2|870318|ALT	KCNQ2	pathogenic_missense	ALT	pathogenic_missense
pathogenic_missense|KCNQ2|372909|ALT	KCNQ2	pathogenic_missense	ALT	pathogenic_missense
pathogenic_missense|KCNQ2|205878|ALT	KCNQ2	pathogenic_missense	ALT	pathogenic_missense
pathogenic_missense|KCNQ2|7389|ALT	KCNQ2	pathogenic_missense	ALT	pathogenic_missense
pathogenic_missense|KCNQ2|813771|ALT	KCNQ2	pathogenic_missense	ALT	pathogenic_missense
pathogenic_missense|KCNQ2|3014015|ALT	KCNQ2	pathogenic_missense	ALT	pathogenic_missense
pathogenic_missense|KCNQ2|4803157|ALT	KCNQ2	pathogenic_missense	ALT	pathogenic_missense
pathogenic_missense|KCNQ2|1074752|ALT	KCNQ2	pathogenic_missense	ALT	pathogenic_missense
pathogenic_missense|KCNQ2|2757951|ALT	KCNQ2	pathogenic_missense	ALT	pathogenic_missense
pathogenic_missense|KCNQ2|21798|ALT	KCNQ2	pathogenic_missense	ALT	pathogenic_missense
pathogenic_missense|KCNQ2|692002|ALT	KCNQ2	pathogenic_missense	ALT	pathogenic_missense
pathogenic_missense|KCNQ2|2758496|ALT	KCNQ2	pathogenic_missense	ALT	pathogenic_missense
pathogenic_missense|KCNQ2|1683778|ALT	KCNQ2	pathogenic_missense	ALT	pathogenic_missense
pathogenic_missense|KCNQ2|545120|ALT	KCNQ2	pathogenic_missense	ALT	pathogenic_missense
pathogenic_missense|KCNQ2|1357963|ALT	KCNQ2	pathogenic_missense	ALT	pathogenic_missense
pathogenic_missense|KCNQ2|2122866|ALT	KCNQ2	pathogenic_missense	ALT	pathogenic_missense
pathogenic_missense|KCNQ2|4803158|ALT	KCNQ2	pathogenic_missense	ALT	pathogenic_missense
pathogenic_missense|KCNQ2|2743802|ALT	KCNQ2	pathogenic_missense	ALT	pathogenic_missense
pathogenic_missense|KCNQ2|208758|ALT	KCNQ2	pathogenic_missense	ALT	pathogenic_missense
pathogenic_missense|KCNQ2|1320124|ALT	KCNQ2	pathogenic_missense	ALT	pathogenic_missense
pathogenic_missense|KCNQ2|211235|ALT	KCNQ2	pathogenic_missense	ALT	pathogenic_missense
pathogenic_missense|KCNQ2|1959325|ALT	KCNQ2	pathogenic_missense	ALT	pathogenic_missense
pathogenic_missense|KCNQ2|1685898|ALT	KCNQ2	pathogenic_missense	ALT	pathogenic_missense
pathogenic_missense|KCNQ2|1690836|ALT	KCNQ2	pathogenic_missense	ALT	pathogenic_missense
pathogenic_missense|KCNQ2|211234|ALT	KCNQ2	pathogenic_missense	ALT	pathogenic_missense
pathogenic_missense|KCNQ2|208761|ALT	KCNQ2	pathogenic_missense	ALT	pathogenic_missense
pathogenic_missense|KCNQ2|205876|ALT	KCNQ2	pathogenic_missense	ALT	pathogenic_missense
pathogenic_missense|KCNQ2|419718|ALT	KCNQ2	pathogenic_missense	ALT	pathogenic_missense
pathogenic_missense|KCNQ2|933711|ALT	KCNQ2	pathogenic_missense	ALT	pathogenic_missense
pathogenic_missense|KCNQ2|3661649|ALT	KCNQ2	pathogenic_missense	ALT	pathogenic_missense
pathogenic_missense|KCNQ2|1451904|ALT	KCNQ2	pathogenic_missense	ALT	pathogenic_missense
pathogenic_missense|KCNQ2|2708146|ALT	KCNQ2	pathogenic_missense	ALT	pathogenic_missense
pathogenic_missense|KCNQ2|21797|ALT	KCNQ2	pathogenic_missense	ALT	pathogenic_missense
pathogenic_missense|KCNQ2|972975|ALT	KCNQ2	pathogenic_missense	ALT	pathogenic_missense
pathogenic_missense|KCNQ2|432161|ALT	KCNQ2	pathogenic_missense	ALT	pathogenic_missense
pathogenic_missense|KCNQ2|2857655|ALT	KCNQ2	pathogenic_missense	ALT	pathogenic_missense
pathogenic_missense|KCNQ2|1515195|ALT	KCNQ2	pathogenic_missense	ALT	pathogenic_missense
pathogenic_missense|KCNQ2|2702661|ALT	KCNQ2	pathogenic_missense	ALT	pathogenic_missense
pathogenic_missense|KCNQ2|1048634|ALT	KCNQ2	pathogenic_missense	ALT	pathogenic_missense
pathogenic_missense|KCNQ2|1326326|ALT	KCNQ2	pathogenic_missense	ALT	pathogenic_missense
pathogenic_missense|KCNQ2|4073662|ALT	KCNQ2	pathogenic_missense	ALT	pathogenic_missense
pathogenic_missense|KCNQ2|841056|ALT	KCNQ2	pathogenic_missense	ALT	pathogenic_missense
pathogenic_missense|KCNQ2|3336897|ALT	KCNQ2	pathogenic_missense	ALT	pathogenic_missense
pathogenic_missense|KCNQ2|2027411|ALT	KCNQ2	pathogenic_missense	ALT	pathogenic_missense
pathogenic_missense|KCNQ2|391958|ALT	KCNQ2	pathogenic_missense	ALT	pathogenic_missense
pathogenic_missense|KCNQ2|2843971|ALT	KCNQ2	pathogenic_missense	ALT	pathogenic_missense
pathogenic_missense|KCNQ2|1691450|ALT	KCNQ2	pathogenic_missense	ALT	pathogenic_missense
pathogenic_missense|KCNQ2|813779|ALT	KCNQ2	pathogenic_missense	ALT	pathogenic_missense
pathogenic_missense|KCNQ2|369757|ALT	KCNQ2	pathogenic_missense	ALT	pathogenic_missense
pathogenic_missense|KCNQ2|803623|ALT	KCNQ2	pathogenic_missense	ALT	pathogenic_missense
pathogenic_missense|KCNQ2|1723652|ALT	KCNQ2	pathogenic_missense	ALT	pathogenic_missense
pathogenic_missense|KCNQ2|4292951|ALT	KCNQ2	pathogenic_missense	ALT	pathogenic_missense
pathogenic_missense|KCNQ2|373698|ALT	KCNQ2	pathogenic_missense	ALT	pathogenic_missense
pathogenic_missense|KCNQ2|578032|ALT	KCNQ2	pathogenic_missense	ALT	pathogenic_missense
pathogenic_missense|KCNQ2|7385|ALT	KCNQ2	pathogenic_missense	ALT	pathogenic_missense
pathogenic_missense|KCNQ2|1685899|ALT	KCNQ2	pathogenic_missense	ALT	pathogenic_missense
pathogenic_missense|KCNQ2|39760|ALT	KCNQ2	pathogenic_missense	ALT	pathogenic_missense
pathogenic_missense|KCNQ2|21795|ALT	KCNQ2	pathogenic_missense	ALT	pathogenic_missense
pathogenic_missense|KCNQ2|4291746|ALT	KCNQ2	pathogenic_missense	ALT	pathogenic_missense
pathogenic_missense|KCNQ2|205874|ALT	KCNQ2	pathogenic_missense	ALT	pathogenic_missense
pathogenic_missense|KCNQ2|420930|ALT	KCNQ2	pathogenic_missense	ALT	pathogenic_missense
pathogenic_missense|KCNQ2|21794|ALT	KCNQ2	pathogenic_missense	ALT	pathogenic_missense
pathogenic_missense|KCNQ2|944385|ALT	KCNQ2	pathogenic_missense	ALT	pathogenic_missense
pathogenic_missense|KCNQ2|2097600|ALT	KCNQ2	pathogenic_missense	ALT	pathogenic_missense
pathogenic_missense|KCNQ2|3776183|ALT	KCNQ2	pathogenic_missense	ALT	pathogenic_missense
pathogenic_missense|KCNQ2|392705|ALT	KCNQ2	pathogenic_missense	ALT	pathogenic_missense
pathogenic_missense|KCNQ2|280614|ALT	KCNQ2	pathogenic_missense	ALT	pathogenic_missense
pathogenic_missense|KCNQ2|279931|ALT	KCNQ2	pathogenic_missense	ALT	pathogenic_missense
pathogenic_missense|KCNQ2|205873|ALT	KCNQ2	pathogenic_missense	ALT	pathogenic_missense
pathogenic_missense|KCNQ2|1463576|ALT	KCNQ2	pathogenic_missense	ALT	pathogenic_missense
pathogenic_missense|KCNQ2|812512|ALT	KCNQ2	pathogenic_missense	ALT	pathogenic_missense
pathogenic_missense|KCNQ2|21793|ALT	KCNQ2	pathogenic_missense	ALT	pathogenic_missense
pathogenic_missense|KCNQ2|4855328|ALT	KCNQ2	pathogenic_missense	ALT	pathogenic_missense
pathogenic_missense|KCNQ2|7391|ALT	KCNQ2	pathogenic_missense	ALT	pathogenic_missense
pathogenic_missense|KCNQ2|7386|ALT	KCNQ2	pathogenic_missense	ALT	pathogenic_missense
pathogenic_missense|KCNQ2|1326322|ALT	KCNQ2	pathogenic_missense	ALT	pathogenic_missense
pathogenic_missense|KCNQ2|803624|ALT	KCNQ2	pathogenic_missense	ALT	pathogenic_missense
pathogenic_missense|KCNQ2|369755|ALT	KCNQ2	pathogenic_missense	ALT	pathogenic_missense
pathogenic_missense|KCNQ2|205872|ALT	KCNQ2	pathogenic_missense	ALT	pathogenic_missense
pathogenic_missense|KCNQ2|205870|ALT	KCNQ2	pathogenic_missense	ALT	pathogenic_missense
pathogenic_missense|KCNQ2|369754|ALT	KCNQ2	pathogenic_missense	ALT	pathogenic_missense
pathogenic_missense|KCNQ2|369753|ALT	KCNQ2	pathogenic_missense	ALT	pathogenic_missense
pathogenic_missense|KCNQ2|205869|ALT	KCNQ2	pathogenic_missense	ALT	pathogenic_missense
pathogenic_missense|KCNQ2|1992305|ALT	KCNQ2	pathogenic_missense	ALT	pathogenic_missense
pathogenic_missense|KCNQ2|205868|ALT	KCNQ2	pathogenic_missense	ALT	pathogenic_missense
pathogenic_missense|KCNQ2|1066808|ALT	KCNQ2	pathogenic_missense	ALT	pathogenic_missense
pathogenic_missense|KCNQ2|205867|ALT	KCNQ2	pathogenic_missense	ALT	pathogenic_missense
pathogenic_missense|KCNQ2|1479754|ALT	KCNQ2	pathogenic_missense	ALT	pathogenic_missense
pathogenic_missense|KCNQ2|3862992|ALT	KCNQ2	pathogenic_missense	ALT	pathogenic_missense
pathogenic_missense|KCNQ2|812790|ALT	KCNQ2	pathogenic_missense	ALT	pathogenic_missense
pathogenic_missense|KCNQ2|21792|ALT	KCNQ2	pathogenic_missense	ALT	pathogenic_missense
pathogenic_missense|KCNQ2|4278615|ALT	KCNQ2	pathogenic_missense	ALT	pathogenic_missense
pathogenic_missense|KCNQ2|590184|ALT	KCNQ2	pathogenic_missense	ALT	pathogenic_missense
pathogenic_missense|KCNQ2|982654|ALT	KCNQ2	pathogenic_missense	ALT	pathogenic_missense
pathogenic_missense|KCNQ2|205866|ALT	KCNQ2	pathogenic_missense	ALT	pathogenic_missense
pathogenic_missense|KCNQ2|870206|ALT	KCNQ2	pathogenic_missense	ALT	pathogenic_missense
pathogenic_missense|KCNQ2|977299|ALT	KCNQ2	pathogenic_missense	ALT	pathogenic_missense
pathogenic_missense|KCNQ2|205865|ALT	KCNQ2	pathogenic_missense	ALT	pathogenic_missense
pathogenic_missense|KCNQ2|3637737|ALT	KCNQ2	pathogenic_missense	ALT	pathogenic_missense
pathogenic_missense|KCNQ2|1526159|ALT	KCNQ2	pathogenic_missense	ALT	pathogenic_missense
pathogenic_missense|KCNQ2|3068827|ALT	KCNQ2	pathogenic_missense	ALT	pathogenic_missense
pathogenic_missense|KCNQ2|3637738|ALT	KCNQ2	pathogenic_missense	ALT	pathogenic_missense
pathogenic_missense|KCNQ2|369751|ALT	KCNQ2	pathogenic_missense	ALT	pathogenic_missense
pathogenic_missense|KCNQ2|2442361|ALT	KCNQ2	pathogenic_missense	ALT	pathogenic_missense
pathogenic_missense|KCNQ2|4294467|ALT	KCNQ2	pathogenic_missense	ALT	pathogenic_missense
pathogenic_missense|KCNQ2|3258077|ALT	KCNQ2	pathogenic_missense	ALT	pathogenic_missense
pathogenic_missense|KCNQ2|2124658|ALT	KCNQ2	pathogenic_missense	ALT	pathogenic_missense
pathogenic_missense|KCNQ2|978712|ALT	KCNQ2	pathogenic_missense	ALT	pathogenic_missense
pathogenic_missense|KCNQ2|1020770|ALT	KCNQ2	pathogenic_missense	ALT	pathogenic_missense
pathogenic_missense|KCNQ2|809271|ALT	KCNQ2	pathogenic_missense	ALT	pathogenic_missense
pathogenic_missense|KCNQ2|3730937|ALT	KCNQ2	pathogenic_missense	ALT	pathogenic_missense
pathogenic_missense|KCNQ2|427046|ALT	KCNQ2	pathogenic_missense	ALT	pathogenic_missense
pathogenic_missense|KCNQ2|1326315|ALT	KCNQ2	pathogenic_missense	ALT	pathogenic_missense
pathogenic_missense|KCNQ2|2138369|ALT	KCNQ2	pathogenic_missense	ALT	pathogenic_missense
pathogenic_missense|KCNQ2|369748|ALT	KCNQ2	pathogenic_missense	ALT	pathogenic_missense
pathogenic_missense|KCNQ2|461422|ALT	KCNQ2	pathogenic_missense	ALT	pathogenic_missense
pathogenic_missense|KCNQ2|418726|ALT	KCNQ2	pathogenic_missense	ALT	pathogenic_missense
pathogenic_missense|KCNQ2|450447|ALT	KCNQ2	pathogenic_missense	ALT	pathogenic_missense
pathogenic_missense|KCNQ2|1307528|ALT	KCNQ2	pathogenic_missense	ALT	pathogenic_missense
pathogenic_missense|KCNQ2|1215427|ALT	KCNQ2	pathogenic_missense	ALT	pathogenic_missense
pathogenic_missense|KCNQ2|438297|ALT	KCNQ2	pathogenic_missense	ALT	pathogenic_missense
pathogenic_missense|KCNQ2|369746|ALT	KCNQ2	pathogenic_missense	ALT	pathogenic_missense
pathogenic_missense|KCNQ2|1904331|ALT	KCNQ2	pathogenic_missense	ALT	pathogenic_missense
pathogenic_missense|KCNQ2|2504931|ALT	KCNQ2	pathogenic_missense	ALT	pathogenic_missense
pathogenic_missense|KCNQ2|2444440|ALT	KCNQ2	pathogenic_missense	ALT	pathogenic_missense
pathogenic_missense|KCNQ2|205864|ALT	KCNQ2	pathogenic_missense	ALT	pathogenic_missense
pathogenic_missense|KCNQ2|452487|ALT	KCNQ2	pathogenic_missense	ALT	pathogenic_missense
pathogenic_missense|KCNQ2|520399|ALT	KCNQ2	pathogenic_missense	ALT	pathogenic_missense
pathogenic_missense|KCNQ2|1509652|ALT	KCNQ2	pathogenic_missense	ALT	pathogenic_missense
pathogenic_missense|KCNQ2|4839067|ALT	KCNQ2	pathogenic_missense	ALT	pathogenic_missense
pathogenic_missense|KCNQ2|1683753|ALT	KCNQ2	pathogenic_missense	ALT	pathogenic_missense
pathogenic_missense|KCNQ2|872263|ALT	KCNQ2	pathogenic_missense	ALT	pathogenic_missense
pathogenic_missense|KCNQ2|3775018|ALT	KCNQ2	pathogenic_missense	ALT	pathogenic_missense
pathogenic_missense|KCNQ2|219238|ALT	KCNQ2	pathogenic_missense	ALT	pathogenic_missense
pathogenic_missense|KCNQ2|1697296|ALT	KCNQ2	pathogenic_missense	ALT	pathogenic_missense
pathogenic_missense|KCNQ2|205863|ALT	KCNQ2	pathogenic_missense	ALT	pathogenic_missense
pathogenic_missense|KCNQ2|2652535|ALT	KCNQ2	pathogenic_missense	ALT	pathogenic_missense
pathogenic_missense|KCNQ2|21787|ALT	KCNQ2	pathogenic_missense	ALT	pathogenic_missense
pathogenic_missense|KCNQ2|369742|ALT	KCNQ2	pathogenic_missense	ALT	pathogenic_missense
pathogenic_missense|KCNQ2|369741|ALT	KCNQ2	pathogenic_missense	ALT	pathogenic_missense
pathogenic_missense|KCNQ2|1197529|ALT	KCNQ2	pathogenic_missense	ALT	pathogenic_missense
pathogenic_missense|KCNQ2|219241|ALT	KCNQ2	pathogenic_missense	ALT	pathogenic_missense
pathogenic_missense|KCNQ2|1332854|ALT	KCNQ2	pathogenic_missense	ALT	pathogenic_missense
pathogenic_missense|KCNQ2|424370|ALT	KCNQ2	pathogenic_missense	ALT	pathogenic_missense
pathogenic_missense|KCNQ2|1426976|ALT	KCNQ2	pathogenic_missense	ALT	pathogenic_missense
pathogenic_missense|KCNQ2|944053|ALT	KCNQ2	pathogenic_missense	ALT	pathogenic_missense
pathogenic_missense|KCNQ2|372576|ALT	KCNQ2	pathogenic_missense	ALT	pathogenic_missense
pathogenic_missense|KCNQ2|975416|ALT	KCNQ2	pathogenic_missense	ALT	pathogenic_missense
pathogenic_missense|KCNQ2|2626765|ALT	KCNQ2	pathogenic_missense	ALT	pathogenic_missense
pathogenic_missense|KCNQ2|1691227|ALT	KCNQ2	pathogenic_missense	ALT	pathogenic_missense
pathogenic_missense|KCNQ2|562034|ALT	KCNQ2	pathogenic_missense	ALT	pathogenic_missense
pathogenic_missense|KCNQ2|1685900|ALT	KCNQ2	pathogenic_missense	ALT	pathogenic_missense
pathogenic_missense|KCNQ2|21783|ALT	KCNQ2	pathogenic_missense	ALT	pathogenic_missense
pathogenic_missense|KCNQ2|497690|ALT	KCNQ2	pathogenic_missense	ALT	pathogenic_missense
pathogenic_missense|KCNQ2|2862833|ALT	KCNQ2	pathogenic_missense	ALT	pathogenic_missense
pathogenic_missense|KCNQ2|21774|ALT	KCNQ2	pathogenic_missense	ALT	pathogenic_missense
pathogenic_missense|PIK3CA|376492|ALT	PIK3CA	pathogenic_missense	ALT	pathogenic_missense
pathogenic_missense|PIK3CA|3258061|ALT	PIK3CA	pathogenic_missense	ALT	pathogenic_missense
pathogenic_missense|PIK3CA|376478|ALT	PIK3CA	pathogenic_missense	ALT	pathogenic_missense
pathogenic_missense|PIK3CA|585023|ALT	PIK3CA	pathogenic_missense	ALT	pathogenic_missense
pathogenic_missense|PIK3CA|376049|ALT	PIK3CA	pathogenic_missense	ALT	pathogenic_missense
pathogenic_missense|PIK3CA|995383|ALT	PIK3CA	pathogenic_missense	ALT	pathogenic_missense
pathogenic_missense|PIK3CA|1198826|ALT	PIK3CA	pathogenic_missense	ALT	pathogenic_missense
pathogenic_missense|PIK3CA|419128|ALT	PIK3CA	pathogenic_missense	ALT	pathogenic_missense
pathogenic_missense|PIK3CA|217291|ALT	PIK3CA	pathogenic_missense	ALT	pathogenic_missense
pathogenic_missense|PIK3CA|3359019|ALT	PIK3CA	pathogenic_missense	ALT	pathogenic_missense
pathogenic_missense|PIK3CA|3897716|ALT	PIK3CA	pathogenic_missense	ALT	pathogenic_missense
pathogenic_missense|PIK3CA|280875|ALT	PIK3CA	pathogenic_missense	ALT	pathogenic_missense
pathogenic_missense|PIK3CA|3775875|ALT	PIK3CA	pathogenic_missense	ALT	pathogenic_missense
pathogenic_missense|PIK3CA|218236|ALT	PIK3CA	pathogenic_missense	ALT	pathogenic_missense
pathogenic_missense|PIK3CA|1172582|ALT	PIK3CA	pathogenic_missense	ALT	pathogenic_missense
pathogenic_missense|PIK3CA|156446|ALT	PIK3CA	pathogenic_missense	ALT	pathogenic_missense
pathogenic_missense|PIK3CA|156447|ALT	PIK3CA	pathogenic_missense	ALT	pathogenic_missense
pathogenic_missense|PIK3CA|873163|ALT	PIK3CA	pathogenic_missense	ALT	pathogenic_missense
pathogenic_missense|PIK3CA|156448|ALT	PIK3CA	pathogenic_missense	ALT	pathogenic_missense
pathogenic_missense|PIK3CA|4291761|ALT	PIK3CA	pathogenic_missense	ALT	pathogenic_missense
pathogenic_missense|PIK3CA|376498|ALT	PIK3CA	pathogenic_missense	ALT	pathogenic_missense
pathogenic_missense|PIK3CA|376497|ALT	PIK3CA	pathogenic_missense	ALT	pathogenic_missense
pathogenic_missense|PIK3CA|376489|ALT	PIK3CA	pathogenic_missense	ALT	pathogenic_missense
pathogenic_missense|PIK3CA|2580765|ALT	PIK3CA	pathogenic_missense	ALT	pathogenic_missense
pathogenic_missense|PIK3CA|376050|ALT	PIK3CA	pathogenic_missense	ALT	pathogenic_missense
pathogenic_missense|PIK3CA|3774496|ALT	PIK3CA	pathogenic_missense	ALT	pathogenic_missense
pathogenic_missense|PIK3CA|418658|ALT	PIK3CA	pathogenic_missense	ALT	pathogenic_missense
pathogenic_missense|PIK3CA|521363|ALT	PIK3CA	pathogenic_missense	ALT	pathogenic_missense
pathogenic_missense|PIK3CA|156449|ALT	PIK3CA	pathogenic_missense	ALT	pathogenic_missense
pathogenic_missense|PIK3CA|809567|ALT	PIK3CA	pathogenic_missense	ALT	pathogenic_missense
pathogenic_missense|PIK3CA|419222|ALT	PIK3CA	pathogenic_missense	ALT	pathogenic_missense
pathogenic_missense|PIK3CA|917489|ALT	PIK3CA	pathogenic_missense	ALT	pathogenic_missense
pathogenic_missense|PIK3CA|39704|ALT	PIK3CA	pathogenic_missense	ALT	pathogenic_missense
pathogenic_missense|PIK3CA|45464|ALT	PIK3CA	pathogenic_missense	ALT	pathogenic_missense
pathogenic_missense|PIK3CA|31945|ALT	PIK3CA	pathogenic_missense	ALT	pathogenic_missense
pathogenic_missense|PIK3CA|1333250|ALT	PIK3CA	pathogenic_missense	ALT	pathogenic_missense
pathogenic_missense|PIK3CA|864863|ALT	PIK3CA	pathogenic_missense	ALT	pathogenic_missense
pathogenic_missense|PIK3CA|1804026|ALT	PIK3CA	pathogenic_missense	ALT	pathogenic_missense
pathogenic_missense|PIK3CA|376470|ALT	PIK3CA	pathogenic_missense	ALT	pathogenic_missense
pathogenic_missense|PIK3CA|376243|ALT	PIK3CA	pathogenic_missense	ALT	pathogenic_missense
pathogenic_missense|PIK3CA|31944|ALT	PIK3CA	pathogenic_missense	ALT	pathogenic_missense
pathogenic_missense|PIK3CA|376244|ALT	PIK3CA	pathogenic_missense	ALT	pathogenic_missense
pathogenic_missense|PIK3CA|376473|ALT	PIK3CA	pathogenic_missense	ALT	pathogenic_missense
pathogenic_missense|PIK3CA|376475|ALT	PIK3CA	pathogenic_missense	ALT	pathogenic_missense
pathogenic_missense|PIK3CA|13655|ALT	PIK3CA	pathogenic_missense	ALT	pathogenic_missense
pathogenic_missense|PIK3CA|13659|ALT	PIK3CA	pathogenic_missense	ALT	pathogenic_missense
pathogenic_missense|PIK3CA|13656|ALT	PIK3CA	pathogenic_missense	ALT	pathogenic_missense
pathogenic_missense|PIK3CA|217293|ALT	PIK3CA	pathogenic_missense	ALT	pathogenic_missense
pathogenic_missense|PIK3CA|13657|ALT	PIK3CA	pathogenic_missense	ALT	pathogenic_missense
pathogenic_missense|PIK3CA|13654|ALT	PIK3CA	pathogenic_missense	ALT	pathogenic_missense
pathogenic_missense|PIK3CA|375898|ALT	PIK3CA	pathogenic_missense	ALT	pathogenic_missense
pathogenic_missense|PIK3CA|45466|ALT	PIK3CA	pathogenic_missense	ALT	pathogenic_missense
pathogenic_missense|PIK3CA|3774497|ALT	PIK3CA	pathogenic_missense	ALT	pathogenic_missense
pathogenic_missense|PIK3CA|2662642|ALT	PIK3CA	pathogenic_missense	ALT	pathogenic_missense
pathogenic_missense|PIK3CA|1804027|ALT	PIK3CA	pathogenic_missense	ALT	pathogenic_missense
pathogenic_missense|PIK3CA|376476|ALT	PIK3CA	pathogenic_missense	ALT	pathogenic_missense
pathogenic_missense|PIK3CA|802030|ALT	PIK3CA	pathogenic_missense	ALT	pathogenic_missense
pathogenic_missense|PIK3CA|2505160|ALT	PIK3CA	pathogenic_missense	ALT	pathogenic_missense
pathogenic_missense|PIK3CA|995381|ALT	PIK3CA	pathogenic_missense	ALT	pathogenic_missense
pathogenic_missense|PIK3CA|39703|ALT	PIK3CA	pathogenic_missense	ALT	pathogenic_missense
pathogenic_missense|PIK3CA|4819282|ALT	PIK3CA	pathogenic_missense	ALT	pathogenic_missense
pathogenic_missense|PIK3CA|421698|ALT	PIK3CA	pathogenic_missense	ALT	pathogenic_missense
pathogenic_missense|PIK3CA|1098323|ALT	PIK3CA	pathogenic_missense	ALT	pathogenic_missense
pathogenic_missense|PIK3CA|1057635|ALT	PIK3CA	pathogenic_missense	ALT	pathogenic_missense
pathogenic_missense|PIK3CA|1209066|ALT	PIK3CA	pathogenic_missense	ALT	pathogenic_missense
pathogenic_missense|PIK3CA|1691391|ALT	PIK3CA	pathogenic_missense	ALT	pathogenic_missense
pathogenic_missense|PIK3CA|376246|ALT	PIK3CA	pathogenic_missense	ALT	pathogenic_missense
pathogenic_missense|PIK3CA|45467|ALT	PIK3CA	pathogenic_missense	ALT	pathogenic_missense
pathogenic_missense|PIK3CA|2633421|ALT	PIK3CA	pathogenic_missense	ALT	pathogenic_missense
pathogenic_missense|PIK3CA|495324|ALT	PIK3CA	pathogenic_missense	ALT	pathogenic_missense
pathogenic_missense|PIK3CA|3778701|ALT	PIK3CA	pathogenic_missense	ALT	pathogenic_missense
pathogenic_missense|PIK3CA|1172583|ALT	PIK3CA	pathogenic_missense	ALT	pathogenic_missense
pathogenic_missense|PIK3CA|2582274|ALT	PIK3CA	pathogenic_missense	ALT	pathogenic_missense
pathogenic_missense|PIK3CA|1333708|ALT	PIK3CA	pathogenic_missense	ALT	pathogenic_missense
pathogenic_missense|PIK3CA|179173|ALT	PIK3CA	pathogenic_missense	ALT	pathogenic_missense
pathogenic_missense|PIK3CA|217292|ALT	PIK3CA	pathogenic_missense	ALT	pathogenic_missense
pathogenic_missense|PIK3CA|419390|ALT	PIK3CA	pathogenic_missense	ALT	pathogenic_missense
pathogenic_missense|PIK3CA|39705|ALT	PIK3CA	pathogenic_missense	ALT	pathogenic_missense
pathogenic_missense|PIK3CA|13652|ALT	PIK3CA	pathogenic_missense	ALT	pathogenic_missense
pathogenic_missense|PIK3CA|13653|ALT	PIK3CA	pathogenic_missense	ALT	pathogenic_missense
pathogenic_missense|PIK3CA|450316|ALT	PIK3CA	pathogenic_missense	ALT	pathogenic_missense
pathogenic_missense|PIK3CA|376247|ALT	PIK3CA	pathogenic_missense	ALT	pathogenic_missense
pathogenic_missense|PIK3CA|1511013|ALT	PIK3CA	pathogenic_missense	ALT	pathogenic_missense
pathogenic_missense|PIK3CA|4819970|ALT	PIK3CA	pathogenic_missense	ALT	pathogenic_missense
pathogenic_missense|PIK3CA|4292889|ALT	PIK3CA	pathogenic_missense	ALT	pathogenic_missense
pathogenic_missense|PIK3CA|3777340|ALT	PIK3CA	pathogenic_missense	ALT	pathogenic_missense
pathogenic_missense|CARD11|1013534|ALT	CARD11	pathogenic_missense	ALT	pathogenic_missense
pathogenic_missense|CARD11|2573987|ALT	CARD11	pathogenic_missense	ALT	pathogenic_missense
pathogenic_missense|CARD11|48647|ALT	CARD11	pathogenic_missense	ALT	pathogenic_missense
pathogenic_missense|CARD11|1174515|ALT	CARD11	pathogenic_missense	ALT	pathogenic_missense
pathogenic_missense|CARD11|183144|ALT	CARD11	pathogenic_missense	ALT	pathogenic_missense
pathogenic_missense|CARD11|48648|ALT	CARD11	pathogenic_missense	ALT	pathogenic_missense
pathogenic_missense|CARD11|871388|ALT	CARD11	pathogenic_missense	ALT	pathogenic_missense
pathogenic_missense|CARD11|1184834|ALT	CARD11	pathogenic_missense	ALT	pathogenic_missense
pathogenic_missense|CARD11|203461|ALT	CARD11	pathogenic_missense	ALT	pathogenic_missense
pathogenic_missense|CARD11|3594526|ALT	CARD11	pathogenic_missense	ALT	pathogenic_missense
pathogenic_missense|CARD11|540972|ALT	CARD11	pathogenic_missense	ALT	pathogenic_missense
pathogenic_missense|CARD11|1707410|ALT	CARD11	pathogenic_missense	ALT	pathogenic_missense
pathogenic_missense|CARD11|473938|ALT	CARD11	pathogenic_missense	ALT	pathogenic_missense
pathogenic_missense|CARD11|1184594|ALT	CARD11	pathogenic_missense	ALT	pathogenic_missense
pathogenic_missense|COL1A2|2439307|ALT	COL1A2	pathogenic_missense	ALT	pathogenic_missense
pathogenic_missense|COL1A2|3366899|ALT	COL1A2	pathogenic_missense	ALT	pathogenic_missense
pathogenic_missense|COL1A2|456826|ALT	COL1A2	pathogenic_missense	ALT	pathogenic_missense
pathogenic_missense|COL1A2|2007447|ALT	COL1A2	pathogenic_missense	ALT	pathogenic_missense
pathogenic_missense|COL1A2|3064106|ALT	COL1A2	pathogenic_missense	ALT	pathogenic_missense
pathogenic_missense|COL1A2|661951|ALT	COL1A2	pathogenic_missense	ALT	pathogenic_missense
pathogenic_missense|COL1A2|2944354|ALT	COL1A2	pathogenic_missense	ALT	pathogenic_missense
pathogenic_missense|COL1A2|1067625|ALT	COL1A2	pathogenic_missense	ALT	pathogenic_missense
pathogenic_missense|COL1A2|3345514|ALT	COL1A2	pathogenic_missense	ALT	pathogenic_missense
pathogenic_missense|COL1A2|2950794|ALT	COL1A2	pathogenic_missense	ALT	pathogenic_missense
pathogenic_missense|COL1A2|425658|ALT	COL1A2	pathogenic_missense	ALT	pathogenic_missense
pathogenic_missense|COL1A2|1184445|ALT	COL1A2	pathogenic_missense	ALT	pathogenic_missense
pathogenic_missense|COL1A2|456830|ALT	COL1A2	pathogenic_missense	ALT	pathogenic_missense
pathogenic_missense|COL1A2|839286|ALT	COL1A2	pathogenic_missense	ALT	pathogenic_missense
pathogenic_missense|COL1A2|2662592|ALT	COL1A2	pathogenic_missense	ALT	pathogenic_missense
pathogenic_missense|COL1A2|934132|ALT	COL1A2	pathogenic_missense	ALT	pathogenic_missense
pathogenic_missense|COL1A2|4847549|ALT	COL1A2	pathogenic_missense	ALT	pathogenic_missense
pathogenic_missense|COL1A2|2136557|ALT	COL1A2	pathogenic_missense	ALT	pathogenic_missense
pathogenic_missense|COL1A2|839226|ALT	COL1A2	pathogenic_missense	ALT	pathogenic_missense
pathogenic_missense|COL1A2|1457012|ALT	COL1A2	pathogenic_missense	ALT	pathogenic_missense
pathogenic_missense|COL1A2|585503|ALT	COL1A2	pathogenic_missense	ALT	pathogenic_missense
pathogenic_missense|COL1A2|4783663|ALT	COL1A2	pathogenic_missense	ALT	pathogenic_missense
pathogenic_missense|COL1A2|456836|ALT	COL1A2	pathogenic_missense	ALT	pathogenic_missense
pathogenic_missense|COL1A2|585504|ALT	COL1A2	pathogenic_missense	ALT	pathogenic_missense
pathogenic_missense|COL1A2|571134|ALT	COL1A2	pathogenic_missense	ALT	pathogenic_missense
pathogenic_missense|COL1A2|393233|ALT	COL1A2	pathogenic_missense	ALT	pathogenic_missense
pathogenic_missense|COL1A2|2066376|ALT	COL1A2	pathogenic_missense	ALT	pathogenic_missense
pathogenic_missense|COL1A2|691338|ALT	COL1A2	pathogenic_missense	ALT	pathogenic_missense
pathogenic_missense|COL1A2|2033473|ALT	COL1A2	pathogenic_missense	ALT	pathogenic_missense
pathogenic_missense|COL1A2|2152136|ALT	COL1A2	pathogenic_missense	ALT	pathogenic_missense
pathogenic_missense|COL1A2|2925401|ALT	COL1A2	pathogenic_missense	ALT	pathogenic_missense
pathogenic_missense|COL1A2|3762104|ALT	COL1A2	pathogenic_missense	ALT	pathogenic_missense
pathogenic_missense|COL1A2|2930905|ALT	COL1A2	pathogenic_missense	ALT	pathogenic_missense
pathogenic_missense|COL1A2|4075356|ALT	COL1A2	pathogenic_missense	ALT	pathogenic_missense
pathogenic_missense|COL1A2|1498266|ALT	COL1A2	pathogenic_missense	ALT	pathogenic_missense
pathogenic_missense|COL1A2|3766670|ALT	COL1A2	pathogenic_missense	ALT	pathogenic_missense
pathogenic_missense|COL1A2|1475166|ALT	COL1A2	pathogenic_missense	ALT	pathogenic_missense
pathogenic_missense|COL1A2|4783356|ALT	COL1A2	pathogenic_missense	ALT	pathogenic_missense
pathogenic_missense|COL1A2|848872|ALT	COL1A2	pathogenic_missense	ALT	pathogenic_missense
pathogenic_missense|COL1A2|2921806|ALT	COL1A2	pathogenic_missense	ALT	pathogenic_missense
pathogenic_missense|COL1A2|931954|ALT	COL1A2	pathogenic_missense	ALT	pathogenic_missense
pathogenic_missense|COL1A2|4788127|ALT	COL1A2	pathogenic_missense	ALT	pathogenic_missense
pathogenic_missense|COL1A2|4282366|ALT	COL1A2	pathogenic_missense	ALT	pathogenic_missense
pathogenic_missense|COL1A2|4075357|ALT	COL1A2	pathogenic_missense	ALT	pathogenic_missense
pathogenic_missense|COL1A2|624286|ALT	COL1A2	pathogenic_missense	ALT	pathogenic_missense
pathogenic_missense|COL1A2|2925402|ALT	COL1A2	pathogenic_missense	ALT	pathogenic_missense
pathogenic_missense|COL1A2|265387|ALT	COL1A2	pathogenic_missense	ALT	pathogenic_missense
pathogenic_missense|COL1A2|2136559|ALT	COL1A2	pathogenic_missense	ALT	pathogenic_missense
pathogenic_missense|COL1A2|4075358|ALT	COL1A2	pathogenic_missense	ALT	pathogenic_missense
pathogenic_missense|COL1A2|650767|ALT	COL1A2	pathogenic_missense	ALT	pathogenic_missense
pathogenic_missense|COL1A2|1993479|ALT	COL1A2	pathogenic_missense	ALT	pathogenic_missense
pathogenic_missense|COL1A2|372734|ALT	COL1A2	pathogenic_missense	ALT	pathogenic_missense
pathogenic_missense|COL1A2|2925403|ALT	COL1A2	pathogenic_missense	ALT	pathogenic_missense
pathogenic_missense|COL1A2|2136560|ALT	COL1A2	pathogenic_missense	ALT	pathogenic_missense
pathogenic_missense|COL1A2|3759113|ALT	COL1A2	pathogenic_missense	ALT	pathogenic_missense
pathogenic_missense|COL1A2|496615|ALT	COL1A2	pathogenic_missense	ALT	pathogenic_missense
pathogenic_missense|COL1A2|1029637|ALT	COL1A2	pathogenic_missense	ALT	pathogenic_missense
pathogenic_missense|COL1A2|2684108|ALT	COL1A2	pathogenic_missense	ALT	pathogenic_missense
pathogenic_missense|COL1A2|1457014|ALT	COL1A2	pathogenic_missense	ALT	pathogenic_missense
pathogenic_missense|COL1A2|1473887|ALT	COL1A2	pathogenic_missense	ALT	pathogenic_missense
pathogenic_missense|COL1A2|2683900|ALT	COL1A2	pathogenic_missense	ALT	pathogenic_missense
pathogenic_missense|COL1A2|1895505|ALT	COL1A2	pathogenic_missense	ALT	pathogenic_missense
pathogenic_missense|COL1A2|1459490|ALT	COL1A2	pathogenic_missense	ALT	pathogenic_missense
pathogenic_missense|COL1A2|3344912|ALT	COL1A2	pathogenic_missense	ALT	pathogenic_missense
pathogenic_missense|COL1A2|2935057|ALT	COL1A2	pathogenic_missense	ALT	pathogenic_missense
pathogenic_missense|COL1A2|35955|ALT	COL1A2	pathogenic_missense	ALT	pathogenic_missense
pathogenic_missense|COL1A2|2941684|ALT	COL1A2	pathogenic_missense	ALT	pathogenic_missense
pathogenic_missense|COL1A2|4075359|ALT	COL1A2	pathogenic_missense	ALT	pathogenic_missense
pathogenic_missense|COL1A2|4783357|ALT	COL1A2	pathogenic_missense	ALT	pathogenic_missense
pathogenic_missense|COL1A2|2922640|ALT	COL1A2	pathogenic_missense	ALT	pathogenic_missense
pathogenic_missense|COL1A2|2027820|ALT	COL1A2	pathogenic_missense	ALT	pathogenic_missense
pathogenic_missense|COL1A2|1701999|ALT	COL1A2	pathogenic_missense	ALT	pathogenic_missense
pathogenic_missense|COL1A2|4687219|ALT	COL1A2	pathogenic_missense	ALT	pathogenic_missense
pathogenic_missense|COL1A2|648577|ALT	COL1A2	pathogenic_missense	ALT	pathogenic_missense
pathogenic_missense|COL1A2|1067027|ALT	COL1A2	pathogenic_missense	ALT	pathogenic_missense
pathogenic_missense|COL1A2|2682437|ALT	COL1A2	pathogenic_missense	ALT	pathogenic_missense
pathogenic_missense|COL1A2|2925405|ALT	COL1A2	pathogenic_missense	ALT	pathogenic_missense
pathogenic_missense|COL1A2|419709|ALT	COL1A2	pathogenic_missense	ALT	pathogenic_missense
pathogenic_missense|COL1A2|4075361|ALT	COL1A2	pathogenic_missense	ALT	pathogenic_missense
pathogenic_missense|COL1A2|566379|ALT	COL1A2	pathogenic_missense	ALT	pathogenic_missense
pathogenic_missense|COL1A2|872906|ALT	COL1A2	pathogenic_missense	ALT	pathogenic_missense
pathogenic_missense|COL1A2|4075362|ALT	COL1A2	pathogenic_missense	ALT	pathogenic_missense
pathogenic_missense|COL1A2|872907|ALT	COL1A2	pathogenic_missense	ALT	pathogenic_missense
pathogenic_missense|COL1A2|3761001|ALT	COL1A2	pathogenic_missense	ALT	pathogenic_missense
pathogenic_missense|COL1A2|950807|ALT	COL1A2	pathogenic_missense	ALT	pathogenic_missense
pathogenic_missense|COL1A2|439504|ALT	COL1A2	pathogenic_missense	ALT	pathogenic_missense
pathogenic_missense|COL1A2|3766051|ALT	COL1A2	pathogenic_missense	ALT	pathogenic_missense
pathogenic_missense|COL1A2|17247|ALT	COL1A2	pathogenic_missense	ALT	pathogenic_missense
pathogenic_missense|COL1A2|1029638|ALT	COL1A2	pathogenic_missense	ALT	pathogenic_missense
pathogenic_missense|COL1A2|802332|ALT	COL1A2	pathogenic_missense	ALT	pathogenic_missense
pathogenic_missense|COL1A2|456844|ALT	COL1A2	pathogenic_missense	ALT	pathogenic_missense
pathogenic_missense|COL1A2|916359|ALT	COL1A2	pathogenic_missense	ALT	pathogenic_missense
pathogenic_missense|COL1A2|1518853|ALT	COL1A2	pathogenic_missense	ALT	pathogenic_missense
pathogenic_missense|COL1A2|4786048|ALT	COL1A2	pathogenic_missense	ALT	pathogenic_missense
pathogenic_missense|COL1A2|425660|ALT	COL1A2	pathogenic_missense	ALT	pathogenic_missense
pathogenic_missense|COL1A2|425661|ALT	COL1A2	pathogenic_missense	ALT	pathogenic_missense
pathogenic_missense|COL1A2|1457226|ALT	COL1A2	pathogenic_missense	ALT	pathogenic_missense
pathogenic_missense|COL1A2|691337|ALT	COL1A2	pathogenic_missense	ALT	pathogenic_missense
pathogenic_missense|COL1A2|3573482|ALT	COL1A2	pathogenic_missense	ALT	pathogenic_missense
pathogenic_missense|COL1A2|4819334|ALT	COL1A2	pathogenic_missense	ALT	pathogenic_missense
pathogenic_missense|COL1A2|2503333|ALT	COL1A2	pathogenic_missense	ALT	pathogenic_missense
pathogenic_missense|COL1A2|4075363|ALT	COL1A2	pathogenic_missense	ALT	pathogenic_missense
pathogenic_missense|COL1A2|1071305|ALT	COL1A2	pathogenic_missense	ALT	pathogenic_missense
pathogenic_missense|COL1A2|2571594|ALT	COL1A2	pathogenic_missense	ALT	pathogenic_missense
pathogenic_missense|COL1A2|1349117|ALT	COL1A2	pathogenic_missense	ALT	pathogenic_missense
pathogenic_missense|COL1A2|967753|ALT	COL1A2	pathogenic_missense	ALT	pathogenic_missense
pathogenic_missense|COL1A2|35957|ALT	COL1A2	pathogenic_missense	ALT	pathogenic_missense
pathogenic_missense|COL1A2|1708366|ALT	COL1A2	pathogenic_missense	ALT	pathogenic_missense
pathogenic_missense|COL1A2|1899269|ALT	COL1A2	pathogenic_missense	ALT	pathogenic_missense
pathogenic_missense|COL1A2|4783359|ALT	COL1A2	pathogenic_missense	ALT	pathogenic_missense
pathogenic_missense|COL1A2|4075364|ALT	COL1A2	pathogenic_missense	ALT	pathogenic_missense
pathogenic_missense|COL1A2|425662|ALT	COL1A2	pathogenic_missense	ALT	pathogenic_missense
pathogenic_missense|COL1A2|2035312|ALT	COL1A2	pathogenic_missense	ALT	pathogenic_missense
pathogenic_missense|COL1A2|1071306|ALT	COL1A2	pathogenic_missense	ALT	pathogenic_missense
pathogenic_missense|COL1A2|4782598|ALT	COL1A2	pathogenic_missense	ALT	pathogenic_missense
pathogenic_missense|COL1A2|425663|ALT	COL1A2	pathogenic_missense	ALT	pathogenic_missense
pathogenic_missense|COL1A2|451413|ALT	COL1A2	pathogenic_missense	ALT	pathogenic_missense
pathogenic_missense|COL1A2|1683639|ALT	COL1A2	pathogenic_missense	ALT	pathogenic_missense
pathogenic_missense|COL1A2|691334|ALT	COL1A2	pathogenic_missense	ALT	pathogenic_missense
pathogenic_missense|COL1A2|4291862|ALT	COL1A2	pathogenic_missense	ALT	pathogenic_missense
pathogenic_missense|COL1A2|430639|ALT	COL1A2	pathogenic_missense	ALT	pathogenic_missense
pathogenic_missense|COL1A2|691333|ALT	COL1A2	pathogenic_missense	ALT	pathogenic_missense
pathogenic_missense|COL1A2|4075365|ALT	COL1A2	pathogenic_missense	ALT	pathogenic_missense
pathogenic_missense|COL1A2|2950227|ALT	COL1A2	pathogenic_missense	ALT	pathogenic_missense
pathogenic_missense|COL1A2|1456408|ALT	COL1A2	pathogenic_missense	ALT	pathogenic_missense
pathogenic_missense|COL1A2|4783360|ALT	COL1A2	pathogenic_missense	ALT	pathogenic_missense
pathogenic_missense|COL1A2|870113|ALT	COL1A2	pathogenic_missense	ALT	pathogenic_missense
pathogenic_missense|COL1A2|4081264|ALT	COL1A2	pathogenic_missense	ALT	pathogenic_missense
pathogenic_missense|COL1A2|4075366|ALT	COL1A2	pathogenic_missense	ALT	pathogenic_missense
pathogenic_missense|COL1A2|456845|ALT	COL1A2	pathogenic_missense	ALT	pathogenic_missense
pathogenic_missense|COL1A2|3252038|ALT	COL1A2	pathogenic_missense	ALT	pathogenic_missense
pathogenic_missense|COL1A2|3759116|ALT	COL1A2	pathogenic_missense	ALT	pathogenic_missense
pathogenic_missense|COL1A2|2023468|ALT	COL1A2	pathogenic_missense	ALT	pathogenic_missense
pathogenic_missense|COL1A2|2925406|ALT	COL1A2	pathogenic_missense	ALT	pathogenic_missense
pathogenic_missense|COL1A2|456846|ALT	COL1A2	pathogenic_missense	ALT	pathogenic_missense
pathogenic_missense|COL1A2|2636261|ALT	COL1A2	pathogenic_missense	ALT	pathogenic_missense
pathogenic_missense|COL1A2|3759117|ALT	COL1A2	pathogenic_missense	ALT	pathogenic_missense
pathogenic_missense|COL1A2|447156|ALT	COL1A2	pathogenic_missense	ALT	pathogenic_missense
pathogenic_missense|COL1A2|618023|ALT	COL1A2	pathogenic_missense	ALT	pathogenic_missense
pathogenic_missense|COL1A2|2439316|ALT	COL1A2	pathogenic_missense	ALT	pathogenic_missense
pathogenic_missense|COL1A2|1994577|ALT	COL1A2	pathogenic_missense	ALT	pathogenic_missense
pathogenic_missense|COL1A2|456848|ALT	COL1A2	pathogenic_missense	ALT	pathogenic_missense
pathogenic_missense|COL1A2|3337934|ALT	COL1A2	pathogenic_missense	ALT	pathogenic_missense
pathogenic_missense|COL1A2|372735|ALT	COL1A2	pathogenic_missense	ALT	pathogenic_missense
pathogenic_missense|COL1A2|618025|ALT	COL1A2	pathogenic_missense	ALT	pathogenic_missense
pathogenic_missense|COL1A2|2946398|ALT	COL1A2	pathogenic_missense	ALT	pathogenic_missense
pathogenic_missense|COL1A2|425664|ALT	COL1A2	pathogenic_missense	ALT	pathogenic_missense
pathogenic_missense|COL1A2|691335|ALT	COL1A2	pathogenic_missense	ALT	pathogenic_missense
pathogenic_missense|COL1A2|4819358|ALT	COL1A2	pathogenic_missense	ALT	pathogenic_missense
pathogenic_missense|COL1A2|425643|ALT	COL1A2	pathogenic_missense	ALT	pathogenic_missense
pathogenic_missense|COL1A2|2136562|ALT	COL1A2	pathogenic_missense	ALT	pathogenic_missense
pathogenic_missense|COL1A2|1415383|ALT	COL1A2	pathogenic_missense	ALT	pathogenic_missense
pathogenic_missense|COL1A2|2047849|ALT	COL1A2	pathogenic_missense	ALT	pathogenic_missense
pathogenic_missense|COL1A2|1683593|ALT	COL1A2	pathogenic_missense	ALT	pathogenic_missense
pathogenic_missense|COL1A2|1709942|ALT	COL1A2	pathogenic_missense	ALT	pathogenic_missense
pathogenic_missense|COL1A2|4075335|ALT	COL1A2	pathogenic_missense	ALT	pathogenic_missense
pathogenic_missense|COL1A2|2628085|ALT	COL1A2	pathogenic_missense	ALT	pathogenic_missense
pathogenic_missense|COL1A2|2439299|ALT	COL1A2	pathogenic_missense	ALT	pathogenic_missense
pathogenic_missense|COL1A2|4681118|ALT	COL1A2	pathogenic_missense	ALT	pathogenic_missense
pathogenic_missense|COL1A2|1071307|ALT	COL1A2	pathogenic_missense	ALT	pathogenic_missense
pathogenic_missense|COL1A2|1389787|ALT	COL1A2	pathogenic_missense	ALT	pathogenic_missense
pathogenic_missense|COL1A2|526898|ALT	COL1A2	pathogenic_missense	ALT	pathogenic_missense
pathogenic_missense|COL1A2|423428|ALT	COL1A2	pathogenic_missense	ALT	pathogenic_missense
pathogenic_missense|COL1A2|456802|ALT	COL1A2	pathogenic_missense	ALT	pathogenic_missense
pathogenic_missense|COL1A2|2439314|ALT	COL1A2	pathogenic_missense	ALT	pathogenic_missense
pathogenic_missense|COL1A2|4075336|ALT	COL1A2	pathogenic_missense	ALT	pathogenic_missense
pathogenic_missense|COL1A2|870114|ALT	COL1A2	pathogenic_missense	ALT	pathogenic_missense
pathogenic_missense|COL1A2|2688785|ALT	COL1A2	pathogenic_missense	ALT	pathogenic_missense
pathogenic_missense|COL1A2|2022871|ALT	COL1A2	pathogenic_missense	ALT	pathogenic_missense
pathogenic_missense|COL1A2|17272|ALT	COL1A2	pathogenic_missense	ALT	pathogenic_missense
pathogenic_missense|COL1A2|4075337|ALT	COL1A2	pathogenic_missense	ALT	pathogenic_missense
pathogenic_missense|COL1A2|265699|ALT	COL1A2	pathogenic_missense	ALT	pathogenic_missense
pathogenic_missense|COL1A2|3573488|ALT	COL1A2	pathogenic_missense	ALT	pathogenic_missense
pathogenic_missense|COL1A2|451709|ALT	COL1A2	pathogenic_missense	ALT	pathogenic_missense
pathogenic_missense|COL1A2|579070|ALT	COL1A2	pathogenic_missense	ALT	pathogenic_missense
pathogenic_missense|COL1A2|191222|ALT	COL1A2	pathogenic_missense	ALT	pathogenic_missense
pathogenic_missense|COL1A2|426918|ALT	COL1A2	pathogenic_missense	ALT	pathogenic_missense
pathogenic_missense|COL1A2|17278|ALT	COL1A2	pathogenic_missense	ALT	pathogenic_missense
pathogenic_missense|COL1A2|3756077|ALT	COL1A2	pathogenic_missense	ALT	pathogenic_missense
pathogenic_missense|COL1A2|1446660|ALT	COL1A2	pathogenic_missense	ALT	pathogenic_missense
pathogenic_missense|COL1A2|4075338|ALT	COL1A2	pathogenic_missense	ALT	pathogenic_missense
pathogenic_missense|COL1A2|804568|ALT	COL1A2	pathogenic_missense	ALT	pathogenic_missense
pathogenic_missense|COL1A2|2007264|ALT	COL1A2	pathogenic_missense	ALT	pathogenic_missense
pathogenic_missense|COL1A2|2925407|ALT	COL1A2	pathogenic_missense	ALT	pathogenic_missense
pathogenic_missense|COL1A2|4075339|ALT	COL1A2	pathogenic_missense	ALT	pathogenic_missense
pathogenic_missense|COL1A2|425644|ALT	COL1A2	pathogenic_missense	ALT	pathogenic_missense
pathogenic_missense|COL1A2|1320217|ALT	COL1A2	pathogenic_missense	ALT	pathogenic_missense
pathogenic_missense|COL1A2|425645|ALT	COL1A2	pathogenic_missense	ALT	pathogenic_missense
pathogenic_missense|COL1A2|1687533|ALT	COL1A2	pathogenic_missense	ALT	pathogenic_missense
pathogenic_missense|COL1A2|950425|ALT	COL1A2	pathogenic_missense	ALT	pathogenic_missense
pathogenic_missense|COL1A2|1723615|ALT	COL1A2	pathogenic_missense	ALT	pathogenic_missense
pathogenic_missense|COL1A2|4689420|ALT	COL1A2	pathogenic_missense	ALT	pathogenic_missense
pathogenic_missense|COL1A2|1685648|ALT	COL1A2	pathogenic_missense	ALT	pathogenic_missense
pathogenic_missense|COL1A2|3338018|ALT	COL1A2	pathogenic_missense	ALT	pathogenic_missense
pathogenic_missense|COL1A2|520980|ALT	COL1A2	pathogenic_missense	ALT	pathogenic_missense
pathogenic_missense|COL1A2|570591|ALT	COL1A2	pathogenic_missense	ALT	pathogenic_missense
pathogenic_missense|COL1A2|599144|ALT	COL1A2	pathogenic_missense	ALT	pathogenic_missense
pathogenic_missense|COL1A2|3758889|ALT	COL1A2	pathogenic_missense	ALT	pathogenic_missense
pathogenic_missense|COL1A2|3031364|ALT	COL1A2	pathogenic_missense	ALT	pathogenic_missense
pathogenic_missense|COL1A2|520400|ALT	COL1A2	pathogenic_missense	ALT	pathogenic_missense
pathogenic_missense|COL1A2|871433|ALT	COL1A2	pathogenic_missense	ALT	pathogenic_missense
pathogenic_missense|COL1A2|3754712|ALT	COL1A2	pathogenic_missense	ALT	pathogenic_missense
pathogenic_missense|COL1A2|17281|ALT	COL1A2	pathogenic_missense	ALT	pathogenic_missense
pathogenic_missense|COL1A2|854736|ALT	COL1A2	pathogenic_missense	ALT	pathogenic_missense
pathogenic_missense|COL1A2|2925409|ALT	COL1A2	pathogenic_missense	ALT	pathogenic_missense
pathogenic_missense|COL1A2|2571283|ALT	COL1A2	pathogenic_missense	ALT	pathogenic_missense
pathogenic_missense|COL1A2|860577|ALT	COL1A2	pathogenic_missense	ALT	pathogenic_missense
pathogenic_missense|COL1A2|4280709|ALT	COL1A2	pathogenic_missense	ALT	pathogenic_missense
pathogenic_missense|COL1A2|1224348|ALT	COL1A2	pathogenic_missense	ALT	pathogenic_missense
pathogenic_missense|COL1A2|800487|ALT	COL1A2	pathogenic_missense	ALT	pathogenic_missense
pathogenic_missense|COL1A2|449350|ALT	COL1A2	pathogenic_missense	ALT	pathogenic_missense
pathogenic_missense|COL1A2|526882|ALT	COL1A2	pathogenic_missense	ALT	pathogenic_missense
pathogenic_missense|COL1A2|4783362|ALT	COL1A2	pathogenic_missense	ALT	pathogenic_missense
pathogenic_missense|COL1A2|644457|ALT	COL1A2	pathogenic_missense	ALT	pathogenic_missense
pathogenic_missense|COL1A2|1683603|ALT	COL1A2	pathogenic_missense	ALT	pathogenic_missense
pathogenic_missense|COL1A2|1708264|ALT	COL1A2	pathogenic_missense	ALT	pathogenic_missense
pathogenic_missense|COL1A2|1027380|ALT	COL1A2	pathogenic_missense	ALT	pathogenic_missense
pathogenic_missense|COL1A2|265388|ALT	COL1A2	pathogenic_missense	ALT	pathogenic_missense
pathogenic_missense|COL1A2|208775|ALT	COL1A2	pathogenic_missense	ALT	pathogenic_missense
pathogenic_missense|COL1A2|526895|ALT	COL1A2	pathogenic_missense	ALT	pathogenic_missense
pathogenic_missense|COL1A2|1066123|ALT	COL1A2	pathogenic_missense	ALT	pathogenic_missense
pathogenic_missense|COL1A2|811159|ALT	COL1A2	pathogenic_missense	ALT	pathogenic_missense
pathogenic_missense|COL1A2|2922709|ALT	COL1A2	pathogenic_missense	ALT	pathogenic_missense
pathogenic_missense|COL1A2|425648|ALT	COL1A2	pathogenic_missense	ALT	pathogenic_missense
pathogenic_missense|COL1A2|1701990|ALT	COL1A2	pathogenic_missense	ALT	pathogenic_missense
pathogenic_missense|COL1A2|17249|ALT	COL1A2	pathogenic_missense	ALT	pathogenic_missense
pathogenic_missense|COL1A2|4532083|ALT	COL1A2	pathogenic_missense	ALT	pathogenic_missense
pathogenic_missense|COL1A2|4085626|ALT	COL1A2	pathogenic_missense	ALT	pathogenic_missense
pathogenic_missense|COL1A2|870139|ALT	COL1A2	pathogenic_missense	ALT	pathogenic_missense
pathogenic_missense|COL1A2|2922279|ALT	COL1A2	pathogenic_missense	ALT	pathogenic_missense
pathogenic_missense|COL1A2|1420300|ALT	COL1A2	pathogenic_missense	ALT	pathogenic_missense
pathogenic_missense|COL1A2|4075340|ALT	COL1A2	pathogenic_missense	ALT	pathogenic_missense
pathogenic_missense|COL1A2|3337936|ALT	COL1A2	pathogenic_missense	ALT	pathogenic_missense
pathogenic_missense|COL1A2|947920|ALT	COL1A2	pathogenic_missense	ALT	pathogenic_missense
pathogenic_missense|COL1A2|3758891|ALT	COL1A2	pathogenic_missense	ALT	pathogenic_missense
pathogenic_missense|COL1A2|456806|ALT	COL1A2	pathogenic_missense	ALT	pathogenic_missense
pathogenic_missense|COL1A2|526885|ALT	COL1A2	pathogenic_missense	ALT	pathogenic_missense
pathogenic_missense|COL1A2|2136564|ALT	COL1A2	pathogenic_missense	ALT	pathogenic_missense
pathogenic_missense|COL1A2|4075341|ALT	COL1A2	pathogenic_missense	ALT	pathogenic_missense
pathogenic_missense|COL1A2|1701991|ALT	COL1A2	pathogenic_missense	ALT	pathogenic_missense
pathogenic_missense|COL1A2|1330728|ALT	COL1A2	pathogenic_missense	ALT	pathogenic_missense
pathogenic_missense|COL1A2|17262|ALT	COL1A2	pathogenic_missense	ALT	pathogenic_missense
pathogenic_missense|COL1A2|2951085|ALT	COL1A2	pathogenic_missense	ALT	pathogenic_missense
pathogenic_missense|COL1A2|456808|ALT	COL1A2	pathogenic_missense	ALT	pathogenic_missense
pathogenic_missense|COL1A2|456809|ALT	COL1A2	pathogenic_missense	ALT	pathogenic_missense
pathogenic_missense|COL1A2|3594954|ALT	COL1A2	pathogenic_missense	ALT	pathogenic_missense
pathogenic_missense|COL1A2|1694467|ALT	COL1A2	pathogenic_missense	ALT	pathogenic_missense
pathogenic_missense|COL1A2|2431378|ALT	COL1A2	pathogenic_missense	ALT	pathogenic_missense
pathogenic_missense|COL1A2|1459494|ALT	COL1A2	pathogenic_missense	ALT	pathogenic_missense
pathogenic_missense|COL1A2|3756064|ALT	COL1A2	pathogenic_missense	ALT	pathogenic_missense
pathogenic_missense|COL1A2|994266|ALT	COL1A2	pathogenic_missense	ALT	pathogenic_missense
pathogenic_missense|COL1A2|2136565|ALT	COL1A2	pathogenic_missense	ALT	pathogenic_missense
pathogenic_missense|COL1A2|369727|ALT	COL1A2	pathogenic_missense	ALT	pathogenic_missense
pathogenic_missense|COL1A2|3755803|ALT	COL1A2	pathogenic_missense	ALT	pathogenic_missense
pathogenic_missense|COL1A2|4075343|ALT	COL1A2	pathogenic_missense	ALT	pathogenic_missense
pathogenic_missense|COL1A2|4783363|ALT	COL1A2	pathogenic_missense	ALT	pathogenic_missense
pathogenic_missense|COL1A2|521008|ALT	COL1A2	pathogenic_missense	ALT	pathogenic_missense
pathogenic_missense|COL1A2|3391192|ALT	COL1A2	pathogenic_missense	ALT	pathogenic_missense
pathogenic_missense|COL1A2|3759118|ALT	COL1A2	pathogenic_missense	ALT	pathogenic_missense
pathogenic_missense|COL1A2|3768165|ALT	COL1A2	pathogenic_missense	ALT	pathogenic_missense
pathogenic_missense|COL1A2|1806461|ALT	COL1A2	pathogenic_missense	ALT	pathogenic_missense
pathogenic_missense|COL1A2|4856306|ALT	COL1A2	pathogenic_missense	ALT	pathogenic_missense
pathogenic_missense|COL1A2|2925410|ALT	COL1A2	pathogenic_missense	ALT	pathogenic_missense
pathogenic_missense|COL1A2|4796610|ALT	COL1A2	pathogenic_missense	ALT	pathogenic_missense
pathogenic_missense|COL1A2|1333726|ALT	COL1A2	pathogenic_missense	ALT	pathogenic_missense
pathogenic_missense|COL1A2|1699981|ALT	COL1A2	pathogenic_missense	ALT	pathogenic_missense
pathogenic_missense|COL1A2|17241|ALT	COL1A2	pathogenic_missense	ALT	pathogenic_missense
pathogenic_missense|COL1A2|3383074|ALT	COL1A2	pathogenic_missense	ALT	pathogenic_missense
pathogenic_missense|COL1A2|1806462|ALT	COL1A2	pathogenic_missense	ALT	pathogenic_missense
pathogenic_missense|COL1A2|265389|ALT	COL1A2	pathogenic_missense	ALT	pathogenic_missense
pathogenic_missense|COL1A2|3340561|ALT	COL1A2	pathogenic_missense	ALT	pathogenic_missense
pathogenic_missense|COL1A2|447150|ALT	COL1A2	pathogenic_missense	ALT	pathogenic_missense
pathogenic_missense|COL1A2|526894|ALT	COL1A2	pathogenic_missense	ALT	pathogenic_missense
pathogenic_missense|COL1A2|4075344|ALT	COL1A2	pathogenic_missense	ALT	pathogenic_missense
pathogenic_missense|COL1A2|691336|ALT	COL1A2	pathogenic_missense	ALT	pathogenic_missense
pathogenic_missense|COL1A2|2094761|ALT	COL1A2	pathogenic_missense	ALT	pathogenic_missense
pathogenic_missense|COL1A2|1895429|ALT	COL1A2	pathogenic_missense	ALT	pathogenic_missense
pathogenic_missense|COL1A2|4075345|ALT	COL1A2	pathogenic_missense	ALT	pathogenic_missense
pathogenic_missense|COL1A2|988496|ALT	COL1A2	pathogenic_missense	ALT	pathogenic_missense
pathogenic_missense|COL1A2|4686480|ALT	COL1A2	pathogenic_missense	ALT	pathogenic_missense
pathogenic_missense|COL1A2|2136567|ALT	COL1A2	pathogenic_missense	ALT	pathogenic_missense
pathogenic_missense|COL1A2|196158|ALT	COL1A2	pathogenic_missense	ALT	pathogenic_missense
pathogenic_missense|COL1A2|423710|ALT	COL1A2	pathogenic_missense	ALT	pathogenic_missense
pathogenic_missense|COL1A2|17257|ALT	COL1A2	pathogenic_missense	ALT	pathogenic_missense
pathogenic_missense|COL1A2|456811|ALT	COL1A2	pathogenic_missense	ALT	pathogenic_missense
pathogenic_missense|COL1A2|1405907|ALT	COL1A2	pathogenic_missense	ALT	pathogenic_missense
pathogenic_missense|COL1A2|17253|ALT	COL1A2	pathogenic_missense	ALT	pathogenic_missense
pathogenic_missense|COL1A2|1224306|ALT	COL1A2	pathogenic_missense	ALT	pathogenic_missense
pathogenic_missense|COL1A2|2945135|ALT	COL1A2	pathogenic_missense	ALT	pathogenic_missense
pathogenic_missense|COL1A2|1483175|ALT	COL1A2	pathogenic_missense	ALT	pathogenic_missense
pathogenic_missense|COL1A2|1349331|ALT	COL1A2	pathogenic_missense	ALT	pathogenic_missense
pathogenic_missense|COL1A2|3602910|ALT	COL1A2	pathogenic_missense	ALT	pathogenic_missense
pathogenic_missense|COL1A2|425649|ALT	COL1A2	pathogenic_missense	ALT	pathogenic_missense
pathogenic_missense|COL1A2|3758892|ALT	COL1A2	pathogenic_missense	ALT	pathogenic_missense
pathogenic_missense|COL1A2|1496767|ALT	COL1A2	pathogenic_missense	ALT	pathogenic_missense
pathogenic_missense|COL1A2|966304|ALT	COL1A2	pathogenic_missense	ALT	pathogenic_missense
pathogenic_missense|COL1A2|3756847|ALT	COL1A2	pathogenic_missense	ALT	pathogenic_missense
pathogenic_missense|COL1A2|969772|ALT	COL1A2	pathogenic_missense	ALT	pathogenic_missense
pathogenic_missense|COL1A2|1701992|ALT	COL1A2	pathogenic_missense	ALT	pathogenic_missense
pathogenic_missense|COL1A2|2004468|ALT	COL1A2	pathogenic_missense	ALT	pathogenic_missense
pathogenic_missense|COL1A2|2925411|ALT	COL1A2	pathogenic_missense	ALT	pathogenic_missense
pathogenic_missense|COL1A2|1224367|ALT	COL1A2	pathogenic_missense	ALT	pathogenic_missense
pathogenic_missense|COL1A2|452458|ALT	COL1A2	pathogenic_missense	ALT	pathogenic_missense
pathogenic_missense|COL1A2|1701993|ALT	COL1A2	pathogenic_missense	ALT	pathogenic_missense
pathogenic_missense|COL1A2|1691224|ALT	COL1A2	pathogenic_missense	ALT	pathogenic_missense
pathogenic_missense|COL1A2|35938|ALT	COL1A2	pathogenic_missense	ALT	pathogenic_missense
pathogenic_missense|COL1A2|1488079|ALT	COL1A2	pathogenic_missense	ALT	pathogenic_missense
pathogenic_missense|COL1A2|1468581|ALT	COL1A2	pathogenic_missense	ALT	pathogenic_missense
pathogenic_missense|COL1A2|4056447|ALT	COL1A2	pathogenic_missense	ALT	pathogenic_missense
pathogenic_missense|COL1A2|2945561|ALT	COL1A2	pathogenic_missense	ALT	pathogenic_missense
pathogenic_missense|COL1A2|1457414|ALT	COL1A2	pathogenic_missense	ALT	pathogenic_missense
pathogenic_missense|COL1A2|663292|ALT	COL1A2	pathogenic_missense	ALT	pathogenic_missense
pathogenic_missense|COL1A2|1685649|ALT	COL1A2	pathogenic_missense	ALT	pathogenic_missense
pathogenic_missense|COL1A2|2637910|ALT	COL1A2	pathogenic_missense	ALT	pathogenic_missense
pathogenic_missense|COL1A2|2628083|ALT	COL1A2	pathogenic_missense	ALT	pathogenic_missense
pathogenic_missense|COL1A2|17243|ALT	COL1A2	pathogenic_missense	ALT	pathogenic_missense
pathogenic_missense|COL1A2|3754741|ALT	COL1A2	pathogenic_missense	ALT	pathogenic_missense
pathogenic_missense|COL1A2|425650|ALT	COL1A2	pathogenic_missense	ALT	pathogenic_missense
pathogenic_missense|COL1A2|1432478|ALT	COL1A2	pathogenic_missense	ALT	pathogenic_missense
pathogenic_missense|COL1A2|456812|ALT	COL1A2	pathogenic_missense	ALT	pathogenic_missense
pathogenic_missense|COL1A2|1203633|ALT	COL1A2	pathogenic_missense	ALT	pathogenic_missense
pathogenic_missense|COL1A2|17258|ALT	COL1A2	pathogenic_missense	ALT	pathogenic_missense
pathogenic_missense|COL1A2|2036181|ALT	COL1A2	pathogenic_missense	ALT	pathogenic_missense
pathogenic_missense|COL1A2|1071308|ALT	COL1A2	pathogenic_missense	ALT	pathogenic_missense
pathogenic_missense|COL1A2|2430842|ALT	COL1A2	pathogenic_missense	ALT	pathogenic_missense
pathogenic_missense|COL1A2|35939|ALT	COL1A2	pathogenic_missense	ALT	pathogenic_missense
pathogenic_missense|COL1A2|585498|ALT	COL1A2	pathogenic_missense	ALT	pathogenic_missense
pathogenic_missense|COL1A2|495539|ALT	COL1A2	pathogenic_missense	ALT	pathogenic_missense
pathogenic_missense|COL1A2|2034209|ALT	COL1A2	pathogenic_missense	ALT	pathogenic_missense
pathogenic_missense|COL1A2|1459496|ALT	COL1A2	pathogenic_missense	ALT	pathogenic_missense
pathogenic_missense|COL1A2|2636256|ALT	COL1A2	pathogenic_missense	ALT	pathogenic_missense
pathogenic_missense|COL1A2|548666|ALT	COL1A2	pathogenic_missense	ALT	pathogenic_missense
pathogenic_missense|COL1A2|4541313|ALT	COL1A2	pathogenic_missense	ALT	pathogenic_missense
pathogenic_missense|COL1A2|4075346|ALT	COL1A2	pathogenic_missense	ALT	pathogenic_missense
pathogenic_missense|COL1A2|802335|ALT	COL1A2	pathogenic_missense	ALT	pathogenic_missense
pathogenic_missense|COL1A2|1465865|ALT	COL1A2	pathogenic_missense	ALT	pathogenic_missense
pathogenic_missense|COL1A2|871434|ALT	COL1A2	pathogenic_missense	ALT	pathogenic_missense
pathogenic_missense|COL1A2|3754465|ALT	COL1A2	pathogenic_missense	ALT	pathogenic_missense
pathogenic_missense|COL1A2|2953269|ALT	COL1A2	pathogenic_missense	ALT	pathogenic_missense
pathogenic_missense|COL1A2|280567|ALT	COL1A2	pathogenic_missense	ALT	pathogenic_missense
pathogenic_missense|COL1A2|936290|ALT	COL1A2	pathogenic_missense	ALT	pathogenic_missense
pathogenic_missense|COL1A2|870141|ALT	COL1A2	pathogenic_missense	ALT	pathogenic_missense
pathogenic_missense|COL1A2|17254|ALT	COL1A2	pathogenic_missense	ALT	pathogenic_missense
pathogenic_missense|COL1A2|2136569|ALT	COL1A2	pathogenic_missense	ALT	pathogenic_missense
pathogenic_missense|COL1A2|4075347|ALT	COL1A2	pathogenic_missense	ALT	pathogenic_missense
pathogenic_missense|COL1A2|664575|ALT	COL1A2	pathogenic_missense	ALT	pathogenic_missense
pathogenic_missense|COL1A2|641929|ALT	COL1A2	pathogenic_missense	ALT	pathogenic_missense
pathogenic_missense|COL1A2|196934|ALT	COL1A2	pathogenic_missense	ALT	pathogenic_missense
pathogenic_missense|COL1A2|2025252|ALT	COL1A2	pathogenic_missense	ALT	pathogenic_missense
pathogenic_missense|COL1A2|4075348|ALT	COL1A2	pathogenic_missense	ALT	pathogenic_missense
pathogenic_missense|COL1A2|4783665|ALT	COL1A2	pathogenic_missense	ALT	pathogenic_missense
pathogenic_missense|COL1A2|1186681|ALT	COL1A2	pathogenic_missense	ALT	pathogenic_missense
pathogenic_missense|COL1A2|2439321|ALT	COL1A2	pathogenic_missense	ALT	pathogenic_missense
pathogenic_missense|COL1A2|1314966|ALT	COL1A2	pathogenic_missense	ALT	pathogenic_missense
pathogenic_missense|COL1A2|1333655|ALT	COL1A2	pathogenic_missense	ALT	pathogenic_missense
pathogenic_missense|COL1A2|2942532|ALT	COL1A2	pathogenic_missense	ALT	pathogenic_missense
pathogenic_missense|COL1A2|3366898|ALT	COL1A2	pathogenic_missense	ALT	pathogenic_missense
pathogenic_missense|COL1A2|851896|ALT	COL1A2	pathogenic_missense	ALT	pathogenic_missense
pathogenic_missense|COL1A2|593084|ALT	COL1A2	pathogenic_missense	ALT	pathogenic_missense
pathogenic_missense|COL1A2|4280323|ALT	COL1A2	pathogenic_missense	ALT	pathogenic_missense
pathogenic_missense|COL1A2|1333746|ALT	COL1A2	pathogenic_missense	ALT	pathogenic_missense
pathogenic_missense|COL1A2|3757451|ALT	COL1A2	pathogenic_missense	ALT	pathogenic_missense
pathogenic_missense|COL1A2|4613939|ALT	COL1A2	pathogenic_missense	ALT	pathogenic_missense
pathogenic_missense|COL1A2|1223742|ALT	COL1A2	pathogenic_missense	ALT	pathogenic_missense
pathogenic_missense|COL1A2|934873|ALT	COL1A2	pathogenic_missense	ALT	pathogenic_missense
pathogenic_missense|COL1A2|1075256|ALT	COL1A2	pathogenic_missense	ALT	pathogenic_missense
pathogenic_missense|COL1A2|1326102|ALT	COL1A2	pathogenic_missense	ALT	pathogenic_missense
pathogenic_missense|COL1A2|3755352|ALT	COL1A2	pathogenic_missense	ALT	pathogenic_missense
pathogenic_missense|COL1A2|2579637|ALT	COL1A2	pathogenic_missense	ALT	pathogenic_missense
pathogenic_missense|COL1A2|3363155|ALT	COL1A2	pathogenic_missense	ALT	pathogenic_missense
pathogenic_missense|COL1A2|571444|ALT	COL1A2	pathogenic_missense	ALT	pathogenic_missense
pathogenic_missense|COL1A2|17267|ALT	COL1A2	pathogenic_missense	ALT	pathogenic_missense
pathogenic_missense|COL1A2|965406|ALT	COL1A2	pathogenic_missense	ALT	pathogenic_missense
pathogenic_missense|COL1A2|501007|ALT	COL1A2	pathogenic_missense	ALT	pathogenic_missense
pathogenic_missense|COL1A2|547020|ALT	COL1A2	pathogenic_missense	ALT	pathogenic_missense
pathogenic_missense|COL1A2|3900698|ALT	COL1A2	pathogenic_missense	ALT	pathogenic_missense
pathogenic_missense|COL1A2|1701995|ALT	COL1A2	pathogenic_missense	ALT	pathogenic_missense
pathogenic_missense|COL1A2|641588|ALT	COL1A2	pathogenic_missense	ALT	pathogenic_missense
pathogenic_missense|COL1A2|958145|ALT	COL1A2	pathogenic_missense	ALT	pathogenic_missense
pathogenic_missense|COL1A2|1454487|ALT	COL1A2	pathogenic_missense	ALT	pathogenic_missense
pathogenic_missense|COL1A2|447151|ALT	COL1A2	pathogenic_missense	ALT	pathogenic_missense
pathogenic_missense|COL1A2|945799|ALT	COL1A2	pathogenic_missense	ALT	pathogenic_missense
pathogenic_missense|COL1A2|2579136|ALT	COL1A2	pathogenic_missense	ALT	pathogenic_missense
pathogenic_missense|COL1A2|3384337|ALT	COL1A2	pathogenic_missense	ALT	pathogenic_missense
pathogenic_missense|COL1A2|2951624|ALT	COL1A2	pathogenic_missense	ALT	pathogenic_missense
pathogenic_missense|COL1A2|4788128|ALT	COL1A2	pathogenic_missense	ALT	pathogenic_missense
pathogenic_missense|COL1A2|839050|ALT	COL1A2	pathogenic_missense	ALT	pathogenic_missense
pathogenic_missense|COL1A2|931916|ALT	COL1A2	pathogenic_missense	ALT	pathogenic_missense
pathogenic_missense|COL1A2|420022|ALT	COL1A2	pathogenic_missense	ALT	pathogenic_missense
pathogenic_missense|COL1A2|1468991|ALT	COL1A2	pathogenic_missense	ALT	pathogenic_missense
pathogenic_missense|COL1A2|1701996|ALT	COL1A2	pathogenic_missense	ALT	pathogenic_missense
pathogenic_missense|COL1A2|3389454|ALT	COL1A2	pathogenic_missense	ALT	pathogenic_missense
pathogenic_missense|COL1A2|1390690|ALT	COL1A2	pathogenic_missense	ALT	pathogenic_missense
pathogenic_missense|COL1A2|1031384|ALT	COL1A2	pathogenic_missense	ALT	pathogenic_missense
pathogenic_missense|COL1A2|447152|ALT	COL1A2	pathogenic_missense	ALT	pathogenic_missense
pathogenic_missense|COL1A2|4084969|ALT	COL1A2	pathogenic_missense	ALT	pathogenic_missense
pathogenic_missense|COL1A2|1524189|ALT	COL1A2	pathogenic_missense	ALT	pathogenic_missense
pathogenic_missense|COL1A2|841344|ALT	COL1A2	pathogenic_missense	ALT	pathogenic_missense
pathogenic_missense|COL1A2|452615|ALT	COL1A2	pathogenic_missense	ALT	pathogenic_missense
pathogenic_missense|COL1A2|393287|ALT	COL1A2	pathogenic_missense	ALT	pathogenic_missense
pathogenic_missense|COL1A2|4786255|ALT	COL1A2	pathogenic_missense	ALT	pathogenic_missense
pathogenic_missense|COL1A2|4789909|ALT	COL1A2	pathogenic_missense	ALT	pathogenic_missense
pathogenic_missense|COL1A2|2925413|ALT	COL1A2	pathogenic_missense	ALT	pathogenic_missense
pathogenic_missense|COL1A2|1503924|ALT	COL1A2	pathogenic_missense	ALT	pathogenic_missense
pathogenic_missense|COL1A2|449351|ALT	COL1A2	pathogenic_missense	ALT	pathogenic_missense
pathogenic_missense|COL1A2|1701997|ALT	COL1A2	pathogenic_missense	ALT	pathogenic_missense
pathogenic_missense|COL1A2|3242194|ALT	COL1A2	pathogenic_missense	ALT	pathogenic_missense
pathogenic_missense|COL1A2|2435773|ALT	COL1A2	pathogenic_missense	ALT	pathogenic_missense
pathogenic_missense|COL1A2|585499|ALT	COL1A2	pathogenic_missense	ALT	pathogenic_missense
pathogenic_missense|COL1A2|638318|ALT	COL1A2	pathogenic_missense	ALT	pathogenic_missense
pathogenic_missense|COL1A2|1075257|ALT	COL1A2	pathogenic_missense	ALT	pathogenic_missense
pathogenic_missense|COL1A2|17246|ALT	COL1A2	pathogenic_missense	ALT	pathogenic_missense
pathogenic_missense|COL1A2|847143|ALT	COL1A2	pathogenic_missense	ALT	pathogenic_missense
pathogenic_missense|COL1A2|4280710|ALT	COL1A2	pathogenic_missense	ALT	pathogenic_missense
pathogenic_missense|COL1A2|1404738|ALT	COL1A2	pathogenic_missense	ALT	pathogenic_missense
pathogenic_missense|COL1A2|4075351|ALT	COL1A2	pathogenic_missense	ALT	pathogenic_missense
pathogenic_missense|COL1A2|526888|ALT	COL1A2	pathogenic_missense	ALT	pathogenic_missense
pathogenic_missense|COL1A2|1508459|ALT	COL1A2	pathogenic_missense	ALT	pathogenic_missense
pathogenic_missense|COL1A2|1807137|ALT	COL1A2	pathogenic_missense	ALT	pathogenic_missense
pathogenic_missense|COL1A2|3900084|ALT	COL1A2	pathogenic_missense	ALT	pathogenic_missense
pathogenic_missense|COL1A2|2572880|ALT	COL1A2	pathogenic_missense	ALT	pathogenic_missense
pathogenic_missense|COL1A2|2630223|ALT	COL1A2	pathogenic_missense	ALT	pathogenic_missense
pathogenic_missense|COL1A2|4282381|ALT	COL1A2	pathogenic_missense	ALT	pathogenic_missense
pathogenic_missense|COL1A2|585501|ALT	COL1A2	pathogenic_missense	ALT	pathogenic_missense
pathogenic_missense|COL1A2|1224430|ALT	COL1A2	pathogenic_missense	ALT	pathogenic_missense
pathogenic_missense|COL1A2|2636158|ALT	COL1A2	pathogenic_missense	ALT	pathogenic_missense
pathogenic_missense|COL1A2|369668|ALT	COL1A2	pathogenic_missense	ALT	pathogenic_missense
pathogenic_missense|COL1A2|568053|ALT	COL1A2	pathogenic_missense	ALT	pathogenic_missense
pathogenic_missense|COL1A2|373093|ALT	COL1A2	pathogenic_missense	ALT	pathogenic_missense
pathogenic_missense|COL1A2|2169524|ALT	COL1A2	pathogenic_missense	ALT	pathogenic_missense
pathogenic_missense|COL1A2|374196|ALT	COL1A2	pathogenic_missense	ALT	pathogenic_missense
pathogenic_missense|COL1A2|2935894|ALT	COL1A2	pathogenic_missense	ALT	pathogenic_missense
pathogenic_missense|COL1A2|265639|ALT	COL1A2	pathogenic_missense	ALT	pathogenic_missense
pathogenic_missense|COL1A2|17261|ALT	COL1A2	pathogenic_missense	ALT	pathogenic_missense
pathogenic_missense|COL1A2|2152038|ALT	COL1A2	pathogenic_missense	ALT	pathogenic_missense
pathogenic_missense|COL1A2|452617|ALT	COL1A2	pathogenic_missense	ALT	pathogenic_missense
pathogenic_missense|COL1A2|17242|ALT	COL1A2	pathogenic_missense	ALT	pathogenic_missense
pathogenic_missense|COL1A2|1067157|ALT	COL1A2	pathogenic_missense	ALT	pathogenic_missense
pathogenic_missense|COL1A2|3366897|ALT	COL1A2	pathogenic_missense	ALT	pathogenic_missense
pathogenic_missense|COL1A2|4849378|ALT	COL1A2	pathogenic_missense	ALT	pathogenic_missense
pathogenic_missense|COL1A2|1302007|ALT	COL1A2	pathogenic_missense	ALT	pathogenic_missense
pathogenic_missense|COL1A2|930288|ALT	COL1A2	pathogenic_missense	ALT	pathogenic_missense
pathogenic_missense|COL1A2|3759119|ALT	COL1A2	pathogenic_missense	ALT	pathogenic_missense
pathogenic_missense|COL1A2|288051|ALT	COL1A2	pathogenic_missense	ALT	pathogenic_missense
pathogenic_missense|COL1A2|3906412|ALT	COL1A2	pathogenic_missense	ALT	pathogenic_missense
pathogenic_missense|COL1A2|590994|ALT	COL1A2	pathogenic_missense	ALT	pathogenic_missense
pathogenic_missense|COL1A2|1458888|ALT	COL1A2	pathogenic_missense	ALT	pathogenic_missense
pathogenic_missense|COL1A2|1224334|ALT	COL1A2	pathogenic_missense	ALT	pathogenic_missense
pathogenic_missense|COL1A2|590993|ALT	COL1A2	pathogenic_missense	ALT	pathogenic_missense
pathogenic_missense|COL1A2|197451|ALT	COL1A2	pathogenic_missense	ALT	pathogenic_missense
pathogenic_missense|COL1A2|1343353|ALT	COL1A2	pathogenic_missense	ALT	pathogenic_missense
pathogenic_missense|COL1A2|1224380|ALT	COL1A2	pathogenic_missense	ALT	pathogenic_missense
pathogenic_missense|COL1A2|4871707|ALT	COL1A2	pathogenic_missense	ALT	pathogenic_missense
pathogenic_missense|COL1A2|2431396|ALT	COL1A2	pathogenic_missense	ALT	pathogenic_missense
pathogenic_missense|COL1A2|1341504|ALT	COL1A2	pathogenic_missense	ALT	pathogenic_missense
pathogenic_missense|COL1A2|2921573|ALT	COL1A2	pathogenic_missense	ALT	pathogenic_missense
pathogenic_missense|COL1A2|456822|ALT	COL1A2	pathogenic_missense	ALT	pathogenic_missense
pathogenic_missense|COL1A2|17239|ALT	COL1A2	pathogenic_missense	ALT	pathogenic_missense
pathogenic_missense|COL1A2|2944174|ALT	COL1A2	pathogenic_missense	ALT	pathogenic_missense
pathogenic_missense|COL1A2|1702191|ALT	COL1A2	pathogenic_missense	ALT	pathogenic_missense
pathogenic_missense|COL1A2|1804638|ALT	COL1A2	pathogenic_missense	ALT	pathogenic_missense
pathogenic_missense|COL1A2|281335|ALT	COL1A2	pathogenic_missense	ALT	pathogenic_missense
pathogenic_missense|COL1A2|940648|ALT	COL1A2	pathogenic_missense	ALT	pathogenic_missense
pathogenic_missense|COL1A2|1068896|ALT	COL1A2	pathogenic_missense	ALT	pathogenic_missense
pathogenic_missense|COL1A2|1456438|ALT	COL1A2	pathogenic_missense	ALT	pathogenic_missense
pathogenic_missense|COL1A2|456824|ALT	COL1A2	pathogenic_missense	ALT	pathogenic_missense
pathogenic_missense|COL1A2|3767111|ALT	COL1A2	pathogenic_missense	ALT	pathogenic_missense
pathogenic_missense|COL1A2|3236266|ALT	COL1A2	pathogenic_missense	ALT	pathogenic_missense
pathogenic_missense|COL1A2|861061|ALT	COL1A2	pathogenic_missense	ALT	pathogenic_missense
pathogenic_missense|COL1A2|1699550|ALT	COL1A2	pathogenic_missense	ALT	pathogenic_missense
pathogenic_missense|COL1A2|802336|ALT	COL1A2	pathogenic_missense	ALT	pathogenic_missense
pathogenic_missense|COL1A2|988398|ALT	COL1A2	pathogenic_missense	ALT	pathogenic_missense
pathogenic_missense|COL1A2|2942407|ALT	COL1A2	pathogenic_missense	ALT	pathogenic_missense
pathogenic_missense|COL1A2|618026|ALT	COL1A2	pathogenic_missense	ALT	pathogenic_missense
pathogenic_missense|COL1A2|1806464|ALT	COL1A2	pathogenic_missense	ALT	pathogenic_missense
pathogenic_missense|COL1A2|3252707|ALT	COL1A2	pathogenic_missense	ALT	pathogenic_missense
pathogenic_missense|COL1A2|1324107|ALT	COL1A2	pathogenic_missense	ALT	pathogenic_missense
pathogenic_missense|COL1A2|2430180|ALT	COL1A2	pathogenic_missense	ALT	pathogenic_missense
pathogenic_missense|COL1A2|1917801|ALT	COL1A2	pathogenic_missense	ALT	pathogenic_missense
pathogenic_missense|COL1A2|426606|ALT	COL1A2	pathogenic_missense	ALT	pathogenic_missense
pathogenic_missense|COL1A2|3032861|ALT	COL1A2	pathogenic_missense	ALT	pathogenic_missense
pathogenic_missense|COL1A2|4075352|ALT	COL1A2	pathogenic_missense	ALT	pathogenic_missense
pathogenic_missense|COL1A2|3758894|ALT	COL1A2	pathogenic_missense	ALT	pathogenic_missense
pathogenic_missense|COL1A2|2136572|ALT	COL1A2	pathogenic_missense	ALT	pathogenic_missense
pathogenic_missense|COL1A2|425654|ALT	COL1A2	pathogenic_missense	ALT	pathogenic_missense
pathogenic_missense|COL1A2|1527954|ALT	COL1A2	pathogenic_missense	ALT	pathogenic_missense
pathogenic_missense|COL1A2|958001|ALT	COL1A2	pathogenic_missense	ALT	pathogenic_missense
pathogenic_missense|COL1A2|4527757|ALT	COL1A2	pathogenic_missense	ALT	pathogenic_missense
pathogenic_missense|COL1A2|1474111|ALT	COL1A2	pathogenic_missense	ALT	pathogenic_missense
pathogenic_missense|COL1A2|2945394|ALT	COL1A2	pathogenic_missense	ALT	pathogenic_missense
pathogenic_missense|COL1A2|2431212|ALT	COL1A2	pathogenic_missense	ALT	pathogenic_missense
pathogenic_missense|COL1A2|618024|ALT	COL1A2	pathogenic_missense	ALT	pathogenic_missense
pathogenic_missense|COL1A2|3594955|ALT	COL1A2	pathogenic_missense	ALT	pathogenic_missense
pathogenic_missense|COL1A2|425655|ALT	COL1A2	pathogenic_missense	ALT	pathogenic_missense
pathogenic_missense|COL1A2|3759120|ALT	COL1A2	pathogenic_missense	ALT	pathogenic_missense
pathogenic_missense|COL1A2|17265|ALT	COL1A2	pathogenic_missense	ALT	pathogenic_missense
pathogenic_missense|COL1A2|2130819|ALT	COL1A2	pathogenic_missense	ALT	pathogenic_missense
pathogenic_missense|COL1A2|216908|ALT	COL1A2	pathogenic_missense	ALT	pathogenic_missense
pathogenic_missense|COL1A2|17235|ALT	COL1A2	pathogenic_missense	ALT	pathogenic_missense
pathogenic_missense|COL1A2|3393055|ALT	COL1A2	pathogenic_missense	ALT	pathogenic_missense
pathogenic_missense|COL1A2|1328474|ALT	COL1A2	pathogenic_missense	ALT	pathogenic_missense
pathogenic_missense|COL1A2|449352|ALT	COL1A2	pathogenic_missense	ALT	pathogenic_missense
pathogenic_missense|COL1A2|618575|ALT	COL1A2	pathogenic_missense	ALT	pathogenic_missense
pathogenic_missense|COL1A2|807555|ALT	COL1A2	pathogenic_missense	ALT	pathogenic_missense
pathogenic_missense|COL1A2|425656|ALT	COL1A2	pathogenic_missense	ALT	pathogenic_missense
pathogenic_missense|COL1A2|4871886|ALT	COL1A2	pathogenic_missense	ALT	pathogenic_missense
pathogenic_missense|COL1A2|425657|ALT	COL1A2	pathogenic_missense	ALT	pathogenic_missense
pathogenic_missense|COL1A2|575141|ALT	COL1A2	pathogenic_missense	ALT	pathogenic_missense
pathogenic_missense|COL1A2|3759121|ALT	COL1A2	pathogenic_missense	ALT	pathogenic_missense
pathogenic_missense|COL1A2|994014|ALT	COL1A2	pathogenic_missense	ALT	pathogenic_missense
pathogenic_missense|COL1A2|3775983|ALT	COL1A2	pathogenic_missense	ALT	pathogenic_missense
pathogenic_missense|COL1A2|946944|ALT	COL1A2	pathogenic_missense	ALT	pathogenic_missense
pathogenic_missense|COL1A2|3377392|ALT	COL1A2	pathogenic_missense	ALT	pathogenic_missense
pathogenic_missense|COL1A2|1332999|ALT	COL1A2	pathogenic_missense	ALT	pathogenic_missense
pathogenic_missense|COL1A2|1806465|ALT	COL1A2	pathogenic_missense	ALT	pathogenic_missense
pathogenic_missense|COL1A2|2116826|ALT	COL1A2	pathogenic_missense	ALT	pathogenic_missense
pathogenic_missense|COL1A2|1474787|ALT	COL1A2	pathogenic_missense	ALT	pathogenic_missense
pathogenic_missense|COL1A2|3756494|ALT	COL1A2	pathogenic_missense	ALT	pathogenic_missense
pathogenic_missense|COL1A2|2630387|ALT	COL1A2	pathogenic_missense	ALT	pathogenic_missense
pathogenic_missense|COL1A2|1067319|ALT	COL1A2	pathogenic_missense	ALT	pathogenic_missense
pathogenic_missense|COL1A2|1163008|ALT	COL1A2	pathogenic_missense	ALT	pathogenic_missense
pathogenic_missense|COL1A2|2428944|ALT	COL1A2	pathogenic_missense	ALT	pathogenic_missense
pathogenic_missense|COL1A2|691332|ALT	COL1A2	pathogenic_missense	ALT	pathogenic_missense
pathogenic_missense|COL1A2|1098566|ALT	COL1A2	pathogenic_missense	ALT	pathogenic_missense
pathogenic_missense|COL1A2|2944253|ALT	COL1A2	pathogenic_missense	ALT	pathogenic_missense
pathogenic_missense|COL1A2|848804|ALT	COL1A2	pathogenic_missense	ALT	pathogenic_missense
pathogenic_missense|COL1A2|4075354|ALT	COL1A2	pathogenic_missense	ALT	pathogenic_missense
pathogenic_missense|COL1A2|1301438|ALT	COL1A2	pathogenic_missense	ALT	pathogenic_missense
pathogenic_missense|COL1A2|456829|ALT	COL1A2	pathogenic_missense	ALT	pathogenic_missense
pathogenic_missense|COL1A2|2946497|ALT	COL1A2	pathogenic_missense	ALT	pathogenic_missense
pathogenic_missense|COL1A2|17282|ALT	COL1A2	pathogenic_missense	ALT	pathogenic_missense
pathogenic_missense|COL1A2|3377382|ALT	COL1A2	pathogenic_missense	ALT	pathogenic_missense
pathogenic_missense|COL1A2|1451958|ALT	COL1A2	pathogenic_missense	ALT	pathogenic_missense
pathogenic_missense|COL1A2|2577428|ALT	COL1A2	pathogenic_missense	ALT	pathogenic_missense
pathogenic_missense|COL1A2|4070601|ALT	COL1A2	pathogenic_missense	ALT	pathogenic_missense
pathogenic_missense|COL1A2|4075355|ALT	COL1A2	pathogenic_missense	ALT	pathogenic_missense
pathogenic_missense|COL1A2|934568|ALT	COL1A2	pathogenic_missense	ALT	pathogenic_missense
pathogenic_missense|COL1A2|2037661|ALT	COL1A2	pathogenic_missense	ALT	pathogenic_missense
pathogenic_missense|COL1A2|988368|ALT	COL1A2	pathogenic_missense	ALT	pathogenic_missense
pathogenic_missense|COL1A2|17283|ALT	COL1A2	pathogenic_missense	ALT	pathogenic_missense
pathogenic_missense|COL1A2|585502|ALT	COL1A2	pathogenic_missense	ALT	pathogenic_missense
pathogenic_missense|COL1A2|425659|ALT	COL1A2	pathogenic_missense	ALT	pathogenic_missense
pathogenic_missense|COL1A2|2925415|ALT	COL1A2	pathogenic_missense	ALT	pathogenic_missense
pathogenic_missense|COL1A2|975940|ALT	COL1A2	pathogenic_missense	ALT	pathogenic_missense
pathogenic_missense|COL1A2|3253585|ALT	COL1A2	pathogenic_missense	ALT	pathogenic_missense
pathogenic_missense|COL1A2|1472691|ALT	COL1A2	pathogenic_missense	ALT	pathogenic_missense
pathogenic_missense|COL1A2|1709348|ALT	COL1A2	pathogenic_missense	ALT	pathogenic_missense
pathogenic_missense|COL1A2|1380342|ALT	COL1A2	pathogenic_missense	ALT	pathogenic_missense
pathogenic_missense|COL1A2|1367319|ALT	COL1A2	pathogenic_missense	ALT	pathogenic_missense
pathogenic_missense|COL1A2|665269|ALT	COL1A2	pathogenic_missense	ALT	pathogenic_missense
pathogenic_missense|COL1A2|2019973|ALT	COL1A2	pathogenic_missense	ALT	pathogenic_missense
pathogenic_missense|COL1A2|1498972|ALT	COL1A2	pathogenic_missense	ALT	pathogenic_missense
pathogenic_missense|COL1A2|2572560|ALT	COL1A2	pathogenic_missense	ALT	pathogenic_missense
pathogenic_missense|COL1A2|289174|ALT	COL1A2	pathogenic_missense	ALT	pathogenic_missense
pathogenic_missense|COL1A2|3758897|ALT	COL1A2	pathogenic_missense	ALT	pathogenic_missense
pathogenic_missense|COL1A2|4074352|ALT	COL1A2	pathogenic_missense	ALT	pathogenic_missense
pathogenic_missense|COL1A2|4279084|ALT	COL1A2	pathogenic_missense	ALT	pathogenic_missense
pathogenic_missense|COL1A2|948124|ALT	COL1A2	pathogenic_missense	ALT	pathogenic_missense
pathogenic_missense|COL1A2|4783666|ALT	COL1A2	pathogenic_missense	ALT	pathogenic_missense
pathogenic_missense|SPTLC1|209194|ALT	SPTLC1	pathogenic_missense	ALT	pathogenic_missense
pathogenic_missense|SPTLC1|456600|ALT	SPTLC1	pathogenic_missense	ALT	pathogenic_missense
pathogenic_missense|SPTLC1|4804|ALT	SPTLC1	pathogenic_missense	ALT	pathogenic_missense
pathogenic_missense|SPTLC1|372788|ALT	SPTLC1	pathogenic_missense	ALT	pathogenic_missense
pathogenic_missense|SPTLC1|1308661|ALT	SPTLC1	pathogenic_missense	ALT	pathogenic_missense
pathogenic_missense|SPTLC1|4801|ALT	SPTLC1	pathogenic_missense	ALT	pathogenic_missense
pathogenic_missense|SPTLC1|4803|ALT	SPTLC1	pathogenic_missense	ALT	pathogenic_missense
pathogenic_missense|SPTLC1|1917874|ALT	SPTLC1	pathogenic_missense	ALT	pathogenic_missense
pathogenic_missense|SPTLC1|4800|ALT	SPTLC1	pathogenic_missense	ALT	pathogenic_missense
pathogenic_missense|SPTLC1|2444011|ALT	SPTLC1	pathogenic_missense	ALT	pathogenic_missense
pathogenic_missense|SPTLC1|450572|ALT	SPTLC1	pathogenic_missense	ALT	pathogenic_missense
pathogenic_missense|SPTLC1|246520|ALT	SPTLC1	pathogenic_missense	ALT	pathogenic_missense
pathogenic_missense|SPTAN1|625454|ALT	SPTAN1	pathogenic_missense	ALT	pathogenic_missense
pathogenic_missense|SPTAN1|1325796|ALT	SPTAN1	pathogenic_missense	ALT	pathogenic_missense
pathogenic_missense|SPTAN1|1005720|ALT	SPTAN1	pathogenic_missense	ALT	pathogenic_missense
pathogenic_missense|SPTAN1|1325797|ALT	SPTAN1	pathogenic_missense	ALT	pathogenic_missense
pathogenic_missense|SPTAN1|4857734|ALT	SPTAN1	pathogenic_missense	ALT	pathogenic_missense
pathogenic_missense|SPTAN1|2697300|ALT	SPTAN1	pathogenic_missense	ALT	pathogenic_missense
pathogenic_missense|SPTAN1|2632885|ALT	SPTAN1	pathogenic_missense	ALT	pathogenic_missense
pathogenic_missense|SPTAN1|1513147|ALT	SPTAN1	pathogenic_missense	ALT	pathogenic_missense
pathogenic_missense|SPTAN1|810434|ALT	SPTAN1	pathogenic_missense	ALT	pathogenic_missense
pathogenic_missense|SPTAN1|996072|ALT	SPTAN1	pathogenic_missense	ALT	pathogenic_missense
pathogenic_missense|SPTAN1|800727|ALT	SPTAN1	pathogenic_missense	ALT	pathogenic_missense
pathogenic_missense|SPTAN1|1027548|ALT	SPTAN1	pathogenic_missense	ALT	pathogenic_missense
pathogenic_missense|SPTAN1|632592|ALT	SPTAN1	pathogenic_missense	ALT	pathogenic_missense
pathogenic_missense|SPTAN1|429871|ALT	SPTAN1	pathogenic_missense	ALT	pathogenic_missense
pathogenic_missense|SPTAN1|433114|ALT	SPTAN1	pathogenic_missense	ALT	pathogenic_missense
pathogenic_missense|SPTAN1|1027422|ALT	SPTAN1	pathogenic_missense	ALT	pathogenic_missense
pathogenic_missense|SPTAN1|952394|ALT	SPTAN1	pathogenic_missense	ALT	pathogenic_missense
pathogenic_missense|SPTAN1|4845416|ALT	SPTAN1	pathogenic_missense	ALT	pathogenic_missense
pathogenic_missense|SPTAN1|1068302|ALT	SPTAN1	pathogenic_missense	ALT	pathogenic_missense
pathogenic_missense|SPTAN1|3635922|ALT	SPTAN1	pathogenic_missense	ALT	pathogenic_missense
pathogenic_missense|SPTAN1|1486757|ALT	SPTAN1	pathogenic_missense	ALT	pathogenic_missense
pathogenic_missense|SPTAN1|530418|ALT	SPTAN1	pathogenic_missense	ALT	pathogenic_missense
pathogenic_missense|SPTAN1|1335991|ALT	SPTAN1	pathogenic_missense	ALT	pathogenic_missense
pathogenic_missense|SPTAN1|986935|ALT	SPTAN1	pathogenic_missense	ALT	pathogenic_missense
pathogenic_missense|SPTAN1|433115|ALT	SPTAN1	pathogenic_missense	ALT	pathogenic_missense
pathogenic_missense|SPTAN1|1184129|ALT	SPTAN1	pathogenic_missense	ALT	pathogenic_missense
pathogenic_missense|SPTAN1|207359|ALT	SPTAN1	pathogenic_missense	ALT	pathogenic_missense
pathogenic_missense|SPTAN1|207360|ALT	SPTAN1	pathogenic_missense	ALT	pathogenic_missense
pathogenic_missense|SPTAN1|3341008|ALT	SPTAN1	pathogenic_missense	ALT	pathogenic_missense
pathogenic_missense|SPTAN1|436849|ALT	SPTAN1	pathogenic_missense	ALT	pathogenic_missense
pathogenic_missense|SPTAN1|1414392|ALT	SPTAN1	pathogenic_missense	ALT	pathogenic_missense
pathogenic_missense|SPTAN1|530483|ALT	SPTAN1	pathogenic_missense	ALT	pathogenic_missense
pathogenic_missense|SPTAN1|1701629|ALT	SPTAN1	pathogenic_missense	ALT	pathogenic_missense
common_snp|MTOR|1:11108472:A:G|REF	MTOR	common_snp	REF	intron
common_snp|MTOR|1:11108472:A:G|ALT	MTOR	common_snp	ALT	intron
common_snp|MTOR|1:11109619:C:T|REF	MTOR	common_snp	REF	intron
common_snp|MTOR|1:11109619:C:T|ALT	MTOR	common_snp	ALT	intron
common_snp|MTOR|1:11110074:A:C|REF	MTOR	common_snp	REF	intron
common_snp|MTOR|1:11110074:A:C|ALT	MTOR	common_snp	ALT	intron
common_snp|MTOR|1:11110686:G:A|REF	MTOR	common_snp	REF	intron
common_snp|MTOR|1:11110686:G:A|ALT	MTOR	common_snp	ALT	intron
common_snp|MTOR|1:11111169:C:T|REF	MTOR	common_snp	REF	intron
common_snp|MTOR|1:11111169:C:T|ALT	MTOR	common_snp	ALT	intron
common_snp|MTOR|1:11111949:A:G|REF	MTOR	common_snp	REF	intron
common_snp|MTOR|1:11111949:A:G|ALT	MTOR	common_snp	ALT	intron
common_snp|MTOR|1:11114010:A:T|REF	MTOR	common_snp	REF	intron
common_snp|MTOR|1:11114010:A:T|ALT	MTOR	common_snp	ALT	intron
common_snp|MTOR|1:11114274:T:C|REF	MTOR	common_snp	REF	intron
common_snp|MTOR|1:11114274:T:C|ALT	MTOR	common_snp	ALT	intron
common_snp|MTOR|1:11119427:C:T|REF	MTOR	common_snp	REF	intron
common_snp|MTOR|1:11119427:C:T|ALT	MTOR	common_snp	ALT	intron
common_snp|MTOR|1:11119556:C:G|REF	MTOR	common_snp	REF	intron
common_snp|MTOR|1:11119556:C:G|ALT	MTOR	common_snp	ALT	intron
common_snp|MTOR|1:11119951:C:T|REF	MTOR	common_snp	REF	intron
common_snp|MTOR|1:11119951:C:T|ALT	MTOR	common_snp	ALT	intron
common_snp|MTOR|1:11120094:T:C|REF	MTOR	common_snp	REF	intron
common_snp|MTOR|1:11120094:T:C|ALT	MTOR	common_snp	ALT	intron
common_snp|MTOR|1:11120520:G:A|REF	MTOR	common_snp	REF	intron
common_snp|MTOR|1:11120520:G:A|ALT	MTOR	common_snp	ALT	intron
common_snp|MTOR|1:11121270:C:T|REF	MTOR	common_snp	REF	CDS
common_snp|MTOR|1:11121270:C:T|ALT	MTOR	common_snp	ALT	CDS
common_snp|MTOR|1:11122204:G:A|REF	MTOR	common_snp	REF	intron
common_snp|MTOR|1:11122204:G:A|ALT	MTOR	common_snp	ALT	intron
common_snp|MTOR|1:11124432:C:T|REF	MTOR	common_snp	REF	intron
common_snp|MTOR|1:11124432:C:T|ALT	MTOR	common_snp	ALT	intron
common_snp|MTOR|1:11125901:T:C|REF	MTOR	common_snp	REF	intron
common_snp|MTOR|1:11125901:T:C|ALT	MTOR	common_snp	ALT	intron
common_snp|MTOR|1:11126840:A:G|REF	MTOR	common_snp	REF	intron
common_snp|MTOR|1:11126840:A:G|ALT	MTOR	common_snp	ALT	intron
common_snp|MTOR|1:11130589:G:A|REF	MTOR	common_snp	REF	CDS
common_snp|MTOR|1:11130589:G:A|ALT	MTOR	common_snp	ALT	CDS
common_snp|MTOR|1:11131865:T:C|REF	MTOR	common_snp	REF	intron
common_snp|MTOR|1:11131865:T:C|ALT	MTOR	common_snp	ALT	intron
common_snp|MTOR|1:11135057:T:C|REF	MTOR	common_snp	REF	intron
common_snp|MTOR|1:11135057:T:C|ALT	MTOR	common_snp	ALT	intron
common_snp|MTOR|1:11135226:C:G|REF	MTOR	common_snp	REF	intron
common_snp|MTOR|1:11135226:C:G|ALT	MTOR	common_snp	ALT	intron
common_snp|MTOR|1:11137048:T:C|REF	MTOR	common_snp	REF	intron
common_snp|MTOR|1:11137048:T:C|ALT	MTOR	common_snp	ALT	intron
common_snp|MTOR|1:11137410:A:G|REF	MTOR	common_snp	REF	intron
common_snp|MTOR|1:11137410:A:G|ALT	MTOR	common_snp	ALT	intron
common_snp|MTOR|1:11138445:A:G|REF	MTOR	common_snp	REF	intron
common_snp|MTOR|1:11138445:A:G|ALT	MTOR	common_snp	ALT	intron
common_snp|MTOR|1:11139824:G:T|REF	MTOR	common_snp	REF	intron
common_snp|MTOR|1:11139824:G:T|ALT	MTOR	common_snp	ALT	intron
common_snp|MTOR|1:11140293:C:A|REF	MTOR	common_snp	REF	intron
common_snp|MTOR|1:11140293:C:A|ALT	MTOR	common_snp	ALT	intron
common_snp|MTOR|1:11142354:T:C|REF	MTOR	common_snp	REF	intron
common_snp|MTOR|1:11142354:T:C|ALT	MTOR	common_snp	ALT	intron
common_snp|MTOR|1:11145001:C:T|REF	MTOR	common_snp	REF	CDS
common_snp|MTOR|1:11145001:C:T|ALT	MTOR	common_snp	ALT	CDS
common_snp|MTOR|1:11147212:C:T|REF	MTOR	common_snp	REF	intron
common_snp|MTOR|1:11147212:C:T|ALT	MTOR	common_snp	ALT	intron
common_snp|MTOR|1:11149503:C:T|REF	MTOR	common_snp	REF	exon_nonCDS
common_snp|MTOR|1:11149503:C:T|ALT	MTOR	common_snp	ALT	exon_nonCDS
common_snp|MTOR|1:11149704:C:T|REF	MTOR	common_snp	REF	intron
common_snp|MTOR|1:11149704:C:T|ALT	MTOR	common_snp	ALT	intron
common_snp|MTOR|1:11152401:A:G|REF	MTOR	common_snp	REF	exon_nonCDS
common_snp|MTOR|1:11152401:A:G|ALT	MTOR	common_snp	ALT	exon_nonCDS
common_snp|MTOR|1:11154503:G:T|REF	MTOR	common_snp	REF	intron
common_snp|MTOR|1:11154503:G:T|ALT	MTOR	common_snp	ALT	intron
common_snp|MTOR|1:11154523:C:A|REF	MTOR	common_snp	REF	intron
common_snp|MTOR|1:11154523:C:A|ALT	MTOR	common_snp	ALT	intron
common_snp|MTOR|1:11154525:A:C|REF	MTOR	common_snp	REF	intron
common_snp|MTOR|1:11154525:A:C|ALT	MTOR	common_snp	ALT	intron
common_snp|MTOR|1:11154527:A:C|REF	MTOR	common_snp	REF	intron
common_snp|MTOR|1:11154527:A:C|ALT	MTOR	common_snp	ALT	intron
common_snp|MTOR|1:11155730:C:T|REF	MTOR	common_snp	REF	intron
common_snp|MTOR|1:11155730:C:T|ALT	MTOR	common_snp	ALT	intron
common_snp|MTOR|1:11156608:C:T|REF	MTOR	common_snp	REF	intron
common_snp|MTOR|1:11156608:C:T|ALT	MTOR	common_snp	ALT	intron
common_snp|MTOR|1:11157608:C:T|REF	MTOR	common_snp	REF	intron
common_snp|MTOR|1:11157608:C:T|ALT	MTOR	common_snp	ALT	intron
common_snp|MTOR|1:11160123:A:G|REF	MTOR	common_snp	REF	intron
common_snp|MTOR|1:11160123:A:G|ALT	MTOR	common_snp	ALT	intron
common_snp|MTOR|1:11160130:C:T|REF	MTOR	common_snp	REF	intron
common_snp|MTOR|1:11160130:C:T|ALT	MTOR	common_snp	ALT	intron
common_snp|MTOR|1:11160389:T:C|REF	MTOR	common_snp	REF	intron
common_snp|MTOR|1:11160389:T:C|ALT	MTOR	common_snp	ALT	intron
common_snp|MTOR|1:11162336:T:C|REF	MTOR	common_snp	REF	intron
common_snp|MTOR|1:11162336:T:C|ALT	MTOR	common_snp	ALT	intron
common_snp|MTOR|1:11162434:A:T|REF	MTOR	common_snp	REF	intron
common_snp|MTOR|1:11162434:A:T|ALT	MTOR	common_snp	ALT	intron
common_snp|MTOR|1:11162497:G:T|REF	MTOR	common_snp	REF	intron
common_snp|MTOR|1:11162497:G:T|ALT	MTOR	common_snp	ALT	intron
common_snp|MTOR|1:11164266:C:T|REF	MTOR	common_snp	REF	intron
common_snp|MTOR|1:11164266:C:T|ALT	MTOR	common_snp	ALT	intron
common_snp|MTOR|1:11167308:C:T|REF	MTOR	common_snp	REF	intron
common_snp|MTOR|1:11167308:C:T|ALT	MTOR	common_snp	ALT	intron
common_snp|MTOR|1:11167807:C:T|REF	MTOR	common_snp	REF	intron
common_snp|MTOR|1:11167807:C:T|ALT	MTOR	common_snp	ALT	intron
common_snp|MTOR|1:11169458:G:A|REF	MTOR	common_snp	REF	intron
common_snp|MTOR|1:11169458:G:A|ALT	MTOR	common_snp	ALT	intron
common_snp|MTOR|1:11170533:C:T|REF	MTOR	common_snp	REF	intron
common_snp|MTOR|1:11170533:C:T|ALT	MTOR	common_snp	ALT	intron
common_snp|MTOR|1:11171927:G:C|REF	MTOR	common_snp	REF	intron
common_snp|MTOR|1:11171927:G:C|ALT	MTOR	common_snp	ALT	intron
common_snp|MTOR|1:11173502:C:T|REF	MTOR	common_snp	REF	intron
common_snp|MTOR|1:11173502:C:T|ALT	MTOR	common_snp	ALT	intron
common_snp|MTOR|1:11173757:G:A|REF	MTOR	common_snp	REF	intron
common_snp|MTOR|1:11173757:G:A|ALT	MTOR	common_snp	ALT	intron
common_snp|MTOR|1:11174753:G:A|REF	MTOR	common_snp	REF	intron
common_snp|MTOR|1:11174753:G:A|ALT	MTOR	common_snp	ALT	intron
common_snp|MTOR|1:11175863:T:C|REF	MTOR	common_snp	REF	intron
common_snp|MTOR|1:11175863:T:C|ALT	MTOR	common_snp	ALT	intron
common_snp|MTOR|1:11176353:C:A|REF	MTOR	common_snp	REF	intron
common_snp|MTOR|1:11176353:C:A|ALT	MTOR	common_snp	ALT	intron
common_snp|MTOR|1:11176467:G:A|REF	MTOR	common_snp	REF	intron
common_snp|MTOR|1:11176467:G:A|ALT	MTOR	common_snp	ALT	intron
common_snp|MTOR|1:11176500:A:G|REF	MTOR	common_snp	REF	intron
common_snp|MTOR|1:11176500:A:G|ALT	MTOR	common_snp	ALT	intron
common_snp|MTOR|1:11177683:G:A|REF	MTOR	common_snp	REF	intron
common_snp|MTOR|1:11177683:G:A|ALT	MTOR	common_snp	ALT	intron
common_snp|MTOR|1:11178006:T:C|REF	MTOR	common_snp	REF	intron
common_snp|MTOR|1:11178006:T:C|ALT	MTOR	common_snp	ALT	intron
common_snp|MTOR|1:11179458:T:C|REF	MTOR	common_snp	REF	intron
common_snp|MTOR|1:11179458:T:C|ALT	MTOR	common_snp	ALT	intron
common_snp|MTOR|1:11180054:A:G|REF	MTOR	common_snp	REF	intron
common_snp|MTOR|1:11180054:A:G|ALT	MTOR	common_snp	ALT	intron
common_snp|MTOR|1:11182182:G:A|REF	MTOR	common_snp	REF	intron
common_snp|MTOR|1:11182182:G:A|ALT	MTOR	common_snp	ALT	intron
common_snp|MTOR|1:11183413:A:G|REF	MTOR	common_snp	REF	intron
common_snp|MTOR|1:11183413:A:G|ALT	MTOR	common_snp	ALT	intron
common_snp|MTOR|1:11187963:C:T|REF	MTOR	common_snp	REF	intron
common_snp|MTOR|1:11187963:C:T|ALT	MTOR	common_snp	ALT	intron
common_snp|MTOR|1:11189075:G:C|REF	MTOR	common_snp	REF	intron
common_snp|MTOR|1:11189075:G:C|ALT	MTOR	common_snp	ALT	intron
common_snp|MTOR|1:11192659:T:C|REF	MTOR	common_snp	REF	intron
common_snp|MTOR|1:11192659:T:C|ALT	MTOR	common_snp	ALT	intron
common_snp|MTOR|1:11192890:A:C|REF	MTOR	common_snp	REF	intron
common_snp|MTOR|1:11192890:A:C|ALT	MTOR	common_snp	ALT	intron
common_snp|MTOR|1:11193211:A:G|REF	MTOR	common_snp	REF	intron
common_snp|MTOR|1:11193211:A:G|ALT	MTOR	common_snp	ALT	intron
common_snp|MTOR|1:11195977:T:C|REF	MTOR	common_snp	REF	exon_nonCDS
common_snp|MTOR|1:11195977:T:C|ALT	MTOR	common_snp	ALT	exon_nonCDS
common_snp|MTOR|1:11200400:A:G|REF	MTOR	common_snp	REF	intron
common_snp|MTOR|1:11200400:A:G|ALT	MTOR	common_snp	ALT	intron
common_snp|MTOR|1:11201872:T:C|REF	MTOR	common_snp	REF	intron
common_snp|MTOR|1:11201872:T:C|ALT	MTOR	common_snp	ALT	intron
common_snp|MTOR|1:11201963:A:G|REF	MTOR	common_snp	REF	intron
common_snp|MTOR|1:11201963:A:G|ALT	MTOR	common_snp	ALT	intron
common_snp|MTOR|1:11202253:T:C|REF	MTOR	common_snp	REF	intron
common_snp|MTOR|1:11202253:T:C|ALT	MTOR	common_snp	ALT	intron
common_snp|MTOR|1:11205660:A:G|REF	MTOR	common_snp	REF	intron
common_snp|MTOR|1:11205660:A:G|ALT	MTOR	common_snp	ALT	intron
common_snp|MTOR|1:11205728:A:G|REF	MTOR	common_snp	REF	intron
common_snp|MTOR|1:11205728:A:G|ALT	MTOR	common_snp	ALT	intron
common_snp|MTOR|1:11205987:C:T|REF	MTOR	common_snp	REF	intron
common_snp|MTOR|1:11205987:C:T|ALT	MTOR	common_snp	ALT	intron
common_snp|MTOR|1:11206335:G:C|REF	MTOR	common_snp	REF	intron
common_snp|MTOR|1:11206335:G:C|ALT	MTOR	common_snp	ALT	intron
common_snp|MTOR|1:11206407:T:C|REF	MTOR	common_snp	REF	intron
common_snp|MTOR|1:11206407:T:C|ALT	MTOR	common_snp	ALT	intron
common_snp|MTOR|1:11206654:C:T|REF	MTOR	common_snp	REF	intron
common_snp|MTOR|1:11206654:C:T|ALT	MTOR	common_snp	ALT	intron
common_snp|MTOR|1:11207226:C:T|REF	MTOR	common_snp	REF	intron
common_snp|MTOR|1:11207226:C:T|ALT	MTOR	common_snp	ALT	intron
common_snp|MTOR|1:11209739:T:C|REF	MTOR	common_snp	REF	intron
common_snp|MTOR|1:11209739:T:C|ALT	MTOR	common_snp	ALT	intron
common_snp|MTOR|1:11209860:G:T|REF	MTOR	common_snp	REF	intron
common_snp|MTOR|1:11209860:G:T|ALT	MTOR	common_snp	ALT	intron
common_snp|MTOR|1:11210114:C:T|REF	MTOR	common_snp	REF	intron
common_snp|MTOR|1:11210114:C:T|ALT	MTOR	common_snp	ALT	intron
common_snp|MTOR|1:11211519:T:C|REF	MTOR	common_snp	REF	intron
common_snp|MTOR|1:11211519:T:C|ALT	MTOR	common_snp	ALT	intron
common_snp|MTOR|1:11213361:T:G|REF	MTOR	common_snp	REF	intron
common_snp|MTOR|1:11213361:T:G|ALT	MTOR	common_snp	ALT	intron
common_snp|MTOR|1:11213965:G:A|REF	MTOR	common_snp	REF	intron
common_snp|MTOR|1:11213965:G:A|ALT	MTOR	common_snp	ALT	intron
common_snp|MTOR|1:11214207:G:C|REF	MTOR	common_snp	REF	intron
common_snp|MTOR|1:11214207:G:C|ALT	MTOR	common_snp	ALT	intron
common_snp|MTOR|1:11214490:T:C|REF	MTOR	common_snp	REF	intron
common_snp|MTOR|1:11214490:T:C|ALT	MTOR	common_snp	ALT	intron
common_snp|MTOR|1:11215531:A:G|REF	MTOR	common_snp	REF	intron
common_snp|MTOR|1:11215531:A:G|ALT	MTOR	common_snp	ALT	intron
common_snp|MTOR|1:11217701:A:G|REF	MTOR	common_snp	REF	intron
common_snp|MTOR|1:11217701:A:G|ALT	MTOR	common_snp	ALT	intron
common_snp|MTOR|1:11218068:T:C|REF	MTOR	common_snp	REF	intron
common_snp|MTOR|1:11218068:T:C|ALT	MTOR	common_snp	ALT	intron
common_snp|MTOR|1:11218106:C:T|REF	MTOR	common_snp	REF	intron
common_snp|MTOR|1:11218106:C:T|ALT	MTOR	common_snp	ALT	intron
common_snp|MTOR|1:11218232:T:C|REF	MTOR	common_snp	REF	intron
common_snp|MTOR|1:11218232:T:C|ALT	MTOR	common_snp	ALT	intron
common_snp|MTOR|1:11218756:G:C|REF	MTOR	common_snp	REF	intron
common_snp|MTOR|1:11218756:G:C|ALT	MTOR	common_snp	ALT	intron
common_snp|MTOR|1:11220046:G:A|REF	MTOR	common_snp	REF	intron
common_snp|MTOR|1:11220046:G:A|ALT	MTOR	common_snp	ALT	intron
common_snp|MTOR|1:11220937:T:C|REF	MTOR	common_snp	REF	intron
common_snp|MTOR|1:11220937:T:C|ALT	MTOR	common_snp	ALT	intron
common_snp|MTOR|1:11223907:C:G|REF	MTOR	common_snp	REF	intron
common_snp|MTOR|1:11223907:C:G|ALT	MTOR	common_snp	ALT	intron
common_snp|MTOR|1:11224034:G:A|REF	MTOR	common_snp	REF	intron
common_snp|MTOR|1:11224034:G:A|ALT	MTOR	common_snp	ALT	intron
common_snp|MTOR|1:11224279:A:G|REF	MTOR	common_snp	REF	intron
common_snp|MTOR|1:11224279:A:G|ALT	MTOR	common_snp	ALT	intron
common_snp|MTOR|1:11225517:A:G|REF	MTOR	common_snp	REF	intron
common_snp|MTOR|1:11225517:A:G|ALT	MTOR	common_snp	ALT	intron
common_snp|MTOR|1:11225623:T:C|REF	MTOR	common_snp	REF	intron
common_snp|MTOR|1:11225623:T:C|ALT	MTOR	common_snp	ALT	intron
common_snp|MTOR|1:11226121:T:C|REF	MTOR	common_snp	REF	intron
common_snp|MTOR|1:11226121:T:C|ALT	MTOR	common_snp	ALT	intron
common_snp|MTOR|1:11226688:T:C|REF	MTOR	common_snp	REF	intron
common_snp|MTOR|1:11226688:T:C|ALT	MTOR	common_snp	ALT	intron
common_snp|MTOR|1:11226815:G:T|REF	MTOR	common_snp	REF	intron
common_snp|MTOR|1:11226815:G:T|ALT	MTOR	common_snp	ALT	intron
common_snp|MTOR|1:11228190:T:C|REF	MTOR	common_snp	REF	intron
common_snp|MTOR|1:11228190:T:C|ALT	MTOR	common_snp	ALT	intron
common_snp|MTOR|1:11228291:G:C|REF	MTOR	common_snp	REF	intron
common_snp|MTOR|1:11228291:G:C|ALT	MTOR	common_snp	ALT	intron
common_snp|MTOR|1:11228561:G:A|REF	MTOR	common_snp	REF	intron
common_snp|MTOR|1:11228561:G:A|ALT	MTOR	common_snp	ALT	intron
common_snp|MTOR|1:11228576:G:C|REF	MTOR	common_snp	REF	intron
common_snp|MTOR|1:11228576:G:C|ALT	MTOR	common_snp	ALT	intron
common_snp|MTOR|1:11228701:G:A|REF	MTOR	common_snp	REF	CDS
common_snp|MTOR|1:11228701:G:A|ALT	MTOR	common_snp	ALT	CDS
common_snp|MTOR|1:11229104:G:A|REF	MTOR	common_snp	REF	intron
common_snp|MTOR|1:11229104:G:A|ALT	MTOR	common_snp	ALT	intron
common_snp|MTOR|1:11229409:T:C|REF	MTOR	common_snp	REF	intron
common_snp|MTOR|1:11229409:T:C|ALT	MTOR	common_snp	ALT	intron
common_snp|MTOR|1:11230284:C:G|REF	MTOR	common_snp	REF	intron
common_snp|MTOR|1:11230284:C:G|ALT	MTOR	common_snp	ALT	intron
common_snp|MTOR|1:11232609:T:A|REF	MTOR	common_snp	REF	intron
common_snp|MTOR|1:11232609:T:A|ALT	MTOR	common_snp	ALT	intron
common_snp|MTOR|1:11232696:A:G|REF	MTOR	common_snp	REF	intron
common_snp|MTOR|1:11232696:A:G|ALT	MTOR	common_snp	ALT	intron
common_snp|MTOR|1:11232824:A:G|REF	MTOR	common_snp	REF	intron
common_snp|MTOR|1:11232824:A:G|ALT	MTOR	common_snp	ALT	intron
common_snp|MTOR|1:11232895:T:A|REF	MTOR	common_snp	REF	intron
common_snp|MTOR|1:11232895:T:A|ALT	MTOR	common_snp	ALT	intron
common_snp|MTOR|1:11233090:C:T|REF	MTOR	common_snp	REF	exon_nonCDS
common_snp|MTOR|1:11233090:C:T|ALT	MTOR	common_snp	ALT	exon_nonCDS
common_snp|MTOR|1:11233143:C:T|REF	MTOR	common_snp	REF	intron
common_snp|MTOR|1:11233143:C:T|ALT	MTOR	common_snp	ALT	intron
common_snp|MTOR|1:11233735:A:C|REF	MTOR	common_snp	REF	intron
common_snp|MTOR|1:11233735:A:C|ALT	MTOR	common_snp	ALT	intron
common_snp|MTOR|1:11233902:C:T|REF	MTOR	common_snp	REF	intron
common_snp|MTOR|1:11233902:C:T|ALT	MTOR	common_snp	ALT	intron
common_snp|MTOR|1:11234417:T:A|REF	MTOR	common_snp	REF	intron
common_snp|MTOR|1:11234417:T:A|ALT	MTOR	common_snp	ALT	intron
common_snp|MTOR|1:11234885:T:A|REF	MTOR	common_snp	REF	intron
common_snp|MTOR|1:11234885:T:A|ALT	MTOR	common_snp	ALT	intron
common_snp|MTOR|1:11235811:A:G|REF	MTOR	common_snp	REF	intron
common_snp|MTOR|1:11235811:A:G|ALT	MTOR	common_snp	ALT	intron
common_snp|MTOR|1:11237705:T:C|REF	MTOR	common_snp	REF	intron
common_snp|MTOR|1:11237705:T:C|ALT	MTOR	common_snp	ALT	intron
common_snp|MTOR|1:11238733:T:C|REF	MTOR	common_snp	REF	intron
common_snp|MTOR|1:11238733:T:C|ALT	MTOR	common_snp	ALT	intron
common_snp|MTOR|1:11239454:C:T|REF	MTOR	common_snp	REF	intron
common_snp|MTOR|1:11239454:C:T|ALT	MTOR	common_snp	ALT	intron
common_snp|MTOR|1:11241006:T:C|REF	MTOR	common_snp	REF	intron
common_snp|MTOR|1:11241006:T:C|ALT	MTOR	common_snp	ALT	intron
common_snp|MTOR|1:11241139:C:G|REF	MTOR	common_snp	REF	intron
common_snp|MTOR|1:11241139:C:G|ALT	MTOR	common_snp	ALT	intron
common_snp|MTOR|1:11241657:A:G|REF	MTOR	common_snp	REF	CDS
common_snp|MTOR|1:11241657:A:G|ALT	MTOR	common_snp	ALT	CDS
common_snp|MTOR|1:11242008:G:A|REF	MTOR	common_snp	REF	intron
common_snp|MTOR|1:11242008:G:A|ALT	MTOR	common_snp	ALT	intron
common_snp|MTOR|1:11244185:A:G|REF	MTOR	common_snp	REF	intron
common_snp|MTOR|1:11244185:A:G|ALT	MTOR	common_snp	ALT	intron
common_snp|MTOR|1:11244249:G:A|REF	MTOR	common_snp	REF	intron
common_snp|MTOR|1:11244249:G:A|ALT	MTOR	common_snp	ALT	intron
common_snp|MTOR|1:11244526:A:G|REF	MTOR	common_snp	REF	intron
common_snp|MTOR|1:11244526:A:G|ALT	MTOR	common_snp	ALT	intron
common_snp|MTOR|1:11244663:C:T|REF	MTOR	common_snp	REF	intron
common_snp|MTOR|1:11244663:C:T|ALT	MTOR	common_snp	ALT	intron
common_snp|MTOR|1:11244816:A:G|REF	MTOR	common_snp	REF	intron
common_snp|MTOR|1:11244816:A:G|ALT	MTOR	common_snp	ALT	intron
common_snp|MTOR|1:11245259:G:A|REF	MTOR	common_snp	REF	intron
common_snp|MTOR|1:11245259:G:A|ALT	MTOR	common_snp	ALT	intron
common_snp|MTOR|1:11245606:C:T|REF	MTOR	common_snp	REF	intron
common_snp|MTOR|1:11245606:C:T|ALT	MTOR	common_snp	ALT	intron
common_snp|MTOR|1:11246222:G:C|REF	MTOR	common_snp	REF	intron
common_snp|MTOR|1:11246222:G:C|ALT	MTOR	common_snp	ALT	intron
common_snp|MTOR|1:11246825:A:G|REF	MTOR	common_snp	REF	intron
common_snp|MTOR|1:11246825:A:G|ALT	MTOR	common_snp	ALT	intron
common_snp|MTOR|1:11247196:G:C|REF	MTOR	common_snp	REF	intron
common_snp|MTOR|1:11247196:G:C|ALT	MTOR	common_snp	ALT	intron
common_snp|MTOR|1:11248705:T:C|REF	MTOR	common_snp	REF	intron
common_snp|MTOR|1:11248705:T:C|ALT	MTOR	common_snp	ALT	intron
common_snp|MTOR|1:11249928:A:G|REF	MTOR	common_snp	REF	intron
common_snp|MTOR|1:11249928:A:G|ALT	MTOR	common_snp	ALT	intron
common_snp|MTOR|1:11250057:A:C|REF	MTOR	common_snp	REF	intron
common_snp|MTOR|1:11250057:A:C|ALT	MTOR	common_snp	ALT	intron
common_snp|MTOR|1:11250185:G:A|REF	MTOR	common_snp	REF	intron
common_snp|MTOR|1:11250185:G:A|ALT	MTOR	common_snp	ALT	intron
common_snp|MTOR|1:11253187:T:C|REF	MTOR	common_snp	REF	intron
common_snp|MTOR|1:11253187:T:C|ALT	MTOR	common_snp	ALT	intron
common_snp|MTOR|1:11255649:G:A|REF	MTOR	common_snp	REF	intron
common_snp|MTOR|1:11255649:G:A|ALT	MTOR	common_snp	ALT	intron
common_snp|MTOR|1:11257263:C:T|REF	MTOR	common_snp	REF	intron
common_snp|MTOR|1:11257263:C:T|ALT	MTOR	common_snp	ALT	intron
common_snp|MTOR|1:11257604:A:T|REF	MTOR	common_snp	REF	intron
common_snp|MTOR|1:11257604:A:T|ALT	MTOR	common_snp	ALT	intron
common_snp|MTOR|1:11257875:T:C|REF	MTOR	common_snp	REF	intron
common_snp|MTOR|1:11257875:T:C|ALT	MTOR	common_snp	ALT	intron
common_snp|MTOR|1:11257920:G:C|REF	MTOR	common_snp	REF	intron
common_snp|MTOR|1:11257920:G:C|ALT	MTOR	common_snp	ALT	intron
common_snp|MTOR|1:11258179:C:T|REF	MTOR	common_snp	REF	intron
common_snp|MTOR|1:11258179:C:T|ALT	MTOR	common_snp	ALT	intron
common_snp|MTOR|1:11258706:C:G|REF	MTOR	common_snp	REF	intron
common_snp|MTOR|1:11258706:C:G|ALT	MTOR	common_snp	ALT	intron
common_snp|MTOR|1:11259530:A:G|REF	MTOR	common_snp	REF	intron
common_snp|MTOR|1:11259530:A:G|ALT	MTOR	common_snp	ALT	intron
common_snp|MTOR|1:11260272:G:C|REF	MTOR	common_snp	REF	intron
common_snp|MTOR|1:11260272:G:C|ALT	MTOR	common_snp	ALT	intron
common_snp|MTOR|1:11260293:G:A|REF	MTOR	common_snp	REF	intron
common_snp|MTOR|1:11260293:G:A|ALT	MTOR	common_snp	ALT	intron
common_snp|MTOR|1:11262099:A:G|REF	MTOR	common_snp	REF	intron
common_snp|MTOR|1:11262099:A:G|ALT	MTOR	common_snp	ALT	intron
common_snp|MTOR|1:11262508:C:G|REF	MTOR	common_snp	REF	exon_nonCDS
common_snp|MTOR|1:11262508:C:G|ALT	MTOR	common_snp	ALT	exon_nonCDS
common_snp|NLRP3|1:247333917:C:T|REF	NLRP3	common_snp	REF	intron
common_snp|NLRP3|1:247333917:C:T|ALT	NLRP3	common_snp	ALT	intron
common_snp|NLRP3|1:247334225:G:A|REF	NLRP3	common_snp	REF	intron
common_snp|NLRP3|1:247334225:G:A|ALT	NLRP3	common_snp	ALT	intron
common_snp|NLRP3|1:247335265:G:A|REF	NLRP3	common_snp	REF	intron
common_snp|NLRP3|1:247335265:G:A|ALT	NLRP3	common_snp	ALT	intron
common_snp|NLRP3|1:247336265:C:A|REF	NLRP3	common_snp	REF	intron
common_snp|NLRP3|1:247336265:C:A|ALT	NLRP3	common_snp	ALT	intron
common_snp|NLRP3|1:247337097:C:T|REF	NLRP3	common_snp	REF	intron
common_snp|NLRP3|1:247337097:C:T|ALT	NLRP3	common_snp	ALT	intron
common_snp|NLRP3|1:247337348:G:A|REF	NLRP3	common_snp	REF	intron
common_snp|NLRP3|1:247337348:G:A|ALT	NLRP3	common_snp	ALT	intron
common_snp|NLRP3|1:247338127:G:A|REF	NLRP3	common_snp	REF	exon_nonCDS
common_snp|NLRP3|1:247338127:G:A|ALT	NLRP3	common_snp	ALT	exon_nonCDS
common_snp|NLRP3|1:247338187:C:T|REF	NLRP3	common_snp	REF	exon_nonCDS
common_snp|NLRP3|1:247338187:C:T|ALT	NLRP3	common_snp	ALT	exon_nonCDS
common_snp|NLRP3|1:247340205:A:G|REF	NLRP3	common_snp	REF	intron
common_snp|NLRP3|1:247340205:A:G|ALT	NLRP3	common_snp	ALT	intron
common_snp|NLRP3|1:247341620:G:A|REF	NLRP3	common_snp	REF	intron
common_snp|NLRP3|1:247341620:G:A|ALT	NLRP3	common_snp	ALT	intron
common_snp|NLRP3|1:247343543:G:C|REF	NLRP3	common_snp	REF	intron
common_snp|NLRP3|1:247343543:G:C|ALT	NLRP3	common_snp	ALT	intron
common_snp|NLRP3|1:247344207:T:C|REF	NLRP3	common_snp	REF	intron
common_snp|NLRP3|1:247344207:T:C|ALT	NLRP3	common_snp	ALT	intron
common_snp|NLRP3|1:247344296:C:G|REF	NLRP3	common_snp	REF	intron
common_snp|NLRP3|1:247344296:C:G|ALT	NLRP3	common_snp	ALT	intron
common_snp|NLRP3|1:247344585:T:C|REF	NLRP3	common_snp	REF	intron
common_snp|NLRP3|1:247344585:T:C|ALT	NLRP3	common_snp	ALT	intron
common_snp|NLRP3|1:247344606:C:T|REF	NLRP3	common_snp	REF	intron
common_snp|NLRP3|1:247344606:C:T|ALT	NLRP3	common_snp	ALT	intron
common_snp|NLRP3|1:247344677:G:C|REF	NLRP3	common_snp	REF	intron
common_snp|NLRP3|1:247344677:G:C|ALT	NLRP3	common_snp	ALT	intron
common_snp|NLRP3|1:247344848:T:G|REF	NLRP3	common_snp	REF	intron
common_snp|NLRP3|1:247344848:T:G|ALT	NLRP3	common_snp	ALT	intron
common_snp|NLRP3|1:247344992:G:A|REF	NLRP3	common_snp	REF	intron
common_snp|NLRP3|1:247344992:G:A|ALT	NLRP3	common_snp	ALT	intron
common_snp|NLRP3|1:247345150:G:A|REF	NLRP3	common_snp	REF	intron
common_snp|NLRP3|1:247345150:G:A|ALT	NLRP3	common_snp	ALT	intron
common_snp|NLRP3|1:247345793:C:T|REF	NLRP3	common_snp	REF	intron
common_snp|NLRP3|1:247345793:C:T|ALT	NLRP3	common_snp	ALT	intron
common_snp|NLRP3|1:247345836:C:T|REF	NLRP3	common_snp	REF	intron
common_snp|NLRP3|1:247345836:C:T|ALT	NLRP3	common_snp	ALT	intron
common_snp|NLRP3|1:247346100:C:G|REF	NLRP3	common_snp	REF	intron
common_snp|NLRP3|1:247346100:C:G|ALT	NLRP3	common_snp	ALT	intron
common_snp|NLRP3|1:247346115:T:C|REF	NLRP3	common_snp	REF	intron
common_snp|NLRP3|1:247346115:T:C|ALT	NLRP3	common_snp	ALT	intron
common_snp|NLRP3|1:247346649:G:T|REF	NLRP3	common_snp	REF	intron
common_snp|NLRP3|1:247346649:G:T|ALT	NLRP3	common_snp	ALT	intron
common_snp|NLRP3|1:247346665:C:T|REF	NLRP3	common_snp	REF	intron
common_snp|NLRP3|1:247346665:C:T|ALT	NLRP3	common_snp	ALT	intron
common_snp|NLRP3|1:247346674:C:T|REF	NLRP3	common_snp	REF	intron
common_snp|NLRP3|1:247346674:C:T|ALT	NLRP3	common_snp	ALT	intron
common_snp|NLRP3|1:247346767:A:T|REF	NLRP3	common_snp	REF	intron
common_snp|NLRP3|1:247346767:A:T|ALT	NLRP3	common_snp	ALT	intron
common_snp|NLRP3|1:247349747:A:G|REF	NLRP3	common_snp	REF	intron
common_snp|NLRP3|1:247349747:A:G|ALT	NLRP3	common_snp	ALT	intron
common_snp|NLRP3|1:247351827:C:T|REF	NLRP3	common_snp	REF	intron
common_snp|NLRP3|1:247351827:C:T|ALT	NLRP3	common_snp	ALT	intron
common_snp|NLRP3|1:247352151:G:C|REF	NLRP3	common_snp	REF	intron
common_snp|NLRP3|1:247352151:G:C|ALT	NLRP3	common_snp	ALT	intron
common_snp|NLRP3|1:247352583:A:C|REF	NLRP3	common_snp	REF	intron
common_snp|NLRP3|1:247352583:A:C|ALT	NLRP3	common_snp	ALT	intron
common_snp|NLRP3|1:247353325:G:A|REF	NLRP3	common_snp	REF	intron
common_snp|NLRP3|1:247353325:G:A|ALT	NLRP3	common_snp	ALT	intron
common_snp|NLRP3|1:247353662:A:G|REF	NLRP3	common_snp	REF	intron
common_snp|NLRP3|1:247353662:A:G|ALT	NLRP3	common_snp	ALT	intron
common_snp|NLRP3|1:247353750:G:A|REF	NLRP3	common_snp	REF	intron
common_snp|NLRP3|1:247353750:G:A|ALT	NLRP3	common_snp	ALT	intron
common_snp|NLRP3|1:247354497:C:A|REF	NLRP3	common_snp	REF	intron
common_snp|NLRP3|1:247354497:C:A|ALT	NLRP3	common_snp	ALT	intron
common_snp|NLRP3|1:247354665:A:G|REF	NLRP3	common_snp	REF	intron
common_snp|NLRP3|1:247354665:A:G|ALT	NLRP3	common_snp	ALT	intron
common_snp|NLRP3|1:247354818:T:C|REF	NLRP3	common_snp	REF	intron
common_snp|NLRP3|1:247354818:T:C|ALT	NLRP3	common_snp	ALT	intron
common_snp|NLRP3|1:247354959:C:T|REF	NLRP3	common_snp	REF	intron
common_snp|NLRP3|1:247354959:C:T|ALT	NLRP3	common_snp	ALT	intron
common_snp|NLRP3|1:247356312:T:C|REF	NLRP3	common_snp	REF	intron
common_snp|NLRP3|1:247356312:T:C|ALT	NLRP3	common_snp	ALT	intron
common_snp|NLRP3|1:247356482:A:G|REF	NLRP3	common_snp	REF	intron
common_snp|NLRP3|1:247356482:A:G|ALT	NLRP3	common_snp	ALT	intron
common_snp|NLRP3|1:247356647:A:G|REF	NLRP3	common_snp	REF	intron
common_snp|NLRP3|1:247356647:A:G|ALT	NLRP3	common_snp	ALT	intron
common_snp|NLRP3|1:247356658:C:G|REF	NLRP3	common_snp	REF	intron
common_snp|NLRP3|1:247356658:C:G|ALT	NLRP3	common_snp	ALT	intron
common_snp|NLRP3|1:247356734:T:C|REF	NLRP3	common_snp	REF	intron
common_snp|NLRP3|1:247356734:T:C|ALT	NLRP3	common_snp	ALT	intron
common_snp|NLRP3|1:247356744:G:C|REF	NLRP3	common_snp	REF	intron
common_snp|NLRP3|1:247356744:G:C|ALT	NLRP3	common_snp	ALT	intron
common_snp|NLRP3|1:247356924:T:G|REF	NLRP3	common_snp	REF	intron
common_snp|NLRP3|1:247356924:T:G|ALT	NLRP3	common_snp	ALT	intron
common_snp|NLRP3|1:247358305:C:G|REF	NLRP3	common_snp	REF	exon_nonCDS
common_snp|NLRP3|1:247358305:C:G|ALT	NLRP3	common_snp	ALT	exon_nonCDS
common_snp|NLRP3|1:247358545:C:T|REF	NLRP3	common_snp	REF	exon_nonCDS
common_snp|NLRP3|1:247358545:C:T|ALT	NLRP3	common_snp	ALT	exon_nonCDS
common_snp|NLRP3|1:247359048:C:T|REF	NLRP3	common_snp	REF	exon_nonCDS
common_snp|NLRP3|1:247359048:C:T|ALT	NLRP3	common_snp	ALT	exon_nonCDS
common_snp|NLRP3|1:247360028:G:A|REF	NLRP3	common_snp	REF	exon_nonCDS
common_snp|NLRP3|1:247360028:G:A|ALT	NLRP3	common_snp	ALT	exon_nonCDS
common_snp|NLRP3|1:247360200:T:G|REF	NLRP3	common_snp	REF	exon_nonCDS
common_snp|NLRP3|1:247360200:T:G|ALT	NLRP3	common_snp	ALT	exon_nonCDS
common_snp|NLRP3|1:247360482:C:G|REF	NLRP3	common_snp	REF	exon_nonCDS
common_snp|NLRP3|1:247360482:C:G|ALT	NLRP3	common_snp	ALT	exon_nonCDS
common_snp|NLRP3|1:247361137:G:T|REF	NLRP3	common_snp	REF	intron
common_snp|NLRP3|1:247361137:G:T|ALT	NLRP3	common_snp	ALT	intron
common_snp|NLRP3|1:247361661:G:A|REF	NLRP3	common_snp	REF	intron
common_snp|NLRP3|1:247361661:G:A|ALT	NLRP3	common_snp	ALT	intron
common_snp|NLRP3|1:247361932:G:A|REF	NLRP3	common_snp	REF	intron
common_snp|NLRP3|1:247361932:G:A|ALT	NLRP3	common_snp	ALT	intron
common_snp|NLRP3|1:247362055:C:T|REF	NLRP3	common_snp	REF	intron
common_snp|NLRP3|1:247362055:C:T|ALT	NLRP3	common_snp	ALT	intron
common_snp|NLRP3|1:247362155:C:G|REF	NLRP3	common_snp	REF	intron
common_snp|NLRP3|1:247362155:C:G|ALT	NLRP3	common_snp	ALT	intron
common_snp|NLRP3|1:247362228:A:G|REF	NLRP3	common_snp	REF	intron
common_snp|NLRP3|1:247362228:A:G|ALT	NLRP3	common_snp	ALT	intron
common_snp|NLRP3|1:247362292:A:G|REF	NLRP3	common_snp	REF	intron
common_snp|NLRP3|1:247362292:A:G|ALT	NLRP3	common_snp	ALT	intron
common_snp|NLRP3|1:247362304:G:A|REF	NLRP3	common_snp	REF	intron
common_snp|NLRP3|1:247362304:G:A|ALT	NLRP3	common_snp	ALT	intron
common_snp|NLRP3|1:247362504:T:C|REF	NLRP3	common_snp	REF	intron
common_snp|NLRP3|1:247362504:T:C|ALT	NLRP3	common_snp	ALT	intron
common_snp|NLRP3|1:247362632:A:G|REF	NLRP3	common_snp	REF	intron
common_snp|NLRP3|1:247362632:A:G|ALT	NLRP3	common_snp	ALT	intron
common_snp|NLRP3|1:247362634:A:G|REF	NLRP3	common_snp	REF	intron
common_snp|NLRP3|1:247362634:A:G|ALT	NLRP3	common_snp	ALT	intron
common_snp|NLRP3|1:247362831:G:A|REF	NLRP3	common_snp	REF	intron
common_snp|NLRP3|1:247362831:G:A|ALT	NLRP3	common_snp	ALT	intron
common_snp|NLRP3|1:247363580:C:T|REF	NLRP3	common_snp	REF	intron
common_snp|NLRP3|1:247363580:C:T|ALT	NLRP3	common_snp	ALT	intron
common_snp|NLRP3|1:247363866:C:T|REF	NLRP3	common_snp	REF	intron
common_snp|NLRP3|1:247363866:C:T|ALT	NLRP3	common_snp	ALT	intron
common_snp|NLRP3|1:247364178:A:G|REF	NLRP3	common_snp	REF	intron
common_snp|NLRP3|1:247364178:A:G|ALT	NLRP3	common_snp	ALT	intron
common_snp|NLRP3|1:247365145:G:A|REF	NLRP3	common_snp	REF	intron
common_snp|NLRP3|1:247365145:G:A|ALT	NLRP3	common_snp	ALT	intron
common_snp|NLRP3|1:247365429:T:C|REF	NLRP3	common_snp	REF	intron
common_snp|NLRP3|1:247365429:T:C|ALT	NLRP3	common_snp	ALT	intron
common_snp|NLRP3|1:247365715:C:T|REF	NLRP3	common_snp	REF	intron
common_snp|NLRP3|1:247365715:C:T|ALT	NLRP3	common_snp	ALT	intron
common_snp|NLRP3|1:247366936:T:A|REF	NLRP3	common_snp	REF	intron
common_snp|NLRP3|1:247366936:T:A|ALT	NLRP3	common_snp	ALT	intron
common_snp|NLRP3|1:247367301:A:G|REF	NLRP3	common_snp	REF	intron
common_snp|NLRP3|1:247367301:A:G|ALT	NLRP3	common_snp	ALT	intron
common_snp|NLRP3|1:247367735:G:A|REF	NLRP3	common_snp	REF	intron
common_snp|NLRP3|1:247367735:G:A|ALT	NLRP3	common_snp	ALT	intron
common_snp|NLRP3|1:247367837:G:A|REF	NLRP3	common_snp	REF	intron
common_snp|NLRP3|1:247367837:G:A|ALT	NLRP3	common_snp	ALT	intron
common_snp|NLRP3|1:247368206:C:G|REF	NLRP3	common_snp	REF	intron
common_snp|NLRP3|1:247368206:C:G|ALT	NLRP3	common_snp	ALT	intron
common_snp|NLRP3|1:247369216:A:G|REF	NLRP3	common_snp	REF	intron
common_snp|NLRP3|1:247369216:A:G|ALT	NLRP3	common_snp	ALT	intron
common_snp|NLRP3|1:247369796:G:A|REF	NLRP3	common_snp	REF	intron
common_snp|NLRP3|1:247369796:G:A|ALT	NLRP3	common_snp	ALT	intron
common_snp|NLRP3|1:247370850:A:G|REF	NLRP3	common_snp	REF	intron
common_snp|NLRP3|1:247370850:A:G|ALT	NLRP3	common_snp	ALT	intron
common_snp|NLRP3|1:247370993:T:C|REF	NLRP3	common_snp	REF	intron
common_snp|NLRP3|1:247370993:T:C|ALT	NLRP3	common_snp	ALT	intron
common_snp|NLRP3|1:247370998:C:T|REF	NLRP3	common_snp	REF	intron
common_snp|NLRP3|1:247370998:C:T|ALT	NLRP3	common_snp	ALT	intron
common_snp|NLRP3|1:247371026:A:G|REF	NLRP3	common_snp	REF	intron
common_snp|NLRP3|1:247371026:A:G|ALT	NLRP3	common_snp	ALT	intron
common_snp|NLRP3|1:247371655:G:A|REF	NLRP3	common_snp	REF	intron
common_snp|NLRP3|1:247371655:G:A|ALT	NLRP3	common_snp	ALT	intron
common_snp|NLRP3|1:247372233:A:G|REF	NLRP3	common_snp	REF	intron
common_snp|NLRP3|1:247372233:A:G|ALT	NLRP3	common_snp	ALT	intron
common_snp|NLRP3|1:247372728:A:G|REF	NLRP3	common_snp	REF	intron
common_snp|NLRP3|1:247372728:A:G|ALT	NLRP3	common_snp	ALT	intron
common_snp|NLRP3|1:247372781:C:T|REF	NLRP3	common_snp	REF	intron
common_snp|NLRP3|1:247372781:C:T|ALT	NLRP3	common_snp	ALT	intron
common_snp|NLRP3|1:247372825:G:T|REF	NLRP3	common_snp	REF	intron
common_snp|NLRP3|1:247372825:G:T|ALT	NLRP3	common_snp	ALT	intron
common_snp|NLRP3|1:247372833:C:G|REF	NLRP3	common_snp	REF	intron
common_snp|NLRP3|1:247372833:C:G|ALT	NLRP3	common_snp	ALT	intron
common_snp|NLRP3|1:247372920:A:G|REF	NLRP3	common_snp	REF	intron
common_snp|NLRP3|1:247372920:A:G|ALT	NLRP3	common_snp	ALT	intron
common_snp|NLRP3|1:247373337:T:A|REF	NLRP3	common_snp	REF	intron
common_snp|NLRP3|1:247373337:T:A|ALT	NLRP3	common_snp	ALT	intron
common_snp|NLRP3|1:247373824:G:A|REF	NLRP3	common_snp	REF	intron
common_snp|NLRP3|1:247373824:G:A|ALT	NLRP3	common_snp	ALT	intron
common_snp|NLRP3|1:247373844:G:T|REF	NLRP3	common_snp	REF	intron
common_snp|NLRP3|1:247373844:G:T|ALT	NLRP3	common_snp	ALT	intron
common_snp|NLRP3|1:247373869:C:T|REF	NLRP3	common_snp	REF	intron
common_snp|NLRP3|1:247373869:C:T|ALT	NLRP3	common_snp	ALT	intron
common_snp|NLRP3|1:247374386:T:G|REF	NLRP3	common_snp	REF	intron
common_snp|NLRP3|1:247374386:T:G|ALT	NLRP3	common_snp	ALT	intron
common_snp|NLRP3|1:247374730:G:A|REF	NLRP3	common_snp	REF	exon_nonCDS
common_snp|NLRP3|1:247374730:G:A|ALT	NLRP3	common_snp	ALT	exon_nonCDS
common_snp|NLRP3|1:247375384:C:T|REF	NLRP3	common_snp	REF	exon_nonCDS
common_snp|NLRP3|1:247375384:C:T|ALT	NLRP3	common_snp	ALT	exon_nonCDS
common_snp|NLRP3|1:247375449:C:T|REF	NLRP3	common_snp	REF	exon_nonCDS
common_snp|NLRP3|1:247375449:C:T|ALT	NLRP3	common_snp	ALT	exon_nonCDS
common_snp|NLRP3|1:247376916:T:C|REF	NLRP3	common_snp	REF	exon_nonCDS
common_snp|NLRP3|1:247376916:T:C|ALT	NLRP3	common_snp	ALT	exon_nonCDS
common_snp|NLRP3|1:247377011:G:A|REF	NLRP3	common_snp	REF	exon_nonCDS
common_snp|NLRP3|1:247377011:G:A|ALT	NLRP3	common_snp	ALT	exon_nonCDS
common_snp|NLRP3|1:247377377:G:T|REF	NLRP3	common_snp	REF	intron
common_snp|NLRP3|1:247377377:G:T|ALT	NLRP3	common_snp	ALT	intron
common_snp|NLRP3|1:247378750:C:T|REF	NLRP3	common_snp	REF	intron
common_snp|NLRP3|1:247378750:C:T|ALT	NLRP3	common_snp	ALT	intron
common_snp|NLRP3|1:247379097:C:T|REF	NLRP3	common_snp	REF	intron
common_snp|NLRP3|1:247379097:C:T|ALT	NLRP3	common_snp	ALT	intron
common_snp|NLRP3|1:247379193:T:C|REF	NLRP3	common_snp	REF	intron
common_snp|NLRP3|1:247379193:T:C|ALT	NLRP3	common_snp	ALT	intron
common_snp|NLRP3|1:247379424:C:T|REF	NLRP3	common_snp	REF	intron
common_snp|NLRP3|1:247379424:C:T|ALT	NLRP3	common_snp	ALT	intron
common_snp|NLRP3|1:247379475:G:A|REF	NLRP3	common_snp	REF	intron
common_snp|NLRP3|1:247379475:G:A|ALT	NLRP3	common_snp	ALT	intron
common_snp|NLRP3|1:247379478:G:A|REF	NLRP3	common_snp	REF	intron
common_snp|NLRP3|1:247379478:G:A|ALT	NLRP3	common_snp	ALT	intron
common_snp|NLRP3|1:247379521:C:A|REF	NLRP3	common_snp	REF	intron
common_snp|NLRP3|1:247379521:C:A|ALT	NLRP3	common_snp	ALT	intron
common_snp|NLRP3|1:247379536:A:G|REF	NLRP3	common_snp	REF	intron
common_snp|NLRP3|1:247379536:A:G|ALT	NLRP3	common_snp	ALT	intron
common_snp|NLRP3|1:247379619:G:A|REF	NLRP3	common_snp	REF	intron
common_snp|NLRP3|1:247379619:G:A|ALT	NLRP3	common_snp	ALT	intron
common_snp|NLRP3|1:247379925:T:C|REF	NLRP3	common_snp	REF	intron
common_snp|NLRP3|1:247379925:T:C|ALT	NLRP3	common_snp	ALT	intron
common_snp|NLRP3|1:247380224:T:A|REF	NLRP3	common_snp	REF	intron
common_snp|NLRP3|1:247380224:T:A|ALT	NLRP3	common_snp	ALT	intron
common_snp|NLRP3|1:247380255:C:T|REF	NLRP3	common_snp	REF	intron
common_snp|NLRP3|1:247380255:C:T|ALT	NLRP3	common_snp	ALT	intron
common_snp|NLRP3|1:247380386:G:A|REF	NLRP3	common_snp	REF	intron
common_snp|NLRP3|1:247380386:G:A|ALT	NLRP3	common_snp	ALT	intron
common_snp|NLRP3|1:247380396:G:A|REF	NLRP3	common_snp	REF	intron
common_snp|NLRP3|1:247380396:G:A|ALT	NLRP3	common_snp	ALT	intron
common_snp|NLRP3|1:247380516:C:A|REF	NLRP3	common_snp	REF	intron
common_snp|NLRP3|1:247380516:C:A|ALT	NLRP3	common_snp	ALT	intron
common_snp|NLRP3|1:247380883:G:C|REF	NLRP3	common_snp	REF	intron
common_snp|NLRP3|1:247380883:G:C|ALT	NLRP3	common_snp	ALT	intron
common_snp|NLRP3|1:247381058:T:C|REF	NLRP3	common_snp	REF	intron
common_snp|NLRP3|1:247381058:T:C|ALT	NLRP3	common_snp	ALT	intron
common_snp|NLRP3|1:247381249:A:T|REF	NLRP3	common_snp	REF	intron
common_snp|NLRP3|1:247381249:A:T|ALT	NLRP3	common_snp	ALT	intron
common_snp|NLRP3|1:247381292:A:G|REF	NLRP3	common_snp	REF	intron
common_snp|NLRP3|1:247381292:A:G|ALT	NLRP3	common_snp	ALT	intron
common_snp|NLRP3|1:247381302:A:G|REF	NLRP3	common_snp	REF	intron
common_snp|NLRP3|1:247381302:A:G|ALT	NLRP3	common_snp	ALT	intron
common_snp|NLRP3|1:247381465:A:G|REF	NLRP3	common_snp	REF	intron
common_snp|NLRP3|1:247381465:A:G|ALT	NLRP3	common_snp	ALT	intron
common_snp|NLRP3|1:247381498:T:C|REF	NLRP3	common_snp	REF	intron
common_snp|NLRP3|1:247381498:T:C|ALT	NLRP3	common_snp	ALT	intron
common_snp|NLRP3|1:247381711:G:A|REF	NLRP3	common_snp	REF	intron
common_snp|NLRP3|1:247381711:G:A|ALT	NLRP3	common_snp	ALT	intron
common_snp|NLRP3|1:247381992:C:T|REF	NLRP3	common_snp	REF	intron
common_snp|NLRP3|1:247381992:C:T|ALT	NLRP3	common_snp	ALT	intron
common_snp|NLRP3|1:247382058:G:A|REF	NLRP3	common_snp	REF	intron
common_snp|NLRP3|1:247382058:G:A|ALT	NLRP3	common_snp	ALT	intron
common_snp|NLRP3|1:247382072:C:G|REF	NLRP3	common_snp	REF	intron
common_snp|NLRP3|1:247382072:C:G|ALT	NLRP3	common_snp	ALT	intron
common_snp|NLRP3|1:247382454:T:C|REF	NLRP3	common_snp	REF	intron
common_snp|NLRP3|1:247382454:T:C|ALT	NLRP3	common_snp	ALT	intron
common_snp|NLRP3|1:247382660:T:G|REF	NLRP3	common_snp	REF	intron
common_snp|NLRP3|1:247382660:T:G|ALT	NLRP3	common_snp	ALT	intron
common_snp|NLRP3|1:247382777:G:A|REF	NLRP3	common_snp	REF	intron
common_snp|NLRP3|1:247382777:G:A|ALT	NLRP3	common_snp	ALT	intron
common_snp|NLRP3|1:247382784:C:T|REF	NLRP3	common_snp	REF	intron
common_snp|NLRP3|1:247382784:C:T|ALT	NLRP3	common_snp	ALT	intron
common_snp|NLRP3|1:247382822:A:C|REF	NLRP3	common_snp	REF	intron
common_snp|NLRP3|1:247382822:A:C|ALT	NLRP3	common_snp	ALT	intron
common_snp|NLRP3|1:247383031:C:G|REF	NLRP3	common_snp	REF	intron
common_snp|NLRP3|1:247383031:C:G|ALT	NLRP3	common_snp	ALT	intron
common_snp|NLRP3|1:247383043:G:A|REF	NLRP3	common_snp	REF	intron
common_snp|NLRP3|1:247383043:G:A|ALT	NLRP3	common_snp	ALT	intron
common_snp|NLRP3|1:247383393:A:G|REF	NLRP3	common_snp	REF	intron
common_snp|NLRP3|1:247383393:A:G|ALT	NLRP3	common_snp	ALT	intron
common_snp|NLRP3|1:247383769:C:T|REF	NLRP3	common_snp	REF	intron
common_snp|NLRP3|1:247383769:C:T|ALT	NLRP3	common_snp	ALT	intron
common_snp|NLRP3|1:247383979:A:T|REF	NLRP3	common_snp	REF	intron
common_snp|NLRP3|1:247383979:A:T|ALT	NLRP3	common_snp	ALT	intron
common_snp|NLRP3|1:247384000:T:C|REF	NLRP3	common_snp	REF	intron
common_snp|NLRP3|1:247384000:T:C|ALT	NLRP3	common_snp	ALT	intron
common_snp|NLRP3|1:247384002:G:C|REF	NLRP3	common_snp	REF	intron
common_snp|NLRP3|1:247384002:G:C|ALT	NLRP3	common_snp	ALT	intron
common_snp|NLRP3|1:247384010:T:C|REF	NLRP3	common_snp	REF	intron
common_snp|NLRP3|1:247384010:T:C|ALT	NLRP3	common_snp	ALT	intron
common_snp|NLRP3|1:247384032:C:A|REF	NLRP3	common_snp	REF	intron
common_snp|NLRP3|1:247384032:C:A|ALT	NLRP3	common_snp	ALT	intron
common_snp|NLRP3|1:247384156:T:C|REF	NLRP3	common_snp	REF	intron
common_snp|NLRP3|1:247384156:T:C|ALT	NLRP3	common_snp	ALT	intron
common_snp|NLRP3|1:247384308:C:T|REF	NLRP3	common_snp	REF	intron
common_snp|NLRP3|1:247384308:C:T|ALT	NLRP3	common_snp	ALT	intron
common_snp|NLRP3|1:247384432:C:A|REF	NLRP3	common_snp	REF	intron
common_snp|NLRP3|1:247384432:C:A|ALT	NLRP3	common_snp	ALT	intron
common_snp|NLRP3|1:247384457:C:G|REF	NLRP3	common_snp	REF	intron
common_snp|NLRP3|1:247384457:C:G|ALT	NLRP3	common_snp	ALT	intron
common_snp|NLRP3|1:247384493:G:A|REF	NLRP3	common_snp	REF	intron
common_snp|NLRP3|1:247384493:G:A|ALT	NLRP3	common_snp	ALT	intron
common_snp|NLRP3|1:247385813:C:A|REF	NLRP3	common_snp	REF	intron
common_snp|NLRP3|1:247385813:C:A|ALT	NLRP3	common_snp	ALT	intron
common_snp|NLRP3|1:247386346:T:C|REF	NLRP3	common_snp	REF	intron
common_snp|NLRP3|1:247386346:T:C|ALT	NLRP3	common_snp	ALT	intron
common_snp|NLRP3|1:247387029:G:A|REF	NLRP3	common_snp	REF	intron
common_snp|NLRP3|1:247387029:G:A|ALT	NLRP3	common_snp	ALT	intron
common_snp|NLRP3|1:247387518:C:T|REF	NLRP3	common_snp	REF	intron
common_snp|NLRP3|1:247387518:C:T|ALT	NLRP3	common_snp	ALT	intron
common_snp|NLRP3|1:247388412:A:G|REF	NLRP3	common_snp	REF	exon_nonCDS
common_snp|NLRP3|1:247388412:A:G|ALT	NLRP3	common_snp	ALT	exon_nonCDS
common_snp|NLRP3|1:247388417:A:C|REF	NLRP3	common_snp	REF	exon_nonCDS
common_snp|NLRP3|1:247388417:A:C|ALT	NLRP3	common_snp	ALT	exon_nonCDS
common_snp|NLRP3|1:247388782:C:T|REF	NLRP3	common_snp	REF	intron
common_snp|NLRP3|1:247388782:C:T|ALT	NLRP3	common_snp	ALT	intron
common_snp|NLRP3|1:247389247:C:T|REF	NLRP3	common_snp	REF	exon_nonCDS
common_snp|NLRP3|1:247389247:C:T|ALT	NLRP3	common_snp	ALT	exon_nonCDS
common_snp|NLRP3|1:247389520:G:C|REF	NLRP3	common_snp	REF	intron
common_snp|NLRP3|1:247389520:G:C|ALT	NLRP3	common_snp	ALT	intron
common_snp|NLRP3|1:247390737:C:T|REF	NLRP3	common_snp	REF	intron
common_snp|NLRP3|1:247390737:C:T|ALT	NLRP3	common_snp	ALT	intron
common_snp|NLRP3|1:247390952:C:A|REF	NLRP3	common_snp	REF	intron
common_snp|NLRP3|1:247390952:C:A|ALT	NLRP3	common_snp	ALT	intron
common_snp|NLRP3|1:247391430:G:C|REF	NLRP3	common_snp	REF	intron
common_snp|NLRP3|1:247391430:G:C|ALT	NLRP3	common_snp	ALT	intron
common_snp|NLRP3|1:247391549:C:G|REF	NLRP3	common_snp	REF	intron
common_snp|NLRP3|1:247391549:C:G|ALT	NLRP3	common_snp	ALT	intron
common_snp|NLRP3|1:247391647:T:G|REF	NLRP3	common_snp	REF	intron
common_snp|NLRP3|1:247391647:T:G|ALT	NLRP3	common_snp	ALT	intron
common_snp|NLRP3|1:247392815:A:G|REF	NLRP3	common_snp	REF	intron
common_snp|NLRP3|1:247392815:A:G|ALT	NLRP3	common_snp	ALT	intron
common_snp|NLRP3|1:247393438:C:T|REF	NLRP3	common_snp	REF	exon_nonCDS
common_snp|NLRP3|1:247393438:C:T|ALT	NLRP3	common_snp	ALT	exon_nonCDS
common_snp|NLRP3|1:247393808:T:A|REF	NLRP3	common_snp	REF	exon_nonCDS
common_snp|NLRP3|1:247393808:T:A|ALT	NLRP3	common_snp	ALT	exon_nonCDS
common_snp|NLRP3|1:247395333:A:T|REF	NLRP3	common_snp	REF	intron
common_snp|NLRP3|1:247395333:A:T|ALT	NLRP3	common_snp	ALT	intron
common_snp|NLRP3|1:247395446:G:A|REF	NLRP3	common_snp	REF	intron
common_snp|NLRP3|1:247395446:G:A|ALT	NLRP3	common_snp	ALT	intron
common_snp|NLRP3|1:247395485:C:T|REF	NLRP3	common_snp	REF	intron
common_snp|NLRP3|1:247395485:C:T|ALT	NLRP3	common_snp	ALT	intron
common_snp|NLRP3|1:247395567:T:C|REF	NLRP3	common_snp	REF	intron
common_snp|NLRP3|1:247395567:T:C|ALT	NLRP3	common_snp	ALT	intron
common_snp|NLRP3|1:247395854:C:T|REF	NLRP3	common_snp	REF	intron
common_snp|NLRP3|1:247395854:C:T|ALT	NLRP3	common_snp	ALT	intron
common_snp|NLRP3|1:247396065:G:T|REF	NLRP3	common_snp	REF	intron
common_snp|NLRP3|1:247396065:G:T|ALT	NLRP3	common_snp	ALT	intron
common_snp|NLRP3|1:247396247:A:G|REF	NLRP3	common_snp	REF	intron
common_snp|NLRP3|1:247396247:A:G|ALT	NLRP3	common_snp	ALT	intron
common_snp|NLRP3|1:247396351:G:A|REF	NLRP3	common_snp	REF	intron
common_snp|NLRP3|1:247396351:G:A|ALT	NLRP3	common_snp	ALT	intron
common_snp|NLRP3|1:247396556:G:A|REF	NLRP3	common_snp	REF	intron
common_snp|NLRP3|1:247396556:G:A|ALT	NLRP3	common_snp	ALT	intron
common_snp|NLRP3|1:247396915:C:T|REF	NLRP3	common_snp	REF	intron
common_snp|NLRP3|1:247396915:C:T|ALT	NLRP3	common_snp	ALT	intron
common_snp|NLRP3|1:247397016:C:G|REF	NLRP3	common_snp	REF	intron
common_snp|NLRP3|1:247397016:C:G|ALT	NLRP3	common_snp	ALT	intron
common_snp|NLRP3|1:247397220:A:G|REF	NLRP3	common_snp	REF	intron
common_snp|NLRP3|1:247397220:A:G|ALT	NLRP3	common_snp	ALT	intron
common_snp|NLRP3|1:247397285:T:C|REF	NLRP3	common_snp	REF	intron
common_snp|NLRP3|1:247397285:T:C|ALT	NLRP3	common_snp	ALT	intron
common_snp|NLRP3|1:247397677:C:A|REF	NLRP3	common_snp	REF	intron
common_snp|NLRP3|1:247397677:C:A|ALT	NLRP3	common_snp	ALT	intron
common_snp|NLRP3|1:247397851:A:G|REF	NLRP3	common_snp	REF	intron
common_snp|NLRP3|1:247397851:A:G|ALT	NLRP3	common_snp	ALT	intron
common_snp|NLRP3|1:247397963:G:A|REF	NLRP3	common_snp	REF	intron
common_snp|NLRP3|1:247397963:G:A|ALT	NLRP3	common_snp	ALT	intron
common_snp|NLRP3|1:247398213:T:C|REF	NLRP3	common_snp	REF	intron
common_snp|NLRP3|1:247398213:T:C|ALT	NLRP3	common_snp	ALT	intron
common_snp|NLRP3|1:247398406:A:C|REF	NLRP3	common_snp	REF	intron
common_snp|NLRP3|1:247398406:A:C|ALT	NLRP3	common_snp	ALT	intron
common_snp|NLRP3|1:247398422:G:A|REF	NLRP3	common_snp	REF	intron
common_snp|NLRP3|1:247398422:G:A|ALT	NLRP3	common_snp	ALT	intron
common_snp|NLRP3|1:247398484:T:A|REF	NLRP3	common_snp	REF	intron
common_snp|NLRP3|1:247398484:T:A|ALT	NLRP3	common_snp	ALT	intron
common_snp|NLRP3|1:247398640:G:T|REF	NLRP3	common_snp	REF	intron
common_snp|NLRP3|1:247398640:G:T|ALT	NLRP3	common_snp	ALT	intron
common_snp|NLRP3|1:247398930:T:G|REF	NLRP3	common_snp	REF	intron
common_snp|NLRP3|1:247398930:T:G|ALT	NLRP3	common_snp	ALT	intron
common_snp|NLRP3|1:247399167:A:G|REF	NLRP3	common_snp	REF	intron
common_snp|NLRP3|1:247399167:A:G|ALT	NLRP3	common_snp	ALT	intron
common_snp|NLRP3|1:247400379:C:A|REF	NLRP3	common_snp	REF	intron
common_snp|NLRP3|1:247400379:C:A|ALT	NLRP3	common_snp	ALT	intron
common_snp|NLRP3|1:247400588:T:C|REF	NLRP3	common_snp	REF	intron
common_snp|NLRP3|1:247400588:T:C|ALT	NLRP3	common_snp	ALT	intron
common_snp|NLRP3|1:247401554:T:C|REF	NLRP3	common_snp	REF	intron
common_snp|NLRP3|1:247401554:T:C|ALT	NLRP3	common_snp	ALT	intron
common_snp|NLRP3|1:247402651:G:A|REF	NLRP3	common_snp	REF	intron
common_snp|NLRP3|1:247402651:G:A|ALT	NLRP3	common_snp	ALT	intron
common_snp|NLRP3|1:247402838:G:A|REF	NLRP3	common_snp	REF	intron
common_snp|NLRP3|1:247402838:G:A|ALT	NLRP3	common_snp	ALT	intron
common_snp|NLRP3|1:247403516:G:A|REF	NLRP3	common_snp	REF	intron
common_snp|NLRP3|1:247403516:G:A|ALT	NLRP3	common_snp	ALT	intron
common_snp|NLRP3|1:247403573:T:C|REF	NLRP3	common_snp	REF	intron
common_snp|NLRP3|1:247403573:T:C|ALT	NLRP3	common_snp	ALT	intron
common_snp|NLRP3|1:247404630:A:G|REF	NLRP3	common_snp	REF	intron
common_snp|NLRP3|1:247404630:A:G|ALT	NLRP3	common_snp	ALT	intron
common_snp|NLRP3|1:247404749:A:G|REF	NLRP3	common_snp	REF	intron
common_snp|NLRP3|1:247404749:A:G|ALT	NLRP3	common_snp	ALT	intron
common_snp|NLRP3|1:247404856:T:C|REF	NLRP3	common_snp	REF	intron
common_snp|NLRP3|1:247404856:T:C|ALT	NLRP3	common_snp	ALT	intron
common_snp|NLRP3|1:247405000:G:A|REF	NLRP3	common_snp	REF	intron
common_snp|NLRP3|1:247405000:G:A|ALT	NLRP3	common_snp	ALT	intron
common_snp|NLRP3|1:247405582:A:G|REF	NLRP3	common_snp	REF	intron
common_snp|NLRP3|1:247405582:A:G|ALT	NLRP3	common_snp	ALT	intron
common_snp|NLRP3|1:247405973:G:A|REF	NLRP3	common_snp	REF	intron
common_snp|NLRP3|1:247405973:G:A|ALT	NLRP3	common_snp	ALT	intron
common_snp|NLRP3|1:247405998:A:C|REF	NLRP3	common_snp	REF	intron
common_snp|NLRP3|1:247405998:A:C|ALT	NLRP3	common_snp	ALT	intron
common_snp|NLRP3|1:247406019:C:T|REF	NLRP3	common_snp	REF	intron
common_snp|NLRP3|1:247406019:C:T|ALT	NLRP3	common_snp	ALT	intron
common_snp|NLRP3|1:247406121:T:G|REF	NLRP3	common_snp	REF	intron
common_snp|NLRP3|1:247406121:T:G|ALT	NLRP3	common_snp	ALT	intron
common_snp|NLRP3|1:247406139:C:T|REF	NLRP3	common_snp	REF	intron
common_snp|NLRP3|1:247406139:C:T|ALT	NLRP3	common_snp	ALT	intron
common_snp|NLRP3|1:247406919:T:C|REF	NLRP3	common_snp	REF	intron
common_snp|NLRP3|1:247406919:T:C|ALT	NLRP3	common_snp	ALT	intron
common_snp|NLRP3|1:247407264:G:A|REF	NLRP3	common_snp	REF	intron
common_snp|NLRP3|1:247407264:G:A|ALT	NLRP3	common_snp	ALT	intron
common_snp|NLRP3|1:247407649:T:C|REF	NLRP3	common_snp	REF	intron
common_snp|NLRP3|1:247407649:T:C|ALT	NLRP3	common_snp	ALT	intron
common_snp|NLRP3|1:247408372:C:T|REF	NLRP3	common_snp	REF	intron
common_snp|NLRP3|1:247408372:C:T|ALT	NLRP3	common_snp	ALT	intron
common_snp|NLRP3|1:247408730:G:A|REF	NLRP3	common_snp	REF	intron
common_snp|NLRP3|1:247408730:G:A|ALT	NLRP3	common_snp	ALT	intron
common_snp|NLRP3|1:247408867:G:A|REF	NLRP3	common_snp	REF	intron
common_snp|NLRP3|1:247408867:G:A|ALT	NLRP3	common_snp	ALT	intron
common_snp|NLRP3|1:247409226:T:A|REF	NLRP3	common_snp	REF	intron
common_snp|NLRP3|1:247409226:T:A|ALT	NLRP3	common_snp	ALT	intron
common_snp|NLRP3|1:247409271:C:A|REF	NLRP3	common_snp	REF	intron
common_snp|NLRP3|1:247409271:C:A|ALT	NLRP3	common_snp	ALT	intron
common_snp|NLRP3|1:247409326:C:T|REF	NLRP3	common_snp	REF	intron
common_snp|NLRP3|1:247409326:C:T|ALT	NLRP3	common_snp	ALT	intron
common_snp|NLRP3|1:247411959:C:T|REF	NLRP3	common_snp	REF	intron
common_snp|NLRP3|1:247411959:C:T|ALT	NLRP3	common_snp	ALT	intron
common_snp|NLRP3|1:247412334:G:T|REF	NLRP3	common_snp	REF	intron
common_snp|NLRP3|1:247412334:G:T|ALT	NLRP3	common_snp	ALT	intron
common_snp|NLRP3|1:247412466:G:A|REF	NLRP3	common_snp	REF	intron
common_snp|NLRP3|1:247412466:G:A|ALT	NLRP3	common_snp	ALT	intron
common_snp|NLRP3|1:247412557:G:C|REF	NLRP3	common_snp	REF	intron
common_snp|NLRP3|1:247412557:G:C|ALT	NLRP3	common_snp	ALT	intron
common_snp|NLRP3|1:247412872:G:A|REF	NLRP3	common_snp	REF	intron
common_snp|NLRP3|1:247412872:G:A|ALT	NLRP3	common_snp	ALT	intron
common_snp|NLRP3|1:247413777:C:T|REF	NLRP3	common_snp	REF	intron
common_snp|NLRP3|1:247413777:C:T|ALT	NLRP3	common_snp	ALT	intron
common_snp|NLRP3|1:247414509:G:A|REF	NLRP3	common_snp	REF	intron
common_snp|NLRP3|1:247414509:G:A|ALT	NLRP3	common_snp	ALT	intron
common_snp|NLRP3|1:247414554:C:T|REF	NLRP3	common_snp	REF	intron
common_snp|NLRP3|1:247414554:C:T|ALT	NLRP3	common_snp	ALT	intron
common_snp|NLRP3|1:247415139:A:G|REF	NLRP3	common_snp	REF	intron
common_snp|NLRP3|1:247415139:A:G|ALT	NLRP3	common_snp	ALT	intron
common_snp|NLRP3|1:247416408:C:G|REF	NLRP3	common_snp	REF	intron
common_snp|NLRP3|1:247416408:C:G|ALT	NLRP3	common_snp	ALT	intron
common_snp|NLRP3|1:247416447:A:G|REF	NLRP3	common_snp	REF	intron
common_snp|NLRP3|1:247416447:A:G|ALT	NLRP3	common_snp	ALT	intron
common_snp|NLRP3|1:247416606:G:A|REF	NLRP3	common_snp	REF	intron
common_snp|NLRP3|1:247416606:G:A|ALT	NLRP3	common_snp	ALT	intron
common_snp|NLRP3|1:247417266:C:T|REF	NLRP3	common_snp	REF	intron
common_snp|NLRP3|1:247417266:C:T|ALT	NLRP3	common_snp	ALT	intron
common_snp|NLRP3|1:247417508:T:C|REF	NLRP3	common_snp	REF	intron
common_snp|NLRP3|1:247417508:T:C|ALT	NLRP3	common_snp	ALT	intron
common_snp|NLRP3|1:247417907:T:C|REF	NLRP3	common_snp	REF	intron
common_snp|NLRP3|1:247417907:T:C|ALT	NLRP3	common_snp	ALT	intron
common_snp|NLRP3|1:247419164:A:T|REF	NLRP3	common_snp	REF	intron
common_snp|NLRP3|1:247419164:A:T|ALT	NLRP3	common_snp	ALT	intron
common_snp|NLRP3|1:247419823:G:C|REF	NLRP3	common_snp	REF	intron
common_snp|NLRP3|1:247419823:G:C|ALT	NLRP3	common_snp	ALT	intron
common_snp|NLRP3|1:247419919:C:T|REF	NLRP3	common_snp	REF	intron
common_snp|NLRP3|1:247419919:C:T|ALT	NLRP3	common_snp	ALT	intron
common_snp|NLRP3|1:247420150:G:A|REF	NLRP3	common_snp	REF	intron
common_snp|NLRP3|1:247420150:G:A|ALT	NLRP3	common_snp	ALT	intron
common_snp|NLRP3|1:247420375:G:C|REF	NLRP3	common_snp	REF	intron
common_snp|NLRP3|1:247420375:G:C|ALT	NLRP3	common_snp	ALT	intron
common_snp|NLRP3|1:247420773:G:A|REF	NLRP3	common_snp	REF	intron
common_snp|NLRP3|1:247420773:G:A|ALT	NLRP3	common_snp	ALT	intron
common_snp|NLRP3|1:247421289:A:G|REF	NLRP3	common_snp	REF	intron
common_snp|NLRP3|1:247421289:A:G|ALT	NLRP3	common_snp	ALT	intron
common_snp|NLRP3|1:247421296:T:G|REF	NLRP3	common_snp	REF	intron
common_snp|NLRP3|1:247421296:T:G|ALT	NLRP3	common_snp	ALT	intron
common_snp|NLRP3|1:247421341:G:C|REF	NLRP3	common_snp	REF	intron
common_snp|NLRP3|1:247421341:G:C|ALT	NLRP3	common_snp	ALT	intron
common_snp|NLRP3|1:247421942:T:C|REF	NLRP3	common_snp	REF	intron
common_snp|NLRP3|1:247421942:T:C|ALT	NLRP3	common_snp	ALT	intron
common_snp|NLRP3|1:247422300:G:A|REF	NLRP3	common_snp	REF	intron
common_snp|NLRP3|1:247422300:G:A|ALT	NLRP3	common_snp	ALT	intron
common_snp|NLRP3|1:247422359:A:G|REF	NLRP3	common_snp	REF	intron
common_snp|NLRP3|1:247422359:A:G|ALT	NLRP3	common_snp	ALT	intron
common_snp|NLRP3|1:247423034:T:C|REF	NLRP3	common_snp	REF	intron
common_snp|NLRP3|1:247423034:T:C|ALT	NLRP3	common_snp	ALT	intron
common_snp|NLRP3|1:247424106:C:T|REF	NLRP3	common_snp	REF	CDS
common_snp|NLRP3|1:247424106:C:T|ALT	NLRP3	common_snp	ALT	CDS
common_snp|NLRP3|1:247424175:G:A|REF	NLRP3	common_snp	REF	CDS
common_snp|NLRP3|1:247424175:G:A|ALT	NLRP3	common_snp	ALT	CDS
common_snp|NLRP3|1:247425658:G:A|REF	NLRP3	common_snp	REF	exon_nonCDS
common_snp|NLRP3|1:247425658:G:A|ALT	NLRP3	common_snp	ALT	exon_nonCDS
common_snp|NLRP3|1:247427191:C:G|REF	NLRP3	common_snp	REF	intron
common_snp|NLRP3|1:247427191:C:G|ALT	NLRP3	common_snp	ALT	intron
common_snp|NLRP3|1:247428647:T:A|REF	NLRP3	common_snp	REF	intron
common_snp|NLRP3|1:247428647:T:A|ALT	NLRP3	common_snp	ALT	intron
common_snp|NLRP3|1:247428660:A:G|REF	NLRP3	common_snp	REF	intron
common_snp|NLRP3|1:247428660:A:G|ALT	NLRP3	common_snp	ALT	intron
common_snp|NLRP3|1:247428873:C:T|REF	NLRP3	common_snp	REF	intron
common_snp|NLRP3|1:247428873:C:T|ALT	NLRP3	common_snp	ALT	intron
common_snp|NLRP3|1:247428890:C:T|REF	NLRP3	common_snp	REF	intron
common_snp|NLRP3|1:247428890:C:T|ALT	NLRP3	common_snp	ALT	intron
common_snp|NLRP3|1:247429840:A:G|REF	NLRP3	common_snp	REF	intron
common_snp|NLRP3|1:247429840:A:G|ALT	NLRP3	common_snp	ALT	intron
common_snp|NLRP3|1:247430118:C:T|REF	NLRP3	common_snp	REF	intron
common_snp|NLRP3|1:247430118:C:T|ALT	NLRP3	common_snp	ALT	intron
common_snp|NLRP3|1:247430260:G:A|REF	NLRP3	common_snp	REF	intron
common_snp|NLRP3|1:247430260:G:A|ALT	NLRP3	common_snp	ALT	intron
common_snp|NLRP3|1:247430857:C:A|REF	NLRP3	common_snp	REF	intron
common_snp|NLRP3|1:247430857:C:A|ALT	NLRP3	common_snp	ALT	intron
common_snp|NLRP3|1:247431212:A:T|REF	NLRP3	common_snp	REF	intron
common_snp|NLRP3|1:247431212:A:T|ALT	NLRP3	common_snp	ALT	intron
common_snp|NLRP3|1:247431474:G:A|REF	NLRP3	common_snp	REF	intron
common_snp|NLRP3|1:247431474:G:A|ALT	NLRP3	common_snp	ALT	intron
common_snp|NLRP3|1:247431588:C:T|REF	NLRP3	common_snp	REF	intron
common_snp|NLRP3|1:247431588:C:T|ALT	NLRP3	common_snp	ALT	intron
common_snp|NLRP3|1:247432129:C:T|REF	NLRP3	common_snp	REF	intron
common_snp|NLRP3|1:247432129:C:T|ALT	NLRP3	common_snp	ALT	intron
common_snp|NLRP3|1:247432548:C:T|REF	NLRP3	common_snp	REF	intron
common_snp|NLRP3|1:247432548:C:T|ALT	NLRP3	common_snp	ALT	intron
common_snp|NLRP3|1:247432755:A:G|REF	NLRP3	common_snp	REF	intron
common_snp|NLRP3|1:247432755:A:G|ALT	NLRP3	common_snp	ALT	intron
common_snp|NLRP3|1:247433084:G:A|REF	NLRP3	common_snp	REF	intron
common_snp|NLRP3|1:247433084:G:A|ALT	NLRP3	common_snp	ALT	intron
common_snp|NLRP3|1:247433225:G:A|REF	NLRP3	common_snp	REF	intron
common_snp|NLRP3|1:247433225:G:A|ALT	NLRP3	common_snp	ALT	intron
common_snp|NLRP3|1:247433448:G:A|REF	NLRP3	common_snp	REF	intron
common_snp|NLRP3|1:247433448:G:A|ALT	NLRP3	common_snp	ALT	intron
common_snp|NLRP3|1:247433522:A:C|REF	NLRP3	common_snp	REF	intron
common_snp|NLRP3|1:247433522:A:C|ALT	NLRP3	common_snp	ALT	intron
common_snp|NLRP3|1:247433558:C:A|REF	NLRP3	common_snp	REF	intron
common_snp|NLRP3|1:247433558:C:A|ALT	NLRP3	common_snp	ALT	intron
common_snp|NLRP3|1:247433652:G:A|REF	NLRP3	common_snp	REF	intron
common_snp|NLRP3|1:247433652:G:A|ALT	NLRP3	common_snp	ALT	intron
common_snp|NLRP3|1:247433733:C:T|REF	NLRP3	common_snp	REF	intron
common_snp|NLRP3|1:247433733:C:T|ALT	NLRP3	common_snp	ALT	intron
common_snp|NLRP3|1:247434327:C:T|REF	NLRP3	common_snp	REF	intron
common_snp|NLRP3|1:247434327:C:T|ALT	NLRP3	common_snp	ALT	intron
common_snp|NLRP3|1:247434749:G:T|REF	NLRP3	common_snp	REF	intron
common_snp|NLRP3|1:247434749:G:T|ALT	NLRP3	common_snp	ALT	intron
common_snp|NLRP3|1:247435182:G:A|REF	NLRP3	common_snp	REF	intron
common_snp|NLRP3|1:247435182:G:A|ALT	NLRP3	common_snp	ALT	intron
common_snp|NLRP3|1:247435723:C:T|REF	NLRP3	common_snp	REF	intron
common_snp|NLRP3|1:247435723:C:T|ALT	NLRP3	common_snp	ALT	intron
common_snp|NLRP3|1:247435768:T:C|REF	NLRP3	common_snp	REF	intron
common_snp|NLRP3|1:247435768:T:C|ALT	NLRP3	common_snp	ALT	intron
common_snp|NLRP3|1:247435930:G:A|REF	NLRP3	common_snp	REF	intron
common_snp|NLRP3|1:247435930:G:A|ALT	NLRP3	common_snp	ALT	intron
common_snp|NLRP3|1:247436999:A:C|REF	NLRP3	common_snp	REF	intron
common_snp|NLRP3|1:247436999:A:C|ALT	NLRP3	common_snp	ALT	intron
common_snp|NLRP3|1:247437858:G:A|REF	NLRP3	common_snp	REF	intron
common_snp|NLRP3|1:247437858:G:A|ALT	NLRP3	common_snp	ALT	intron
common_snp|NLRP3|1:247438055:G:A|REF	NLRP3	common_snp	REF	intron
common_snp|NLRP3|1:247438055:G:A|ALT	NLRP3	common_snp	ALT	intron
common_snp|NLRP3|1:247438293:T:C|REF	NLRP3	common_snp	REF	intron
common_snp|NLRP3|1:247438293:T:C|ALT	NLRP3	common_snp	ALT	intron
common_snp|NLRP3|1:247438447:A:C|REF	NLRP3	common_snp	REF	intron
common_snp|NLRP3|1:247438447:A:C|ALT	NLRP3	common_snp	ALT	intron
common_snp|NLRP3|1:247438476:C:T|REF	NLRP3	common_snp	REF	intron
common_snp|NLRP3|1:247438476:C:T|ALT	NLRP3	common_snp	ALT	intron
common_snp|NLRP3|1:247438584:A:G|REF	NLRP3	common_snp	REF	intron
common_snp|NLRP3|1:247438584:A:G|ALT	NLRP3	common_snp	ALT	intron
common_snp|NLRP3|1:247439006:T:G|REF	NLRP3	common_snp	REF	intron
common_snp|NLRP3|1:247439006:T:G|ALT	NLRP3	common_snp	ALT	intron
common_snp|NLRP3|1:247439666:A:G|REF	NLRP3	common_snp	REF	intron
common_snp|NLRP3|1:247439666:A:G|ALT	NLRP3	common_snp	ALT	intron
common_snp|NLRP3|1:247440161:G:A|REF	NLRP3	common_snp	REF	intron
common_snp|NLRP3|1:247440161:G:A|ALT	NLRP3	common_snp	ALT	intron
common_snp|NLRP3|1:247440603:G:A|REF	NLRP3	common_snp	REF	intron
common_snp|NLRP3|1:247440603:G:A|ALT	NLRP3	common_snp	ALT	intron
common_snp|NLRP3|1:247440956:C:A|REF	NLRP3	common_snp	REF	intron
common_snp|NLRP3|1:247440956:C:A|ALT	NLRP3	common_snp	ALT	intron
common_snp|NLRP3|1:247441145:T:C|REF	NLRP3	common_snp	REF	intron
common_snp|NLRP3|1:247441145:T:C|ALT	NLRP3	common_snp	ALT	intron
common_snp|NLRP3|1:247441825:C:T|REF	NLRP3	common_snp	REF	intron
common_snp|NLRP3|1:247441825:C:T|ALT	NLRP3	common_snp	ALT	intron
common_snp|NLRP3|1:247442297:C:T|REF	NLRP3	common_snp	REF	intron
common_snp|NLRP3|1:247442297:C:T|ALT	NLRP3	common_snp	ALT	intron
common_snp|NLRP3|1:247442974:T:C|REF	NLRP3	common_snp	REF	intron
common_snp|NLRP3|1:247442974:T:C|ALT	NLRP3	common_snp	ALT	intron
common_snp|NLRP3|1:247443437:G:A|REF	NLRP3	common_snp	REF	intron
common_snp|NLRP3|1:247443437:G:A|ALT	NLRP3	common_snp	ALT	intron
common_snp|NLRP3|1:247443728:G:C|REF	NLRP3	common_snp	REF	intron
common_snp|NLRP3|1:247443728:G:C|ALT	NLRP3	common_snp	ALT	intron
common_snp|NLRP3|1:247443750:G:A|REF	NLRP3	common_snp	REF	intron
common_snp|NLRP3|1:247443750:G:A|ALT	NLRP3	common_snp	ALT	intron
common_snp|NLRP3|1:247444340:C:T|REF	NLRP3	common_snp	REF	intron
common_snp|NLRP3|1:247444340:C:T|ALT	NLRP3	common_snp	ALT	intron
common_snp|NLRP3|1:247445217:T:G|REF	NLRP3	common_snp	REF	intron
common_snp|NLRP3|1:247445217:T:G|ALT	NLRP3	common_snp	ALT	intron
common_snp|NLRP3|1:247445326:A:G|REF	NLRP3	common_snp	REF	intron
common_snp|NLRP3|1:247445326:A:G|ALT	NLRP3	common_snp	ALT	intron
common_snp|NLRP3|1:247445349:T:C|REF	NLRP3	common_snp	REF	intron
common_snp|NLRP3|1:247445349:T:C|ALT	NLRP3	common_snp	ALT	intron
common_snp|NLRP3|1:247445358:A:G|REF	NLRP3	common_snp	REF	intron
common_snp|NLRP3|1:247445358:A:G|ALT	NLRP3	common_snp	ALT	intron
common_snp|NLRP3|1:247445475:C:G|REF	NLRP3	common_snp	REF	intron
common_snp|NLRP3|1:247445475:C:G|ALT	NLRP3	common_snp	ALT	intron
common_snp|NLRP3|1:247445608:C:T|REF	NLRP3	common_snp	REF	intron
common_snp|NLRP3|1:247445608:C:T|ALT	NLRP3	common_snp	ALT	intron
common_snp|NLRP3|1:247446026:C:T|REF	NLRP3	common_snp	REF	intron
common_snp|NLRP3|1:247446026:C:T|ALT	NLRP3	common_snp	ALT	intron
common_snp|NLRP3|1:247446346:G:A|REF	NLRP3	common_snp	REF	intron
common_snp|NLRP3|1:247446346:G:A|ALT	NLRP3	common_snp	ALT	intron
common_snp|NLRP3|1:247446834:T:C|REF	NLRP3	common_snp	REF	intron
common_snp|NLRP3|1:247446834:T:C|ALT	NLRP3	common_snp	ALT	intron
common_snp|NLRP3|1:247447109:C:T|REF	NLRP3	common_snp	REF	intron
common_snp|NLRP3|1:247447109:C:T|ALT	NLRP3	common_snp	ALT	intron
common_snp|NLRP3|1:247448025:T:C|REF	NLRP3	common_snp	REF	exon_nonCDS
common_snp|NLRP3|1:247448025:T:C|ALT	NLRP3	common_snp	ALT	exon_nonCDS
common_snp|NLRP3|1:247448157:G:A|REF	NLRP3	common_snp	REF	exon_nonCDS
common_snp|NLRP3|1:247448157:G:A|ALT	NLRP3	common_snp	ALT	exon_nonCDS
common_snp|NLRP3|1:247448158:G:C|REF	NLRP3	common_snp	REF	exon_nonCDS
common_snp|NLRP3|1:247448158:G:C|ALT	NLRP3	common_snp	ALT	exon_nonCDS
common_snp|NLRP3|1:247448734:G:C|REF	NLRP3	common_snp	REF	exon_nonCDS
common_snp|NLRP3|1:247448734:G:C|ALT	NLRP3	common_snp	ALT	exon_nonCDS
common_snp|NLRP3|1:247448900:T:A|REF	NLRP3	common_snp	REF	exon_nonCDS
common_snp|NLRP3|1:247448900:T:A|ALT	NLRP3	common_snp	ALT	exon_nonCDS
common_snp|NLRP3|1:247448993:C:T|REF	NLRP3	common_snp	REF	exon_nonCDS
common_snp|NLRP3|1:247448993:C:T|ALT	NLRP3	common_snp	ALT	exon_nonCDS
common_snp|SCN2A|2:165195504:G:T|REF	SCN2A	common_snp	REF	exon_nonCDS
common_snp|SCN2A|2:165195504:G:T|ALT	SCN2A	common_snp	ALT	exon_nonCDS
common_snp|SCN2A|2:165196894:C:T|REF	SCN2A	common_snp	REF	intron
common_snp|SCN2A|2:165196894:C:T|ALT	SCN2A	common_snp	ALT	intron
common_snp|SCN2A|2:165199490:A:T|REF	SCN2A	common_snp	REF	intron
common_snp|SCN2A|2:165199490:A:T|ALT	SCN2A	common_snp	ALT	intron
common_snp|SCN2A|2:165203409:A:G|REF	SCN2A	common_snp	REF	intron
common_snp|SCN2A|2:165203409:A:G|ALT	SCN2A	common_snp	ALT	intron
common_snp|SCN2A|2:165204701:G:T|REF	SCN2A	common_snp	REF	intron
common_snp|SCN2A|2:165204701:G:T|ALT	SCN2A	common_snp	ALT	intron
common_snp|SCN2A|2:165206723:C:T|REF	SCN2A	common_snp	REF	intron
common_snp|SCN2A|2:165206723:C:T|ALT	SCN2A	common_snp	ALT	intron
common_snp|SCN2A|2:165206917:T:G|REF	SCN2A	common_snp	REF	intron
common_snp|SCN2A|2:165206917:T:G|ALT	SCN2A	common_snp	ALT	intron
common_snp|SCN2A|2:165209762:A:T|REF	SCN2A	common_snp	REF	intron
common_snp|SCN2A|2:165209762:A:T|ALT	SCN2A	common_snp	ALT	intron
common_snp|SCN2A|2:165210849:T:C|REF	SCN2A	common_snp	REF	intron
common_snp|SCN2A|2:165210849:T:C|ALT	SCN2A	common_snp	ALT	intron
common_snp|SCN2A|2:165211148:T:G|REF	SCN2A	common_snp	REF	intron
common_snp|SCN2A|2:165211148:T:G|ALT	SCN2A	common_snp	ALT	intron
common_snp|SCN2A|2:165211773:A:G|REF	SCN2A	common_snp	REF	intron
common_snp|SCN2A|2:165211773:A:G|ALT	SCN2A	common_snp	ALT	intron
common_snp|SCN2A|2:165213080:G:A|REF	SCN2A	common_snp	REF	intron
common_snp|SCN2A|2:165213080:G:A|ALT	SCN2A	common_snp	ALT	intron
common_snp|SCN2A|2:165214803:G:A|REF	SCN2A	common_snp	REF	intron
common_snp|SCN2A|2:165214803:G:A|ALT	SCN2A	common_snp	ALT	intron
common_snp|SCN2A|2:165217740:A:T|REF	SCN2A	common_snp	REF	intron
common_snp|SCN2A|2:165217740:A:T|ALT	SCN2A	common_snp	ALT	intron
common_snp|SCN2A|2:165217763:A:G|REF	SCN2A	common_snp	REF	intron
common_snp|SCN2A|2:165217763:A:G|ALT	SCN2A	common_snp	ALT	intron
common_snp|SCN2A|2:165218816:C:A|REF	SCN2A	common_snp	REF	intron
common_snp|SCN2A|2:165218816:C:A|ALT	SCN2A	common_snp	ALT	intron
common_snp|SCN2A|2:165219277:T:G|REF	SCN2A	common_snp	REF	intron
common_snp|SCN2A|2:165219277:T:G|ALT	SCN2A	common_snp	ALT	intron
common_snp|SCN2A|2:165219667:C:A|REF	SCN2A	common_snp	REF	intron
common_snp|SCN2A|2:165219667:C:A|ALT	SCN2A	common_snp	ALT	intron
common_snp|SCN2A|2:165219985:T:A|REF	SCN2A	common_snp	REF	intron
common_snp|SCN2A|2:165219985:T:A|ALT	SCN2A	common_snp	ALT	intron
common_snp|SCN2A|2:165220214:T:C|REF	SCN2A	common_snp	REF	intron
common_snp|SCN2A|2:165220214:T:C|ALT	SCN2A	common_snp	ALT	intron
common_snp|SCN2A|2:165223247:G:A|REF	SCN2A	common_snp	REF	intron
common_snp|SCN2A|2:165223247:G:A|ALT	SCN2A	common_snp	ALT	intron
common_snp|SCN2A|2:165225852:C:A|REF	SCN2A	common_snp	REF	intron
common_snp|SCN2A|2:165225852:C:A|ALT	SCN2A	common_snp	ALT	intron
common_snp|SCN2A|2:165230124:T:A|REF	SCN2A	common_snp	REF	intron
common_snp|SCN2A|2:165230124:T:A|ALT	SCN2A	common_snp	ALT	intron
common_snp|SCN2A|2:165230634:G:T|REF	SCN2A	common_snp	REF	intron
common_snp|SCN2A|2:165230634:G:T|ALT	SCN2A	common_snp	ALT	intron
common_snp|SCN2A|2:165231117:T:C|REF	SCN2A	common_snp	REF	intron
common_snp|SCN2A|2:165231117:T:C|ALT	SCN2A	common_snp	ALT	intron
common_snp|SCN2A|2:165231386:G:A|REF	SCN2A	common_snp	REF	intron
common_snp|SCN2A|2:165231386:G:A|ALT	SCN2A	common_snp	ALT	intron
common_snp|SCN2A|2:165231390:G:A|REF	SCN2A	common_snp	REF	intron
common_snp|SCN2A|2:165231390:G:A|ALT	SCN2A	common_snp	ALT	intron
common_snp|SCN2A|2:165231429:C:T|REF	SCN2A	common_snp	REF	intron
common_snp|SCN2A|2:165231429:C:T|ALT	SCN2A	common_snp	ALT	intron
common_snp|SCN2A|2:165231621:A:C|REF	SCN2A	common_snp	REF	intron
common_snp|SCN2A|2:165231621:A:C|ALT	SCN2A	common_snp	ALT	intron
common_snp|SCN2A|2:165232479:T:C|REF	SCN2A	common_snp	REF	intron
common_snp|SCN2A|2:165232479:T:C|ALT	SCN2A	common_snp	ALT	intron
common_snp|SCN2A|2:165232588:G:A|REF	SCN2A	common_snp	REF	intron
common_snp|SCN2A|2:165232588:G:A|ALT	SCN2A	common_snp	ALT	intron
common_snp|SCN2A|2:165232768:C:G|REF	SCN2A	common_snp	REF	intron
common_snp|SCN2A|2:165232768:C:G|ALT	SCN2A	common_snp	ALT	intron
common_snp|SCN2A|2:165232922:C:A|REF	SCN2A	common_snp	REF	intron
common_snp|SCN2A|2:165232922:C:A|ALT	SCN2A	common_snp	ALT	intron
common_snp|SCN2A|2:165233603:A:G|REF	SCN2A	common_snp	REF	intron
common_snp|SCN2A|2:165233603:A:G|ALT	SCN2A	common_snp	ALT	intron
common_snp|SCN2A|2:165234422:G:C|REF	SCN2A	common_snp	REF	intron
common_snp|SCN2A|2:165234422:G:C|ALT	SCN2A	common_snp	ALT	intron
common_snp|SCN2A|2:165234595:C:G|REF	SCN2A	common_snp	REF	intron
common_snp|SCN2A|2:165234595:C:G|ALT	SCN2A	common_snp	ALT	intron
common_snp|SCN2A|2:165234965:G:A|REF	SCN2A	common_snp	REF	intron
common_snp|SCN2A|2:165234965:G:A|ALT	SCN2A	common_snp	ALT	intron
common_snp|SCN2A|2:165237225:G:A|REF	SCN2A	common_snp	REF	intron
common_snp|SCN2A|2:165237225:G:A|ALT	SCN2A	common_snp	ALT	intron
common_snp|SCN2A|2:165238061:T:C|REF	SCN2A	common_snp	REF	intron
common_snp|SCN2A|2:165238061:T:C|ALT	SCN2A	common_snp	ALT	intron
common_snp|SCN2A|2:165239027:C:G|REF	SCN2A	common_snp	REF	intron
common_snp|SCN2A|2:165239027:C:G|ALT	SCN2A	common_snp	ALT	intron
common_snp|SCN2A|2:165239218:A:G|REF	SCN2A	common_snp	REF	intron
common_snp|SCN2A|2:165239218:A:G|ALT	SCN2A	common_snp	ALT	intron
common_snp|SCN2A|2:165243178:C:T|REF	SCN2A	common_snp	REF	intron
common_snp|SCN2A|2:165243178:C:T|ALT	SCN2A	common_snp	ALT	intron
common_snp|SCN2A|2:165244144:G:A|REF	SCN2A	common_snp	REF	intron
common_snp|SCN2A|2:165244144:G:A|ALT	SCN2A	common_snp	ALT	intron
common_snp|SCN2A|2:165244238:A:G|REF	SCN2A	common_snp	REF	intron
common_snp|SCN2A|2:165244238:A:G|ALT	SCN2A	common_snp	ALT	intron
common_snp|SCN2A|2:165244457:C:T|REF	SCN2A	common_snp	REF	intron
common_snp|SCN2A|2:165244457:C:T|ALT	SCN2A	common_snp	ALT	intron
common_snp|SCN2A|2:165244495:T:C|REF	SCN2A	common_snp	REF	intron
common_snp|SCN2A|2:165244495:T:C|ALT	SCN2A	common_snp	ALT	intron
common_snp|SCN2A|2:165245029:C:T|REF	SCN2A	common_snp	REF	intron
common_snp|SCN2A|2:165245029:C:T|ALT	SCN2A	common_snp	ALT	intron
common_snp|SCN2A|2:165245566:C:T|REF	SCN2A	common_snp	REF	intron
common_snp|SCN2A|2:165245566:C:T|ALT	SCN2A	common_snp	ALT	intron
common_snp|SCN2A|2:165246030:C:T|REF	SCN2A	common_snp	REF	intron
common_snp|SCN2A|2:165246030:C:T|ALT	SCN2A	common_snp	ALT	intron
common_snp|SCN2A|2:165246106:T:G|REF	SCN2A	common_snp	REF	intron
common_snp|SCN2A|2:165246106:T:G|ALT	SCN2A	common_snp	ALT	intron
common_snp|SCN2A|2:165246545:T:C|REF	SCN2A	common_snp	REF	intron
common_snp|SCN2A|2:165246545:T:C|ALT	SCN2A	common_snp	ALT	intron
common_snp|SCN2A|2:165248019:A:G|REF	SCN2A	common_snp	REF	intron
common_snp|SCN2A|2:165248019:A:G|ALT	SCN2A	common_snp	ALT	intron
common_snp|SCN2A|2:165248177:A:G|REF	SCN2A	common_snp	REF	intron
common_snp|SCN2A|2:165248177:A:G|ALT	SCN2A	common_snp	ALT	intron
common_snp|SCN2A|2:165248436:C:T|REF	SCN2A	common_snp	REF	intron
common_snp|SCN2A|2:165248436:C:T|ALT	SCN2A	common_snp	ALT	intron
common_snp|SCN2A|2:165248635:T:C|REF	SCN2A	common_snp	REF	intron
common_snp|SCN2A|2:165248635:T:C|ALT	SCN2A	common_snp	ALT	intron
common_snp|SCN2A|2:165249748:A:G|REF	SCN2A	common_snp	REF	intron
common_snp|SCN2A|2:165249748:A:G|ALT	SCN2A	common_snp	ALT	intron
common_snp|SCN2A|2:165250047:C:A|REF	SCN2A	common_snp	REF	intron
common_snp|SCN2A|2:165250047:C:A|ALT	SCN2A	common_snp	ALT	intron
common_snp|SCN2A|2:165250647:A:G|REF	SCN2A	common_snp	REF	intron
common_snp|SCN2A|2:165250647:A:G|ALT	SCN2A	common_snp	ALT	intron
common_snp|SCN2A|2:165251407:A:T|REF	SCN2A	common_snp	REF	intron
common_snp|SCN2A|2:165251407:A:T|ALT	SCN2A	common_snp	ALT	intron
common_snp|SCN2A|2:165252261:T:C|REF	SCN2A	common_snp	REF	intron
common_snp|SCN2A|2:165252261:T:C|ALT	SCN2A	common_snp	ALT	intron
common_snp|SCN2A|2:165252296:C:T|REF	SCN2A	common_snp	REF	intron
common_snp|SCN2A|2:165252296:C:T|ALT	SCN2A	common_snp	ALT	intron
common_snp|SCN2A|2:165253124:A:C|REF	SCN2A	common_snp	REF	intron
common_snp|SCN2A|2:165253124:A:C|ALT	SCN2A	common_snp	ALT	intron
common_snp|SCN2A|2:165254156:T:G|REF	SCN2A	common_snp	REF	intron
common_snp|SCN2A|2:165254156:T:G|ALT	SCN2A	common_snp	ALT	intron
common_snp|SCN2A|2:165254311:G:A|REF	SCN2A	common_snp	REF	intron
common_snp|SCN2A|2:165254311:G:A|ALT	SCN2A	common_snp	ALT	intron
common_snp|SCN2A|2:165255459:G:A|REF	SCN2A	common_snp	REF	intron
common_snp|SCN2A|2:165255459:G:A|ALT	SCN2A	common_snp	ALT	intron
common_snp|SCN2A|2:165256070:G:A|REF	SCN2A	common_snp	REF	intron
common_snp|SCN2A|2:165256070:G:A|ALT	SCN2A	common_snp	ALT	intron
common_snp|SCN2A|2:165257750:G:A|REF	SCN2A	common_snp	REF	intron
common_snp|SCN2A|2:165257750:G:A|ALT	SCN2A	common_snp	ALT	intron
common_snp|SCN2A|2:165258442:G:A|REF	SCN2A	common_snp	REF	intron
common_snp|SCN2A|2:165258442:G:A|ALT	SCN2A	common_snp	ALT	intron
common_snp|SCN2A|2:165258826:C:T|REF	SCN2A	common_snp	REF	intron
common_snp|SCN2A|2:165258826:C:T|ALT	SCN2A	common_snp	ALT	intron
common_snp|SCN2A|2:165259390:C:T|REF	SCN2A	common_snp	REF	intron
common_snp|SCN2A|2:165259390:C:T|ALT	SCN2A	common_snp	ALT	intron
common_snp|SCN2A|2:165259835:T:C|REF	SCN2A	common_snp	REF	intron
common_snp|SCN2A|2:165259835:T:C|ALT	SCN2A	common_snp	ALT	intron
common_snp|SCN2A|2:165260008:G:A|REF	SCN2A	common_snp	REF	intron
common_snp|SCN2A|2:165260008:G:A|ALT	SCN2A	common_snp	ALT	intron
common_snp|SCN2A|2:165260297:G:A|REF	SCN2A	common_snp	REF	intron
common_snp|SCN2A|2:165260297:G:A|ALT	SCN2A	common_snp	ALT	intron
common_snp|SCN2A|2:165261088:G:C|REF	SCN2A	common_snp	REF	intron
common_snp|SCN2A|2:165261088:G:C|ALT	SCN2A	common_snp	ALT	intron
common_snp|SCN2A|2:165261350:T:C|REF	SCN2A	common_snp	REF	intron
common_snp|SCN2A|2:165261350:T:C|ALT	SCN2A	common_snp	ALT	intron
common_snp|SCN2A|2:165261564:C:T|REF	SCN2A	common_snp	REF	intron
common_snp|SCN2A|2:165261564:C:T|ALT	SCN2A	common_snp	ALT	intron
common_snp|SCN2A|2:165261640:A:G|REF	SCN2A	common_snp	REF	intron
common_snp|SCN2A|2:165261640:A:G|ALT	SCN2A	common_snp	ALT	intron
common_snp|SCN2A|2:165263257:C:G|REF	SCN2A	common_snp	REF	intron
common_snp|SCN2A|2:165263257:C:G|ALT	SCN2A	common_snp	ALT	intron
common_snp|SCN2A|2:165263539:G:A|REF	SCN2A	common_snp	REF	intron
common_snp|SCN2A|2:165263539:G:A|ALT	SCN2A	common_snp	ALT	intron
common_snp|SCN2A|2:165263749:G:A|REF	SCN2A	common_snp	REF	intron
common_snp|SCN2A|2:165263749:G:A|ALT	SCN2A	common_snp	ALT	intron
common_snp|SCN2A|2:165264829:T:C|REF	SCN2A	common_snp	REF	intron
common_snp|SCN2A|2:165264829:T:C|ALT	SCN2A	common_snp	ALT	intron
common_snp|SCN2A|2:165265076:C:T|REF	SCN2A	common_snp	REF	intron
common_snp|SCN2A|2:165265076:C:T|ALT	SCN2A	common_snp	ALT	intron
common_snp|SCN2A|2:165265298:G:C|REF	SCN2A	common_snp	REF	intron
common_snp|SCN2A|2:165265298:G:C|ALT	SCN2A	common_snp	ALT	intron
common_snp|SCN2A|2:165265563:G:A|REF	SCN2A	common_snp	REF	intron
common_snp|SCN2A|2:165265563:G:A|ALT	SCN2A	common_snp	ALT	intron
common_snp|SCN2A|2:165265873:G:A|REF	SCN2A	common_snp	REF	intron
common_snp|SCN2A|2:165265873:G:A|ALT	SCN2A	common_snp	ALT	intron
common_snp|SCN2A|2:165265875:C:A|REF	SCN2A	common_snp	REF	intron
common_snp|SCN2A|2:165265875:C:A|ALT	SCN2A	common_snp	ALT	intron
common_snp|SCN2A|2:165266283:C:A|REF	SCN2A	common_snp	REF	intron
common_snp|SCN2A|2:165266283:C:A|ALT	SCN2A	common_snp	ALT	intron
common_snp|SCN2A|2:165267091:G:A|REF	SCN2A	common_snp	REF	intron
common_snp|SCN2A|2:165267091:G:A|ALT	SCN2A	common_snp	ALT	intron
common_snp|SCN2A|2:165267319:C:A|REF	SCN2A	common_snp	REF	intron
common_snp|SCN2A|2:165267319:C:A|ALT	SCN2A	common_snp	ALT	intron
common_snp|SCN2A|2:165267397:G:T|REF	SCN2A	common_snp	REF	intron
common_snp|SCN2A|2:165267397:G:T|ALT	SCN2A	common_snp	ALT	intron
common_snp|SCN2A|2:165267504:T:C|REF	SCN2A	common_snp	REF	intron
common_snp|SCN2A|2:165267504:T:C|ALT	SCN2A	common_snp	ALT	intron
common_snp|SCN2A|2:165267541:T:C|REF	SCN2A	common_snp	REF	intron
common_snp|SCN2A|2:165267541:T:C|ALT	SCN2A	common_snp	ALT	intron
common_snp|SCN2A|2:165267557:G:A|REF	SCN2A	common_snp	REF	intron
common_snp|SCN2A|2:165267557:G:A|ALT	SCN2A	common_snp	ALT	intron
common_snp|SCN2A|2:165267709:G:A|REF	SCN2A	common_snp	REF	intron
common_snp|SCN2A|2:165267709:G:A|ALT	SCN2A	common_snp	ALT	intron
common_snp|SCN2A|2:165268464:A:G|REF	SCN2A	common_snp	REF	intron
common_snp|SCN2A|2:165268464:A:G|ALT	SCN2A	common_snp	ALT	intron
common_snp|SCN2A|2:165268571:C:T|REF	SCN2A	common_snp	REF	intron
common_snp|SCN2A|2:165268571:C:T|ALT	SCN2A	common_snp	ALT	intron
common_snp|SCN2A|2:165268709:C:T|REF	SCN2A	common_snp	REF	intron
common_snp|SCN2A|2:165268709:C:T|ALT	SCN2A	common_snp	ALT	intron
common_snp|SCN2A|2:165268829:T:A|REF	SCN2A	common_snp	REF	intron
common_snp|SCN2A|2:165268829:T:A|ALT	SCN2A	common_snp	ALT	intron
common_snp|SCN2A|2:165268991:A:G|REF	SCN2A	common_snp	REF	intron
common_snp|SCN2A|2:165268991:A:G|ALT	SCN2A	common_snp	ALT	intron
common_snp|SCN2A|2:165269393:G:A|REF	SCN2A	common_snp	REF	intron
common_snp|SCN2A|2:165269393:G:A|ALT	SCN2A	common_snp	ALT	intron
common_snp|SCN2A|2:165269441:C:T|REF	SCN2A	common_snp	REF	intron
common_snp|SCN2A|2:165269441:C:T|ALT	SCN2A	common_snp	ALT	intron
common_snp|SCN2A|2:165270353:A:G|REF	SCN2A	common_snp	REF	intron
common_snp|SCN2A|2:165270353:A:G|ALT	SCN2A	common_snp	ALT	intron
common_snp|SCN2A|2:165270664:G:C|REF	SCN2A	common_snp	REF	intron
common_snp|SCN2A|2:165270664:G:C|ALT	SCN2A	common_snp	ALT	intron
common_snp|SCN2A|2:165270773:C:T|REF	SCN2A	common_snp	REF	intron
common_snp|SCN2A|2:165270773:C:T|ALT	SCN2A	common_snp	ALT	intron
common_snp|SCN2A|2:165271003:C:G|REF	SCN2A	common_snp	REF	intron
common_snp|SCN2A|2:165271003:C:G|ALT	SCN2A	common_snp	ALT	intron
common_snp|SCN2A|2:165271418:G:A|REF	SCN2A	common_snp	REF	intron
common_snp|SCN2A|2:165271418:G:A|ALT	SCN2A	common_snp	ALT	intron
common_snp|SCN2A|2:165271676:A:G|REF	SCN2A	common_snp	REF	intron
common_snp|SCN2A|2:165271676:A:G|ALT	SCN2A	common_snp	ALT	intron
common_snp|SCN2A|2:165272000:G:T|REF	SCN2A	common_snp	REF	intron
common_snp|SCN2A|2:165272000:G:T|ALT	SCN2A	common_snp	ALT	intron
common_snp|SCN2A|2:165272031:A:T|REF	SCN2A	common_snp	REF	intron
common_snp|SCN2A|2:165272031:A:T|ALT	SCN2A	common_snp	ALT	intron
common_snp|SCN2A|2:165272328:G:A|REF	SCN2A	common_snp	REF	intron
common_snp|SCN2A|2:165272328:G:A|ALT	SCN2A	common_snp	ALT	intron
common_snp|SCN2A|2:165272577:A:T|REF	SCN2A	common_snp	REF	intron
common_snp|SCN2A|2:165272577:A:T|ALT	SCN2A	common_snp	ALT	intron
common_snp|SCN2A|2:165272813:G:A|REF	SCN2A	common_snp	REF	intron
common_snp|SCN2A|2:165272813:G:A|ALT	SCN2A	common_snp	ALT	intron
common_snp|SCN2A|2:165272943:T:A|REF	SCN2A	common_snp	REF	intron
common_snp|SCN2A|2:165272943:T:A|ALT	SCN2A	common_snp	ALT	intron
common_snp|SCN2A|2:165273014:C:G|REF	SCN2A	common_snp	REF	intron
common_snp|SCN2A|2:165273014:C:G|ALT	SCN2A	common_snp	ALT	intron
common_snp|SCN2A|2:165273869:C:T|REF	SCN2A	common_snp	REF	intron
common_snp|SCN2A|2:165273869:C:T|ALT	SCN2A	common_snp	ALT	intron
common_snp|SCN2A|2:165274384:G:A|REF	SCN2A	common_snp	REF	intron
common_snp|SCN2A|2:165274384:G:A|ALT	SCN2A	common_snp	ALT	intron
common_snp|SCN2A|2:165275401:T:A|REF	SCN2A	common_snp	REF	intron
common_snp|SCN2A|2:165275401:T:A|ALT	SCN2A	common_snp	ALT	intron
common_snp|SCN2A|2:165275849:G:C|REF	SCN2A	common_snp	REF	intron
common_snp|SCN2A|2:165275849:G:C|ALT	SCN2A	common_snp	ALT	intron
common_snp|SCN2A|2:165276027:T:C|REF	SCN2A	common_snp	REF	intron
common_snp|SCN2A|2:165276027:T:C|ALT	SCN2A	common_snp	ALT	intron
common_snp|SCN2A|2:165276161:G:A|REF	SCN2A	common_snp	REF	intron
common_snp|SCN2A|2:165276161:G:A|ALT	SCN2A	common_snp	ALT	intron
common_snp|SCN2A|2:165277122:C:T|REF	SCN2A	common_snp	REF	intron
common_snp|SCN2A|2:165277122:C:T|ALT	SCN2A	common_snp	ALT	intron
common_snp|SCN2A|2:165277812:C:T|REF	SCN2A	common_snp	REF	intron
common_snp|SCN2A|2:165277812:C:T|ALT	SCN2A	common_snp	ALT	intron
common_snp|SCN2A|2:165278522:A:G|REF	SCN2A	common_snp	REF	intron
common_snp|SCN2A|2:165278522:A:G|ALT	SCN2A	common_snp	ALT	intron
common_snp|SCN2A|2:165278988:A:C|REF	SCN2A	common_snp	REF	intron
common_snp|SCN2A|2:165278988:A:C|ALT	SCN2A	common_snp	ALT	intron
common_snp|SCN2A|2:165279785:G:A|REF	SCN2A	common_snp	REF	intron
common_snp|SCN2A|2:165279785:G:A|ALT	SCN2A	common_snp	ALT	intron
common_snp|SCN2A|2:165280048:G:T|REF	SCN2A	common_snp	REF	intron
common_snp|SCN2A|2:165280048:G:T|ALT	SCN2A	common_snp	ALT	intron
common_snp|SCN2A|2:165280353:G:A|REF	SCN2A	common_snp	REF	intron
common_snp|SCN2A|2:165280353:G:A|ALT	SCN2A	common_snp	ALT	intron
common_snp|SCN2A|2:165280519:T:G|REF	SCN2A	common_snp	REF	intron
common_snp|SCN2A|2:165280519:T:G|ALT	SCN2A	common_snp	ALT	intron
common_snp|SCN2A|2:165280530:T:C|REF	SCN2A	common_snp	REF	intron
common_snp|SCN2A|2:165280530:T:C|ALT	SCN2A	common_snp	ALT	intron
common_snp|SCN2A|2:165280573:C:G|REF	SCN2A	common_snp	REF	intron
common_snp|SCN2A|2:165280573:C:G|ALT	SCN2A	common_snp	ALT	intron
common_snp|SCN2A|2:165280669:A:G|REF	SCN2A	common_snp	REF	intron
common_snp|SCN2A|2:165280669:A:G|ALT	SCN2A	common_snp	ALT	intron
common_snp|SCN2A|2:165282039:C:T|REF	SCN2A	common_snp	REF	intron
common_snp|SCN2A|2:165282039:C:T|ALT	SCN2A	common_snp	ALT	intron
common_snp|SCN2A|2:165282098:A:G|REF	SCN2A	common_snp	REF	intron
common_snp|SCN2A|2:165282098:A:G|ALT	SCN2A	common_snp	ALT	intron
common_snp|SCN2A|2:165282252:G:C|REF	SCN2A	common_snp	REF	intron
common_snp|SCN2A|2:165282252:G:C|ALT	SCN2A	common_snp	ALT	intron
common_snp|SCN2A|2:165282617:T:A|REF	SCN2A	common_snp	REF	intron
common_snp|SCN2A|2:165282617:T:A|ALT	SCN2A	common_snp	ALT	intron
common_snp|SCN2A|2:165283277:C:T|REF	SCN2A	common_snp	REF	intron
common_snp|SCN2A|2:165283277:C:T|ALT	SCN2A	common_snp	ALT	intron
common_snp|SCN2A|2:165283315:T:C|REF	SCN2A	common_snp	REF	intron
common_snp|SCN2A|2:165283315:T:C|ALT	SCN2A	common_snp	ALT	intron
common_snp|SCN2A|2:165283472:C:G|REF	SCN2A	common_snp	REF	intron
common_snp|SCN2A|2:165283472:C:G|ALT	SCN2A	common_snp	ALT	intron
common_snp|SCN2A|2:165283510:T:C|REF	SCN2A	common_snp	REF	intron
common_snp|SCN2A|2:165283510:T:C|ALT	SCN2A	common_snp	ALT	intron
common_snp|SCN2A|2:165283624:A:G|REF	SCN2A	common_snp	REF	intron
common_snp|SCN2A|2:165283624:A:G|ALT	SCN2A	common_snp	ALT	intron
common_snp|SCN2A|2:165283720:T:A|REF	SCN2A	common_snp	REF	intron
common_snp|SCN2A|2:165283720:T:A|ALT	SCN2A	common_snp	ALT	intron
common_snp|SCN2A|2:165284085:C:G|REF	SCN2A	common_snp	REF	intron
common_snp|SCN2A|2:165284085:C:G|ALT	SCN2A	common_snp	ALT	intron
common_snp|SCN2A|2:165284290:C:G|REF	SCN2A	common_snp	REF	intron
common_snp|SCN2A|2:165284290:C:G|ALT	SCN2A	common_snp	ALT	intron
common_snp|SCN2A|2:165284449:G:A|REF	SCN2A	common_snp	REF	intron
common_snp|SCN2A|2:165284449:G:A|ALT	SCN2A	common_snp	ALT	intron
common_snp|SCN2A|2:165285246:G:C|REF	SCN2A	common_snp	REF	intron
common_snp|SCN2A|2:165285246:G:C|ALT	SCN2A	common_snp	ALT	intron
common_snp|SCN2A|2:165287069:G:A|REF	SCN2A	common_snp	REF	intron
common_snp|SCN2A|2:165287069:G:A|ALT	SCN2A	common_snp	ALT	intron
common_snp|SCN2A|2:165288128:C:A|REF	SCN2A	common_snp	REF	intron
common_snp|SCN2A|2:165288128:C:A|ALT	SCN2A	common_snp	ALT	intron
common_snp|SCN2A|2:165288137:T:C|REF	SCN2A	common_snp	REF	intron
common_snp|SCN2A|2:165288137:T:C|ALT	SCN2A	common_snp	ALT	intron
common_snp|SCN2A|2:165288340:G:T|REF	SCN2A	common_snp	REF	intron
common_snp|SCN2A|2:165288340:G:T|ALT	SCN2A	common_snp	ALT	intron
common_snp|SCN2A|2:165288876:G:A|REF	SCN2A	common_snp	REF	intron
common_snp|SCN2A|2:165288876:G:A|ALT	SCN2A	common_snp	ALT	intron
common_snp|SCN2A|2:165289373:A:C|REF	SCN2A	common_snp	REF	intron
common_snp|SCN2A|2:165289373:A:C|ALT	SCN2A	common_snp	ALT	intron
common_snp|SCN2A|2:165289717:T:C|REF	SCN2A	common_snp	REF	intron
common_snp|SCN2A|2:165289717:T:C|ALT	SCN2A	common_snp	ALT	intron
common_snp|SCN2A|2:165290010:C:A|REF	SCN2A	common_snp	REF	intron
common_snp|SCN2A|2:165290010:C:A|ALT	SCN2A	common_snp	ALT	intron
common_snp|SCN2A|2:165290104:T:G|REF	SCN2A	common_snp	REF	intron
common_snp|SCN2A|2:165290104:T:G|ALT	SCN2A	common_snp	ALT	intron
common_snp|SCN2A|2:165291145:G:A|REF	SCN2A	common_snp	REF	intron
common_snp|SCN2A|2:165291145:G:A|ALT	SCN2A	common_snp	ALT	intron
common_snp|SCN2A|2:165291305:G:A|REF	SCN2A	common_snp	REF	intron
common_snp|SCN2A|2:165291305:G:A|ALT	SCN2A	common_snp	ALT	intron
common_snp|SCN2A|2:165291334:G:A|REF	SCN2A	common_snp	REF	intron
common_snp|SCN2A|2:165291334:G:A|ALT	SCN2A	common_snp	ALT	intron
common_snp|SCN2A|2:165291763:C:G|REF	SCN2A	common_snp	REF	intron
common_snp|SCN2A|2:165291763:C:G|ALT	SCN2A	common_snp	ALT	intron
common_snp|SCN2A|2:165291814:A:G|REF	SCN2A	common_snp	REF	intron
common_snp|SCN2A|2:165291814:A:G|ALT	SCN2A	common_snp	ALT	intron
common_snp|SCN2A|2:165291968:C:T|REF	SCN2A	common_snp	REF	intron
common_snp|SCN2A|2:165291968:C:T|ALT	SCN2A	common_snp	ALT	intron
common_snp|SCN2A|2:165292137:C:T|REF	SCN2A	common_snp	REF	intron
common_snp|SCN2A|2:165292137:C:T|ALT	SCN2A	common_snp	ALT	intron
common_snp|SCN2A|2:165292171:A:G|REF	SCN2A	common_snp	REF	intron
common_snp|SCN2A|2:165292171:A:G|ALT	SCN2A	common_snp	ALT	intron
common_snp|SCN2A|2:165292236:A:G|REF	SCN2A	common_snp	REF	intron
common_snp|SCN2A|2:165292236:A:G|ALT	SCN2A	common_snp	ALT	intron
common_snp|SCN2A|2:165292352:T:C|REF	SCN2A	common_snp	REF	intron
common_snp|SCN2A|2:165292352:T:C|ALT	SCN2A	common_snp	ALT	intron
common_snp|SCN2A|2:165292573:T:C|REF	SCN2A	common_snp	REF	intron
common_snp|SCN2A|2:165292573:T:C|ALT	SCN2A	common_snp	ALT	intron
common_snp|SCN2A|2:165292743:C:T|REF	SCN2A	common_snp	REF	intron
common_snp|SCN2A|2:165292743:C:T|ALT	SCN2A	common_snp	ALT	intron
common_snp|SCN2A|2:165292868:A:T|REF	SCN2A	common_snp	REF	intron
common_snp|SCN2A|2:165292868:A:T|ALT	SCN2A	common_snp	ALT	intron
common_snp|SCN2A|2:165293790:G:C|REF	SCN2A	common_snp	REF	intron
common_snp|SCN2A|2:165293790:G:C|ALT	SCN2A	common_snp	ALT	intron
common_snp|SCN2A|2:165294667:T:G|REF	SCN2A	common_snp	REF	intron
common_snp|SCN2A|2:165294667:T:G|ALT	SCN2A	common_snp	ALT	intron
common_snp|SCN2A|2:165295366:A:G|REF	SCN2A	common_snp	REF	intron
common_snp|SCN2A|2:165295366:A:G|ALT	SCN2A	common_snp	ALT	intron
common_snp|SCN2A|2:165295675:A:G|REF	SCN2A	common_snp	REF	intron
common_snp|SCN2A|2:165295675:A:G|ALT	SCN2A	common_snp	ALT	intron
common_snp|SCN2A|2:165296751:T:C|REF	SCN2A	common_snp	REF	intron
common_snp|SCN2A|2:165296751:T:C|ALT	SCN2A	common_snp	ALT	intron
common_snp|SCN2A|2:165296989:A:G|REF	SCN2A	common_snp	REF	intron
common_snp|SCN2A|2:165296989:A:G|ALT	SCN2A	common_snp	ALT	intron
common_snp|SCN2A|2:165298619:G:A|REF	SCN2A	common_snp	REF	intron
common_snp|SCN2A|2:165298619:G:A|ALT	SCN2A	common_snp	ALT	intron
common_snp|SCN2A|2:165298937:A:T|REF	SCN2A	common_snp	REF	intron
common_snp|SCN2A|2:165298937:A:T|ALT	SCN2A	common_snp	ALT	intron
common_snp|SCN2A|2:165299445:T:C|REF	SCN2A	common_snp	REF	intron
common_snp|SCN2A|2:165299445:T:C|ALT	SCN2A	common_snp	ALT	intron
common_snp|SCN2A|2:165299523:G:A|REF	SCN2A	common_snp	REF	intron
common_snp|SCN2A|2:165299523:G:A|ALT	SCN2A	common_snp	ALT	intron
common_snp|SCN2A|2:165299636:G:C|REF	SCN2A	common_snp	REF	intron
common_snp|SCN2A|2:165299636:G:C|ALT	SCN2A	common_snp	ALT	intron
common_snp|SCN2A|2:165299723:A:G|REF	SCN2A	common_snp	REF	intron
common_snp|SCN2A|2:165299723:A:G|ALT	SCN2A	common_snp	ALT	intron
common_snp|SCN2A|2:165299856:G:A|REF	SCN2A	common_snp	REF	intron
common_snp|SCN2A|2:165299856:G:A|ALT	SCN2A	common_snp	ALT	intron
common_snp|SCN2A|2:165300024:A:G|REF	SCN2A	common_snp	REF	intron
common_snp|SCN2A|2:165300024:A:G|ALT	SCN2A	common_snp	ALT	intron
common_snp|SCN2A|2:165300431:A:G|REF	SCN2A	common_snp	REF	intron
common_snp|SCN2A|2:165300431:A:G|ALT	SCN2A	common_snp	ALT	intron
common_snp|SCN2A|2:165300453:A:C|REF	SCN2A	common_snp	REF	intron
common_snp|SCN2A|2:165300453:A:C|ALT	SCN2A	common_snp	ALT	intron
common_snp|SCN2A|2:165300655:C:G|REF	SCN2A	common_snp	REF	intron
common_snp|SCN2A|2:165300655:C:G|ALT	SCN2A	common_snp	ALT	intron
common_snp|SCN2A|2:165300943:G:A|REF	SCN2A	common_snp	REF	intron
common_snp|SCN2A|2:165300943:G:A|ALT	SCN2A	common_snp	ALT	intron
common_snp|SCN2A|2:165302589:A:G|REF	SCN2A	common_snp	REF	intron
common_snp|SCN2A|2:165302589:A:G|ALT	SCN2A	common_snp	ALT	intron
common_snp|SCN2A|2:165303006:G:T|REF	SCN2A	common_snp	REF	intron
common_snp|SCN2A|2:165303006:G:T|ALT	SCN2A	common_snp	ALT	intron
common_snp|SCN2A|2:165303176:C:T|REF	SCN2A	common_snp	REF	intron
common_snp|SCN2A|2:165303176:C:T|ALT	SCN2A	common_snp	ALT	intron
common_snp|SCN2A|2:165303678:G:A|REF	SCN2A	common_snp	REF	intron
common_snp|SCN2A|2:165303678:G:A|ALT	SCN2A	common_snp	ALT	intron
common_snp|SCN2A|2:165304002:G:A|REF	SCN2A	common_snp	REF	intron
common_snp|SCN2A|2:165304002:G:A|ALT	SCN2A	common_snp	ALT	intron
common_snp|SCN2A|2:165304023:T:C|REF	SCN2A	common_snp	REF	intron
common_snp|SCN2A|2:165304023:T:C|ALT	SCN2A	common_snp	ALT	intron
common_snp|SCN2A|2:165304446:G:A|REF	SCN2A	common_snp	REF	intron
common_snp|SCN2A|2:165304446:G:A|ALT	SCN2A	common_snp	ALT	intron
common_snp|SCN2A|2:165304831:A:G|REF	SCN2A	common_snp	REF	intron
common_snp|SCN2A|2:165304831:A:G|ALT	SCN2A	common_snp	ALT	intron
common_snp|SCN2A|2:165305213:T:C|REF	SCN2A	common_snp	REF	intron
common_snp|SCN2A|2:165305213:T:C|ALT	SCN2A	common_snp	ALT	intron
common_snp|SCN2A|2:165305438:C:T|REF	SCN2A	common_snp	REF	intron
common_snp|SCN2A|2:165305438:C:T|ALT	SCN2A	common_snp	ALT	intron
common_snp|SCN2A|2:165305624:A:G|REF	SCN2A	common_snp	REF	intron
common_snp|SCN2A|2:165305624:A:G|ALT	SCN2A	common_snp	ALT	intron
common_snp|SCN2A|2:165306077:A:G|REF	SCN2A	common_snp	REF	intron
common_snp|SCN2A|2:165306077:A:G|ALT	SCN2A	common_snp	ALT	intron
common_snp|SCN2A|2:165306195:G:A|REF	SCN2A	common_snp	REF	intron
common_snp|SCN2A|2:165306195:G:A|ALT	SCN2A	common_snp	ALT	intron
common_snp|SCN2A|2:165306403:C:T|REF	SCN2A	common_snp	REF	intron
common_snp|SCN2A|2:165306403:C:T|ALT	SCN2A	common_snp	ALT	intron
common_snp|SCN2A|2:165306520:G:A|REF	SCN2A	common_snp	REF	intron
common_snp|SCN2A|2:165306520:G:A|ALT	SCN2A	common_snp	ALT	intron
common_snp|SCN2A|2:165306680:A:T|REF	SCN2A	common_snp	REF	intron
common_snp|SCN2A|2:165306680:A:T|ALT	SCN2A	common_snp	ALT	intron
common_snp|SCN2A|2:165307150:T:A|REF	SCN2A	common_snp	REF	intron
common_snp|SCN2A|2:165307150:T:A|ALT	SCN2A	common_snp	ALT	intron
common_snp|SCN2A|2:165307157:C:T|REF	SCN2A	common_snp	REF	intron
common_snp|SCN2A|2:165307157:C:T|ALT	SCN2A	common_snp	ALT	intron
common_snp|SCN2A|2:165308377:G:A|REF	SCN2A	common_snp	REF	intron
common_snp|SCN2A|2:165308377:G:A|ALT	SCN2A	common_snp	ALT	intron
common_snp|SCN2A|2:165309766:A:C|REF	SCN2A	common_snp	REF	intron
common_snp|SCN2A|2:165309766:A:C|ALT	SCN2A	common_snp	ALT	intron
common_snp|SCN2A|2:165309927:T:G|REF	SCN2A	common_snp	REF	intron
common_snp|SCN2A|2:165309927:T:G|ALT	SCN2A	common_snp	ALT	intron
common_snp|SCN2A|2:165309946:C:T|REF	SCN2A	common_snp	REF	intron
common_snp|SCN2A|2:165309946:C:T|ALT	SCN2A	common_snp	ALT	intron
common_snp|SCN2A|2:165310162:C:T|REF	SCN2A	common_snp	REF	intron
common_snp|SCN2A|2:165310162:C:T|ALT	SCN2A	common_snp	ALT	intron
common_snp|SCN2A|2:165310656:T:A|REF	SCN2A	common_snp	REF	intron
common_snp|SCN2A|2:165310656:T:A|ALT	SCN2A	common_snp	ALT	intron
common_snp|SCN2A|2:165311559:G:A|REF	SCN2A	common_snp	REF	intron
common_snp|SCN2A|2:165311559:G:A|ALT	SCN2A	common_snp	ALT	intron
common_snp|SCN2A|2:165313108:T:C|REF	SCN2A	common_snp	REF	intron
common_snp|SCN2A|2:165313108:T:C|ALT	SCN2A	common_snp	ALT	intron
common_snp|SCN2A|2:165313563:A:G|REF	SCN2A	common_snp	REF	intron
common_snp|SCN2A|2:165313563:A:G|ALT	SCN2A	common_snp	ALT	intron
common_snp|SCN2A|2:165313617:T:C|REF	SCN2A	common_snp	REF	intron
common_snp|SCN2A|2:165313617:T:C|ALT	SCN2A	common_snp	ALT	intron
common_snp|SCN2A|2:165314587:C:G|REF	SCN2A	common_snp	REF	intron
common_snp|SCN2A|2:165314587:C:G|ALT	SCN2A	common_snp	ALT	intron
common_snp|SCN2A|2:165314807:G:T|REF	SCN2A	common_snp	REF	intron
common_snp|SCN2A|2:165314807:G:T|ALT	SCN2A	common_snp	ALT	intron
common_snp|SCN2A|2:165315807:A:G|REF	SCN2A	common_snp	REF	intron
common_snp|SCN2A|2:165315807:A:G|ALT	SCN2A	common_snp	ALT	intron
common_snp|SCN2A|2:165317404:A:T|REF	SCN2A	common_snp	REF	intron
common_snp|SCN2A|2:165317404:A:T|ALT	SCN2A	common_snp	ALT	intron
common_snp|SCN2A|2:165318801:C:T|REF	SCN2A	common_snp	REF	intron
common_snp|SCN2A|2:165318801:C:T|ALT	SCN2A	common_snp	ALT	intron
common_snp|SCN2A|2:165318819:C:G|REF	SCN2A	common_snp	REF	intron
common_snp|SCN2A|2:165318819:C:G|ALT	SCN2A	common_snp	ALT	intron
common_snp|SCN2A|2:165319355:A:T|REF	SCN2A	common_snp	REF	intron
common_snp|SCN2A|2:165319355:A:T|ALT	SCN2A	common_snp	ALT	intron
common_snp|SCN2A|2:165319772:C:G|REF	SCN2A	common_snp	REF	intron
common_snp|SCN2A|2:165319772:C:G|ALT	SCN2A	common_snp	ALT	intron
common_snp|SCN2A|2:165320268:T:C|REF	SCN2A	common_snp	REF	intron
common_snp|SCN2A|2:165320268:T:C|ALT	SCN2A	common_snp	ALT	intron
common_snp|SCN2A|2:165320870:C:G|REF	SCN2A	common_snp	REF	intron
common_snp|SCN2A|2:165320870:C:G|ALT	SCN2A	common_snp	ALT	intron
common_snp|SCN2A|2:165321354:C:T|REF	SCN2A	common_snp	REF	intron
common_snp|SCN2A|2:165321354:C:T|ALT	SCN2A	common_snp	ALT	intron
common_snp|SCN2A|2:165321462:G:C|REF	SCN2A	common_snp	REF	intron
common_snp|SCN2A|2:165321462:G:C|ALT	SCN2A	common_snp	ALT	intron
common_snp|SCN2A|2:165321622:T:G|REF	SCN2A	common_snp	REF	intron
common_snp|SCN2A|2:165321622:T:G|ALT	SCN2A	common_snp	ALT	intron
common_snp|SCN2A|2:165322227:A:G|REF	SCN2A	common_snp	REF	intron
common_snp|SCN2A|2:165322227:A:G|ALT	SCN2A	common_snp	ALT	intron
common_snp|SCN2A|2:165322847:C:A|REF	SCN2A	common_snp	REF	intron
common_snp|SCN2A|2:165322847:C:A|ALT	SCN2A	common_snp	ALT	intron
common_snp|SCN2A|2:165323140:C:T|REF	SCN2A	common_snp	REF	intron
common_snp|SCN2A|2:165323140:C:T|ALT	SCN2A	common_snp	ALT	intron
common_snp|SCN2A|2:165324262:A:G|REF	SCN2A	common_snp	REF	intron
common_snp|SCN2A|2:165324262:A:G|ALT	SCN2A	common_snp	ALT	intron
common_snp|SCN2A|2:165325844:T:C|REF	SCN2A	common_snp	REF	intron
common_snp|SCN2A|2:165325844:T:C|ALT	SCN2A	common_snp	ALT	intron
common_snp|SCN2A|2:165326704:G:T|REF	SCN2A	common_snp	REF	intron
common_snp|SCN2A|2:165326704:G:T|ALT	SCN2A	common_snp	ALT	intron
common_snp|SCN2A|2:165327503:A:C|REF	SCN2A	common_snp	REF	intron
common_snp|SCN2A|2:165327503:A:C|ALT	SCN2A	common_snp	ALT	intron
common_snp|SCN2A|2:165327874:A:G|REF	SCN2A	common_snp	REF	intron
common_snp|SCN2A|2:165327874:A:G|ALT	SCN2A	common_snp	ALT	intron
common_snp|SCN2A|2:165328730:A:G|REF	SCN2A	common_snp	REF	intron
common_snp|SCN2A|2:165328730:A:G|ALT	SCN2A	common_snp	ALT	intron
common_snp|SCN2A|2:165328783:C:T|REF	SCN2A	common_snp	REF	intron
common_snp|SCN2A|2:165328783:C:T|ALT	SCN2A	common_snp	ALT	intron
common_snp|SCN2A|2:165329197:A:T|REF	SCN2A	common_snp	REF	intron
common_snp|SCN2A|2:165329197:A:T|ALT	SCN2A	common_snp	ALT	intron
common_snp|SCN2A|2:165329211:A:C|REF	SCN2A	common_snp	REF	intron
common_snp|SCN2A|2:165329211:A:C|ALT	SCN2A	common_snp	ALT	intron
common_snp|SCN2A|2:165329494:G:C|REF	SCN2A	common_snp	REF	intron
common_snp|SCN2A|2:165329494:G:C|ALT	SCN2A	common_snp	ALT	intron
common_snp|SCN2A|2:165329698:C:A|REF	SCN2A	common_snp	REF	intron
common_snp|SCN2A|2:165329698:C:A|ALT	SCN2A	common_snp	ALT	intron
common_snp|SCN2A|2:165329766:A:G|REF	SCN2A	common_snp	REF	intron
common_snp|SCN2A|2:165329766:A:G|ALT	SCN2A	common_snp	ALT	intron
common_snp|SCN2A|2:165329999:T:C|REF	SCN2A	common_snp	REF	intron
common_snp|SCN2A|2:165329999:T:C|ALT	SCN2A	common_snp	ALT	intron
common_snp|SCN2A|2:165330368:T:A|REF	SCN2A	common_snp	REF	intron
common_snp|SCN2A|2:165330368:T:A|ALT	SCN2A	common_snp	ALT	intron
common_snp|SCN2A|2:165330413:A:G|REF	SCN2A	common_snp	REF	intron
common_snp|SCN2A|2:165330413:A:G|ALT	SCN2A	common_snp	ALT	intron
common_snp|SCN2A|2:165331024:T:C|REF	SCN2A	common_snp	REF	intron
common_snp|SCN2A|2:165331024:T:C|ALT	SCN2A	common_snp	ALT	intron
common_snp|SCN2A|2:165331125:T:G|REF	SCN2A	common_snp	REF	intron
common_snp|SCN2A|2:165331125:T:G|ALT	SCN2A	common_snp	ALT	intron
common_snp|SCN2A|2:165332184:C:T|REF	SCN2A	common_snp	REF	intron
common_snp|SCN2A|2:165332184:C:T|ALT	SCN2A	common_snp	ALT	intron
common_snp|SCN2A|2:165332189:A:T|REF	SCN2A	common_snp	REF	intron
common_snp|SCN2A|2:165332189:A:T|ALT	SCN2A	common_snp	ALT	intron
common_snp|SCN2A|2:165332837:C:A|REF	SCN2A	common_snp	REF	intron
common_snp|SCN2A|2:165332837:C:A|ALT	SCN2A	common_snp	ALT	intron
common_snp|SCN2A|2:165332968:A:C|REF	SCN2A	common_snp	REF	intron
common_snp|SCN2A|2:165332968:A:C|ALT	SCN2A	common_snp	ALT	intron
common_snp|SCN2A|2:165333130:C:T|REF	SCN2A	common_snp	REF	intron
common_snp|SCN2A|2:165333130:C:T|ALT	SCN2A	common_snp	ALT	intron
common_snp|SCN2A|2:165333732:T:G|REF	SCN2A	common_snp	REF	intron
common_snp|SCN2A|2:165333732:T:G|ALT	SCN2A	common_snp	ALT	intron
common_snp|SCN2A|2:165333782:A:G|REF	SCN2A	common_snp	REF	intron
common_snp|SCN2A|2:165333782:A:G|ALT	SCN2A	common_snp	ALT	intron
common_snp|SCN2A|2:165334023:T:G|REF	SCN2A	common_snp	REF	intron
common_snp|SCN2A|2:165334023:T:G|ALT	SCN2A	common_snp	ALT	intron
common_snp|SCN2A|2:165334139:T:C|REF	SCN2A	common_snp	REF	intron
common_snp|SCN2A|2:165334139:T:C|ALT	SCN2A	common_snp	ALT	intron
common_snp|SCN2A|2:165334238:A:T|REF	SCN2A	common_snp	REF	intron
common_snp|SCN2A|2:165334238:A:T|ALT	SCN2A	common_snp	ALT	intron
common_snp|SCN2A|2:165334371:A:T|REF	SCN2A	common_snp	REF	intron
common_snp|SCN2A|2:165334371:A:T|ALT	SCN2A	common_snp	ALT	intron
common_snp|SCN2A|2:165334457:T:A|REF	SCN2A	common_snp	REF	intron
common_snp|SCN2A|2:165334457:T:A|ALT	SCN2A	common_snp	ALT	intron
common_snp|SCN2A|2:165334954:C:A|REF	SCN2A	common_snp	REF	intron
common_snp|SCN2A|2:165334954:C:A|ALT	SCN2A	common_snp	ALT	intron
common_snp|SCN2A|2:165335204:G:A|REF	SCN2A	common_snp	REF	intron
common_snp|SCN2A|2:165335204:G:A|ALT	SCN2A	common_snp	ALT	intron
common_snp|SCN2A|2:165335780:C:T|REF	SCN2A	common_snp	REF	intron
common_snp|SCN2A|2:165335780:C:T|ALT	SCN2A	common_snp	ALT	intron
common_snp|SCN2A|2:165335893:C:A|REF	SCN2A	common_snp	REF	intron
common_snp|SCN2A|2:165335893:C:A|ALT	SCN2A	common_snp	ALT	intron
common_snp|SCN2A|2:165336207:G:A|REF	SCN2A	common_snp	REF	intron
common_snp|SCN2A|2:165336207:G:A|ALT	SCN2A	common_snp	ALT	intron
common_snp|SCN2A|2:165336223:A:G|REF	SCN2A	common_snp	REF	intron
common_snp|SCN2A|2:165336223:A:G|ALT	SCN2A	common_snp	ALT	intron
common_snp|SCN2A|2:165336450:T:A|REF	SCN2A	common_snp	REF	intron
common_snp|SCN2A|2:165336450:T:A|ALT	SCN2A	common_snp	ALT	intron
common_snp|SCN2A|2:165336897:A:T|REF	SCN2A	common_snp	REF	intron
common_snp|SCN2A|2:165336897:A:T|ALT	SCN2A	common_snp	ALT	intron
common_snp|SCN2A|2:165336935:G:A|REF	SCN2A	common_snp	REF	intron
common_snp|SCN2A|2:165336935:G:A|ALT	SCN2A	common_snp	ALT	intron
common_snp|SCN2A|2:165337455:C:A|REF	SCN2A	common_snp	REF	intron
common_snp|SCN2A|2:165337455:C:A|ALT	SCN2A	common_snp	ALT	intron
common_snp|SCN2A|2:165338283:G:T|REF	SCN2A	common_snp	REF	intron
common_snp|SCN2A|2:165338283:G:T|ALT	SCN2A	common_snp	ALT	intron
common_snp|SCN2A|2:165338306:C:T|REF	SCN2A	common_snp	REF	intron
common_snp|SCN2A|2:165338306:C:T|ALT	SCN2A	common_snp	ALT	intron
common_snp|SCN2A|2:165339659:A:T|REF	SCN2A	common_snp	REF	intron
common_snp|SCN2A|2:165339659:A:T|ALT	SCN2A	common_snp	ALT	intron
common_snp|SCN2A|2:165339704:A:C|REF	SCN2A	common_snp	REF	intron
common_snp|SCN2A|2:165339704:A:C|ALT	SCN2A	common_snp	ALT	intron
common_snp|SCN2A|2:165340171:T:A|REF	SCN2A	common_snp	REF	intron
common_snp|SCN2A|2:165340171:T:A|ALT	SCN2A	common_snp	ALT	intron
common_snp|SCN2A|2:165340411:A:G|REF	SCN2A	common_snp	REF	intron
common_snp|SCN2A|2:165340411:A:G|ALT	SCN2A	common_snp	ALT	intron
common_snp|SCN2A|2:165340717:T:C|REF	SCN2A	common_snp	REF	intron
common_snp|SCN2A|2:165340717:T:C|ALT	SCN2A	common_snp	ALT	intron
common_snp|SCN2A|2:165341187:G:C|REF	SCN2A	common_snp	REF	intron
common_snp|SCN2A|2:165341187:G:C|ALT	SCN2A	common_snp	ALT	intron
common_snp|SCN2A|2:165341255:G:A|REF	SCN2A	common_snp	REF	intron
common_snp|SCN2A|2:165341255:G:A|ALT	SCN2A	common_snp	ALT	intron
common_snp|SCN2A|2:165341267:G:A|REF	SCN2A	common_snp	REF	intron
common_snp|SCN2A|2:165341267:G:A|ALT	SCN2A	common_snp	ALT	intron
common_snp|SCN2A|2:165341425:C:G|REF	SCN2A	common_snp	REF	intron
common_snp|SCN2A|2:165341425:C:G|ALT	SCN2A	common_snp	ALT	intron
common_snp|SCN2A|2:165341477:T:G|REF	SCN2A	common_snp	REF	intron
common_snp|SCN2A|2:165341477:T:G|ALT	SCN2A	common_snp	ALT	intron
common_snp|SCN2A|2:165341674:G:C|REF	SCN2A	common_snp	REF	intron
common_snp|SCN2A|2:165341674:G:C|ALT	SCN2A	common_snp	ALT	intron
common_snp|SCN2A|2:165341709:G:A|REF	SCN2A	common_snp	REF	intron
common_snp|SCN2A|2:165341709:G:A|ALT	SCN2A	common_snp	ALT	intron
common_snp|SCN2A|2:165342016:A:G|REF	SCN2A	common_snp	REF	intron
common_snp|SCN2A|2:165342016:A:G|ALT	SCN2A	common_snp	ALT	intron
common_snp|SCN2A|2:165342774:T:A|REF	SCN2A	common_snp	REF	intron
common_snp|SCN2A|2:165342774:T:A|ALT	SCN2A	common_snp	ALT	intron
common_snp|SCN2A|2:165342877:T:C|REF	SCN2A	common_snp	REF	intron
common_snp|SCN2A|2:165342877:T:C|ALT	SCN2A	common_snp	ALT	intron
common_snp|SCN2A|2:165344371:A:G|REF	SCN2A	common_snp	REF	intron
common_snp|SCN2A|2:165344371:A:G|ALT	SCN2A	common_snp	ALT	intron
common_snp|SCN2A|2:165346587:A:G|REF	SCN2A	common_snp	REF	intron
common_snp|SCN2A|2:165346587:A:G|ALT	SCN2A	common_snp	ALT	intron
common_snp|SCN2A|2:165349436:A:G|REF	SCN2A	common_snp	REF	intron
common_snp|SCN2A|2:165349436:A:G|ALT	SCN2A	common_snp	ALT	intron
common_snp|SCN2A|2:165349510:A:T|REF	SCN2A	common_snp	REF	intron
common_snp|SCN2A|2:165349510:A:T|ALT	SCN2A	common_snp	ALT	intron
common_snp|SCN2A|2:165350496:C:T|REF	SCN2A	common_snp	REF	intron
common_snp|SCN2A|2:165350496:C:T|ALT	SCN2A	common_snp	ALT	intron
common_snp|SCN2A|2:165350512:G:A|REF	SCN2A	common_snp	REF	intron
common_snp|SCN2A|2:165350512:G:A|ALT	SCN2A	common_snp	ALT	intron
common_snp|SCN2A|2:165350630:A:G|REF	SCN2A	common_snp	REF	intron
common_snp|SCN2A|2:165350630:A:G|ALT	SCN2A	common_snp	ALT	intron
common_snp|SCN2A|2:165350765:G:A|REF	SCN2A	common_snp	REF	intron
common_snp|SCN2A|2:165350765:G:A|ALT	SCN2A	common_snp	ALT	intron
common_snp|SCN2A|2:165350832:C:T|REF	SCN2A	common_snp	REF	intron
common_snp|SCN2A|2:165350832:C:T|ALT	SCN2A	common_snp	ALT	intron
common_snp|SCN2A|2:165351251:G:A|REF	SCN2A	common_snp	REF	intron
common_snp|SCN2A|2:165351251:G:A|ALT	SCN2A	common_snp	ALT	intron
common_snp|SCN2A|2:165351367:G:C|REF	SCN2A	common_snp	REF	intron
common_snp|SCN2A|2:165351367:G:C|ALT	SCN2A	common_snp	ALT	intron
common_snp|SCN2A|2:165351539:A:G|REF	SCN2A	common_snp	REF	intron
common_snp|SCN2A|2:165351539:A:G|ALT	SCN2A	common_snp	ALT	intron
common_snp|SCN2A|2:165351634:C:T|REF	SCN2A	common_snp	REF	intron
common_snp|SCN2A|2:165351634:C:T|ALT	SCN2A	common_snp	ALT	intron
common_snp|SCN2A|2:165351914:A:T|REF	SCN2A	common_snp	REF	intron
common_snp|SCN2A|2:165351914:A:T|ALT	SCN2A	common_snp	ALT	intron
common_snp|SCN2A|2:165352228:T:A|REF	SCN2A	common_snp	REF	intron
common_snp|SCN2A|2:165352228:T:A|ALT	SCN2A	common_snp	ALT	intron
common_snp|SCN2A|2:165352252:T:A|REF	SCN2A	common_snp	REF	intron
common_snp|SCN2A|2:165352252:T:A|ALT	SCN2A	common_snp	ALT	intron
common_snp|SCN2A|2:165352795:T:C|REF	SCN2A	common_snp	REF	intron
common_snp|SCN2A|2:165352795:T:C|ALT	SCN2A	common_snp	ALT	intron
common_snp|SCN2A|2:165354905:C:T|REF	SCN2A	common_snp	REF	intron
common_snp|SCN2A|2:165354905:C:T|ALT	SCN2A	common_snp	ALT	intron
common_snp|SCN2A|2:165355599:T:C|REF	SCN2A	common_snp	REF	intron
common_snp|SCN2A|2:165355599:T:C|ALT	SCN2A	common_snp	ALT	intron
common_snp|SCN2A|2:165355701:A:T|REF	SCN2A	common_snp	REF	intron
common_snp|SCN2A|2:165355701:A:T|ALT	SCN2A	common_snp	ALT	intron
common_snp|SCN2A|2:165356285:G:A|REF	SCN2A	common_snp	REF	intron
common_snp|SCN2A|2:165356285:G:A|ALT	SCN2A	common_snp	ALT	intron
common_snp|SCN2A|2:165356787:T:G|REF	SCN2A	common_snp	REF	intron
common_snp|SCN2A|2:165356787:T:G|ALT	SCN2A	common_snp	ALT	intron
common_snp|SCN2A|2:165357563:G:A|REF	SCN2A	common_snp	REF	intron
common_snp|SCN2A|2:165357563:G:A|ALT	SCN2A	common_snp	ALT	intron
common_snp|SCN2A|2:165357740:G:A|REF	SCN2A	common_snp	REF	intron
common_snp|SCN2A|2:165357740:G:A|ALT	SCN2A	common_snp	ALT	intron
common_snp|SCN2A|2:165358401:G:A|REF	SCN2A	common_snp	REF	intron
common_snp|SCN2A|2:165358401:G:A|ALT	SCN2A	common_snp	ALT	intron
common_snp|SCN2A|2:165358546:A:C|REF	SCN2A	common_snp	REF	intron
common_snp|SCN2A|2:165358546:A:C|ALT	SCN2A	common_snp	ALT	intron
common_snp|SCN2A|2:165358948:A:T|REF	SCN2A	common_snp	REF	intron
common_snp|SCN2A|2:165358948:A:T|ALT	SCN2A	common_snp	ALT	intron
common_snp|SCN2A|2:165360703:C:T|REF	SCN2A	common_snp	REF	intron
common_snp|SCN2A|2:165360703:C:T|ALT	SCN2A	common_snp	ALT	intron
common_snp|SCN2A|2:165361594:C:T|REF	SCN2A	common_snp	REF	intron
common_snp|SCN2A|2:165361594:C:T|ALT	SCN2A	common_snp	ALT	intron
common_snp|SCN2A|2:165361949:T:C|REF	SCN2A	common_snp	REF	intron
common_snp|SCN2A|2:165361949:T:C|ALT	SCN2A	common_snp	ALT	intron
common_snp|SCN2A|2:165362382:A:G|REF	SCN2A	common_snp	REF	intron
common_snp|SCN2A|2:165362382:A:G|ALT	SCN2A	common_snp	ALT	intron
common_snp|SCN2A|2:165362760:A:G|REF	SCN2A	common_snp	REF	intron
common_snp|SCN2A|2:165362760:A:G|ALT	SCN2A	common_snp	ALT	intron
common_snp|SCN2A|2:165363025:C:T|REF	SCN2A	common_snp	REF	intron
common_snp|SCN2A|2:165363025:C:T|ALT	SCN2A	common_snp	ALT	intron
common_snp|SCN2A|2:165363235:G:C|REF	SCN2A	common_snp	REF	intron
common_snp|SCN2A|2:165363235:G:C|ALT	SCN2A	common_snp	ALT	intron
common_snp|SCN2A|2:165363440:C:T|REF	SCN2A	common_snp	REF	intron
common_snp|SCN2A|2:165363440:C:T|ALT	SCN2A	common_snp	ALT	intron
common_snp|SCN2A|2:165364799:A:G|REF	SCN2A	common_snp	REF	intron
common_snp|SCN2A|2:165364799:A:G|ALT	SCN2A	common_snp	ALT	intron
common_snp|SCN2A|2:165365072:C:T|REF	SCN2A	common_snp	REF	intron
common_snp|SCN2A|2:165365072:C:T|ALT	SCN2A	common_snp	ALT	intron
common_snp|SCN2A|2:165365762:C:T|REF	SCN2A	common_snp	REF	intron
common_snp|SCN2A|2:165365762:C:T|ALT	SCN2A	common_snp	ALT	intron
common_snp|SCN2A|2:165366057:T:C|REF	SCN2A	common_snp	REF	intron
common_snp|SCN2A|2:165366057:T:C|ALT	SCN2A	common_snp	ALT	intron
common_snp|SCN2A|2:165366175:T:G|REF	SCN2A	common_snp	REF	intron
common_snp|SCN2A|2:165366175:T:G|ALT	SCN2A	common_snp	ALT	intron
common_snp|SCN2A|2:165366348:C:T|REF	SCN2A	common_snp	REF	intron
common_snp|SCN2A|2:165366348:C:T|ALT	SCN2A	common_snp	ALT	intron
common_snp|SCN2A|2:165367537:G:A|REF	SCN2A	common_snp	REF	intron
common_snp|SCN2A|2:165367537:G:A|ALT	SCN2A	common_snp	ALT	intron
common_snp|SCN2A|2:165367595:A:C|REF	SCN2A	common_snp	REF	intron
common_snp|SCN2A|2:165367595:A:C|ALT	SCN2A	common_snp	ALT	intron
common_snp|SCN2A|2:165367665:G:C|REF	SCN2A	common_snp	REF	intron
common_snp|SCN2A|2:165367665:G:C|ALT	SCN2A	common_snp	ALT	intron
common_snp|SCN2A|2:165367696:G:A|REF	SCN2A	common_snp	REF	intron
common_snp|SCN2A|2:165367696:G:A|ALT	SCN2A	common_snp	ALT	intron
common_snp|SCN2A|2:165368443:G:A|REF	SCN2A	common_snp	REF	intron
common_snp|SCN2A|2:165368443:G:A|ALT	SCN2A	common_snp	ALT	intron
common_snp|SCN2A|2:165368454:A:G|REF	SCN2A	common_snp	REF	intron
common_snp|SCN2A|2:165368454:A:G|ALT	SCN2A	common_snp	ALT	intron
common_snp|SCN2A|2:165369259:G:A|REF	SCN2A	common_snp	REF	intron
common_snp|SCN2A|2:165369259:G:A|ALT	SCN2A	common_snp	ALT	intron
common_snp|SCN2A|2:165369503:C:T|REF	SCN2A	common_snp	REF	intron
common_snp|SCN2A|2:165369503:C:T|ALT	SCN2A	common_snp	ALT	intron
common_snp|SCN2A|2:165369704:A:G|REF	SCN2A	common_snp	REF	intron
common_snp|SCN2A|2:165369704:A:G|ALT	SCN2A	common_snp	ALT	intron
common_snp|SCN2A|2:165369848:G:C|REF	SCN2A	common_snp	REF	intron
common_snp|SCN2A|2:165369848:G:C|ALT	SCN2A	common_snp	ALT	intron
common_snp|SCN2A|2:165370468:A:G|REF	SCN2A	common_snp	REF	intron
common_snp|SCN2A|2:165370468:A:G|ALT	SCN2A	common_snp	ALT	intron
common_snp|SCN2A|2:165370540:T:G|REF	SCN2A	common_snp	REF	intron
common_snp|SCN2A|2:165370540:T:G|ALT	SCN2A	common_snp	ALT	intron
common_snp|SCN2A|2:165370597:A:G|REF	SCN2A	common_snp	REF	intron
common_snp|SCN2A|2:165370597:A:G|ALT	SCN2A	common_snp	ALT	intron
common_snp|SCN2A|2:165370980:A:C|REF	SCN2A	common_snp	REF	intron
common_snp|SCN2A|2:165370980:A:C|ALT	SCN2A	common_snp	ALT	intron
common_snp|SCN2A|2:165371211:C:A|REF	SCN2A	common_snp	REF	intron
common_snp|SCN2A|2:165371211:C:A|ALT	SCN2A	common_snp	ALT	intron
common_snp|SCN2A|2:165371362:A:G|REF	SCN2A	common_snp	REF	intron
common_snp|SCN2A|2:165371362:A:G|ALT	SCN2A	common_snp	ALT	intron
common_snp|SCN2A|2:165371709:A:G|REF	SCN2A	common_snp	REF	intron
common_snp|SCN2A|2:165371709:A:G|ALT	SCN2A	common_snp	ALT	intron
common_snp|SCN2A|2:165371848:G:A|REF	SCN2A	common_snp	REF	intron
common_snp|SCN2A|2:165371848:G:A|ALT	SCN2A	common_snp	ALT	intron
common_snp|SCN2A|2:165372739:G:A|REF	SCN2A	common_snp	REF	intron
common_snp|SCN2A|2:165372739:G:A|ALT	SCN2A	common_snp	ALT	intron
common_snp|SCN2A|2:165372886:A:G|REF	SCN2A	common_snp	REF	intron
common_snp|SCN2A|2:165372886:A:G|ALT	SCN2A	common_snp	ALT	intron
common_snp|SCN2A|2:165372999:C:T|REF	SCN2A	common_snp	REF	intron
common_snp|SCN2A|2:165372999:C:T|ALT	SCN2A	common_snp	ALT	intron
common_snp|SCN2A|2:165373420:T:A|REF	SCN2A	common_snp	REF	intron
common_snp|SCN2A|2:165373420:T:A|ALT	SCN2A	common_snp	ALT	intron
common_snp|SCN2A|2:165375124:A:G|REF	SCN2A	common_snp	REF	intron
common_snp|SCN2A|2:165375124:A:G|ALT	SCN2A	common_snp	ALT	intron
common_snp|SCN2A|2:165375406:T:C|REF	SCN2A	common_snp	REF	intron
common_snp|SCN2A|2:165375406:T:C|ALT	SCN2A	common_snp	ALT	intron
common_snp|SCN2A|2:165375500:A:G|REF	SCN2A	common_snp	REF	intron
common_snp|SCN2A|2:165375500:A:G|ALT	SCN2A	common_snp	ALT	intron
common_snp|SCN2A|2:165375753:G:A|REF	SCN2A	common_snp	REF	intron
common_snp|SCN2A|2:165375753:G:A|ALT	SCN2A	common_snp	ALT	intron
common_snp|SCN2A|2:165376217:A:T|REF	SCN2A	common_snp	REF	intron
common_snp|SCN2A|2:165376217:A:T|ALT	SCN2A	common_snp	ALT	intron
common_snp|SCN2A|2:165377566:A:G|REF	SCN2A	common_snp	REF	intron
common_snp|SCN2A|2:165377566:A:G|ALT	SCN2A	common_snp	ALT	intron
common_snp|SCN2A|2:165378122:C:T|REF	SCN2A	common_snp	REF	intron
common_snp|SCN2A|2:165378122:C:T|ALT	SCN2A	common_snp	ALT	intron
common_snp|SCN2A|2:165378469:T:C|REF	SCN2A	common_snp	REF	intron
common_snp|SCN2A|2:165378469:T:C|ALT	SCN2A	common_snp	ALT	intron
common_snp|SCN2A|2:165378764:C:T|REF	SCN2A	common_snp	REF	intron
common_snp|SCN2A|2:165378764:C:T|ALT	SCN2A	common_snp	ALT	intron
common_snp|SCN2A|2:165380987:T:C|REF	SCN2A	common_snp	REF	intron
common_snp|SCN2A|2:165380987:T:C|ALT	SCN2A	common_snp	ALT	intron
common_snp|SCN2A|2:165381524:T:C|REF	SCN2A	common_snp	REF	intron
common_snp|SCN2A|2:165381524:T:C|ALT	SCN2A	common_snp	ALT	intron
common_snp|SCN2A|2:165383135:A:G|REF	SCN2A	common_snp	REF	intron
common_snp|SCN2A|2:165383135:A:G|ALT	SCN2A	common_snp	ALT	intron
common_snp|SCN2A|2:165383508:A:T|REF	SCN2A	common_snp	REF	intron
common_snp|SCN2A|2:165383508:A:T|ALT	SCN2A	common_snp	ALT	intron
common_snp|SCN2A|2:165384762:G:A|REF	SCN2A	common_snp	REF	intron
common_snp|SCN2A|2:165384762:G:A|ALT	SCN2A	common_snp	ALT	intron
common_snp|SCN2A|2:165385318:A:G|REF	SCN2A	common_snp	REF	intron
common_snp|SCN2A|2:165385318:A:G|ALT	SCN2A	common_snp	ALT	intron
common_snp|SCN2A|2:165385971:C:G|REF	SCN2A	common_snp	REF	intron
common_snp|SCN2A|2:165385971:C:G|ALT	SCN2A	common_snp	ALT	intron
common_snp|SCN2A|2:165388171:G:A|REF	SCN2A	common_snp	REF	intron
common_snp|SCN2A|2:165388171:G:A|ALT	SCN2A	common_snp	ALT	intron
common_snp|SCN2A|2:165388720:T:A|REF	SCN2A	common_snp	REF	CDS
common_snp|SCN2A|2:165388720:T:A|ALT	SCN2A	common_snp	ALT	CDS
common_snp|SCN2A|2:165391537:G:A|REF	SCN2A	common_snp	REF	exon_nonCDS
common_snp|SCN2A|2:165391537:G:A|ALT	SCN2A	common_snp	ALT	exon_nonCDS
common_snp|STAT1|2:190908462:A:G|REF	STAT1	common_snp	REF	exon_nonCDS
common_snp|STAT1|2:190908462:A:G|ALT	STAT1	common_snp	ALT	exon_nonCDS
common_snp|STAT1|2:190909382:T:C|REF	STAT1	common_snp	REF	intron
common_snp|STAT1|2:190909382:T:C|ALT	STAT1	common_snp	ALT	intron
common_snp|STAT1|2:190910037:C:T|REF	STAT1	common_snp	REF	intron
common_snp|STAT1|2:190910037:C:T|ALT	STAT1	common_snp	ALT	intron
common_snp|STAT1|2:190910962:G:C|REF	STAT1	common_snp	REF	intron
common_snp|STAT1|2:190910962:G:C|ALT	STAT1	common_snp	ALT	intron
common_snp|STAT1|2:190912589:A:G|REF	STAT1	common_snp	REF	intron
common_snp|STAT1|2:190912589:A:G|ALT	STAT1	common_snp	ALT	intron
common_snp|STAT1|2:190916443:A:G|REF	STAT1	common_snp	REF	intron
common_snp|STAT1|2:190916443:A:G|ALT	STAT1	common_snp	ALT	intron
common_snp|STAT1|2:190917042:G:A|REF	STAT1	common_snp	REF	intron
common_snp|STAT1|2:190917042:G:A|ALT	STAT1	common_snp	ALT	intron
common_snp|STAT1|2:190917734:A:G|REF	STAT1	common_snp	REF	intron
common_snp|STAT1|2:190917734:A:G|ALT	STAT1	common_snp	ALT	intron
common_snp|STAT1|2:190920049:A:G|REF	STAT1	common_snp	REF	intron
common_snp|STAT1|2:190920049:A:G|ALT	STAT1	common_snp	ALT	intron
common_snp|STAT1|2:190922142:T:C|REF	STAT1	common_snp	REF	intron
common_snp|STAT1|2:190922142:T:C|ALT	STAT1	common_snp	ALT	intron
common_snp|STAT1|2:190923038:C:T|REF	STAT1	common_snp	REF	intron
common_snp|STAT1|2:190923038:C:T|ALT	STAT1	common_snp	ALT	intron
common_snp|STAT1|2:190923053:A:T|REF	STAT1	common_snp	REF	intron
common_snp|STAT1|2:190923053:A:T|ALT	STAT1	common_snp	ALT	intron
common_snp|STAT1|2:190923691:G:A|REF	STAT1	common_snp	REF	intron
common_snp|STAT1|2:190923691:G:A|ALT	STAT1	common_snp	ALT	intron
common_snp|STAT1|2:190924480:A:G|REF	STAT1	common_snp	REF	intron
common_snp|STAT1|2:190924480:A:G|ALT	STAT1	common_snp	ALT	intron
common_snp|STAT1|2:190924797:C:T|REF	STAT1	common_snp	REF	intron
common_snp|STAT1|2:190924797:C:T|ALT	STAT1	common_snp	ALT	intron
common_snp|STAT1|2:190928121:G:A|REF	STAT1	common_snp	REF	intron
common_snp|STAT1|2:190928121:G:A|ALT	STAT1	common_snp	ALT	intron
common_snp|STAT1|2:190929163:T:C|REF	STAT1	common_snp	REF	intron
common_snp|STAT1|2:190929163:T:C|ALT	STAT1	common_snp	ALT	intron
common_snp|STAT1|2:190929215:G:A|REF	STAT1	common_snp	REF	intron
common_snp|STAT1|2:190929215:G:A|ALT	STAT1	common_snp	ALT	intron
common_snp|STAT1|2:190929310:G:A|REF	STAT1	common_snp	REF	intron
common_snp|STAT1|2:190929310:G:A|ALT	STAT1	common_snp	ALT	intron
common_snp|STAT1|2:190930820:G:C|REF	STAT1	common_snp	REF	intron
common_snp|STAT1|2:190930820:G:C|ALT	STAT1	common_snp	ALT	intron
common_snp|STAT1|2:190934874:T:G|REF	STAT1	common_snp	REF	exon_nonCDS
common_snp|STAT1|2:190934874:T:G|ALT	STAT1	common_snp	ALT	exon_nonCDS
common_snp|STAT1|2:190936179:T:C|REF	STAT1	common_snp	REF	intron
common_snp|STAT1|2:190936179:T:C|ALT	STAT1	common_snp	ALT	intron
common_snp|STAT1|2:190937249:T:G|REF	STAT1	common_snp	REF	intron
common_snp|STAT1|2:190937249:T:G|ALT	STAT1	common_snp	ALT	intron
common_snp|STAT1|2:190937957:C:A|REF	STAT1	common_snp	REF	intron
common_snp|STAT1|2:190937957:C:A|ALT	STAT1	common_snp	ALT	intron
common_snp|STAT1|2:190938082:A:G|REF	STAT1	common_snp	REF	intron
common_snp|STAT1|2:190938082:A:G|ALT	STAT1	common_snp	ALT	intron
common_snp|STAT1|2:190939306:C:G|REF	STAT1	common_snp	REF	intron
common_snp|STAT1|2:190939306:C:G|ALT	STAT1	common_snp	ALT	intron
common_snp|STAT1|2:190940820:A:G|REF	STAT1	common_snp	REF	intron
common_snp|STAT1|2:190940820:A:G|ALT	STAT1	common_snp	ALT	intron
common_snp|STAT1|2:190942620:T:A|REF	STAT1	common_snp	REF	intron
common_snp|STAT1|2:190942620:T:A|ALT	STAT1	common_snp	ALT	intron
common_snp|STAT1|2:190942633:C:T|REF	STAT1	common_snp	REF	intron
common_snp|STAT1|2:190942633:C:T|ALT	STAT1	common_snp	ALT	intron
common_snp|STAT1|2:190942727:A:G|REF	STAT1	common_snp	REF	intron
common_snp|STAT1|2:190942727:A:G|ALT	STAT1	common_snp	ALT	intron
common_snp|STAT1|2:190943983:T:C|REF	STAT1	common_snp	REF	intron
common_snp|STAT1|2:190943983:T:C|ALT	STAT1	common_snp	ALT	intron
common_snp|STAT1|2:190944054:T:G|REF	STAT1	common_snp	REF	intron
common_snp|STAT1|2:190944054:T:G|ALT	STAT1	common_snp	ALT	intron
common_snp|STAT1|2:190944157:T:C|REF	STAT1	common_snp	REF	intron
common_snp|STAT1|2:190944157:T:C|ALT	STAT1	common_snp	ALT	intron
common_snp|STAT1|2:190944844:C:A|REF	STAT1	common_snp	REF	exon_nonCDS
common_snp|STAT1|2:190944844:C:A|ALT	STAT1	common_snp	ALT	exon_nonCDS
common_snp|STAT1|2:190944845:A:G|REF	STAT1	common_snp	REF	exon_nonCDS
common_snp|STAT1|2:190944845:A:G|ALT	STAT1	common_snp	ALT	exon_nonCDS
common_snp|STAT1|2:190948557:T:A|REF	STAT1	common_snp	REF	intron
common_snp|STAT1|2:190948557:T:A|ALT	STAT1	common_snp	ALT	intron
common_snp|STAT1|2:190948813:A:G|REF	STAT1	common_snp	REF	intron
common_snp|STAT1|2:190948813:A:G|ALT	STAT1	common_snp	ALT	intron
common_snp|STAT1|2:190950312:A:C|REF	STAT1	common_snp	REF	intron
common_snp|STAT1|2:190950312:A:C|ALT	STAT1	common_snp	ALT	intron
common_snp|STAT1|2:190950326:C:T|REF	STAT1	common_snp	REF	intron
common_snp|STAT1|2:190950326:C:T|ALT	STAT1	common_snp	ALT	intron
common_snp|STAT1|2:190951140:G:T|REF	STAT1	common_snp	REF	intron
common_snp|STAT1|2:190951140:G:T|ALT	STAT1	common_snp	ALT	intron
common_snp|STAT1|2:190952195:C:T|REF	STAT1	common_snp	REF	intron
common_snp|STAT1|2:190952195:C:T|ALT	STAT1	common_snp	ALT	intron
common_snp|STAT1|2:190953101:T:A|REF	STAT1	common_snp	REF	intron
common_snp|STAT1|2:190953101:T:A|ALT	STAT1	common_snp	ALT	intron
common_snp|STAT1|2:190953339:T:C|REF	STAT1	common_snp	REF	intron
common_snp|STAT1|2:190953339:T:C|ALT	STAT1	common_snp	ALT	intron
common_snp|STAT1|2:190954313:A:G|REF	STAT1	common_snp	REF	intron
common_snp|STAT1|2:190954313:A:G|ALT	STAT1	common_snp	ALT	intron
common_snp|STAT1|2:190955135:A:T|REF	STAT1	common_snp	REF	intron
common_snp|STAT1|2:190955135:A:T|ALT	STAT1	common_snp	ALT	intron
common_snp|STAT1|2:190955136:A:T|REF	STAT1	common_snp	REF	intron
common_snp|STAT1|2:190955136:A:T|ALT	STAT1	common_snp	ALT	intron
common_snp|STAT1|2:190957438:T:C|REF	STAT1	common_snp	REF	intron
common_snp|STAT1|2:190957438:T:C|ALT	STAT1	common_snp	ALT	intron
common_snp|STAT1|2:190957628:G:A|REF	STAT1	common_snp	REF	intron
common_snp|STAT1|2:190957628:G:A|ALT	STAT1	common_snp	ALT	intron
common_snp|STAT1|2:190960337:T:C|REF	STAT1	common_snp	REF	intron
common_snp|STAT1|2:190960337:T:C|ALT	STAT1	common_snp	ALT	intron
common_snp|STAT1|2:190961043:T:C|REF	STAT1	common_snp	REF	intron
common_snp|STAT1|2:190961043:T:C|ALT	STAT1	common_snp	ALT	intron
common_snp|STAT1|2:190961656:A:G|REF	STAT1	common_snp	REF	intron
common_snp|STAT1|2:190961656:A:G|ALT	STAT1	common_snp	ALT	intron
common_snp|STAT1|2:190961761:C:T|REF	STAT1	common_snp	REF	intron
common_snp|STAT1|2:190961761:C:T|ALT	STAT1	common_snp	ALT	intron
common_snp|STAT1|2:190962285:G:C|REF	STAT1	common_snp	REF	intron
common_snp|STAT1|2:190962285:G:C|ALT	STAT1	common_snp	ALT	intron
common_snp|STAT1|2:190963478:A:T|REF	STAT1	common_snp	REF	exon_nonCDS
common_snp|STAT1|2:190963478:A:T|ALT	STAT1	common_snp	ALT	exon_nonCDS
common_snp|STAT1|2:190963479:C:A|REF	STAT1	common_snp	REF	exon_nonCDS
common_snp|STAT1|2:190963479:C:A|ALT	STAT1	common_snp	ALT	exon_nonCDS
common_snp|STAT1|2:190963870:A:G|REF	STAT1	common_snp	REF	exon_nonCDS
common_snp|STAT1|2:190963870:A:G|ALT	STAT1	common_snp	ALT	exon_nonCDS
common_snp|STAT1|2:190963960:A:G|REF	STAT1	common_snp	REF	exon_nonCDS
common_snp|STAT1|2:190963960:A:G|ALT	STAT1	common_snp	ALT	exon_nonCDS
common_snp|STAT1|2:190964686:C:G|REF	STAT1	common_snp	REF	exon_nonCDS
common_snp|STAT1|2:190964686:C:G|ALT	STAT1	common_snp	ALT	exon_nonCDS
common_snp|STAT1|2:190965051:C:T|REF	STAT1	common_snp	REF	exon_nonCDS
common_snp|STAT1|2:190965051:C:T|ALT	STAT1	common_snp	ALT	exon_nonCDS
common_snp|STAT1|2:190965773:T:C|REF	STAT1	common_snp	REF	intron
common_snp|STAT1|2:190965773:T:C|ALT	STAT1	common_snp	ALT	intron
common_snp|STAT1|2:190966079:A:C|REF	STAT1	common_snp	REF	intron
common_snp|STAT1|2:190966079:A:C|ALT	STAT1	common_snp	ALT	intron
common_snp|STAT1|2:190966573:T:C|REF	STAT1	common_snp	REF	intron
common_snp|STAT1|2:190966573:T:C|ALT	STAT1	common_snp	ALT	intron
common_snp|STAT1|2:190967538:A:G|REF	STAT1	common_snp	REF	intron
common_snp|STAT1|2:190967538:A:G|ALT	STAT1	common_snp	ALT	intron
common_snp|STAT1|2:190967766:T:C|REF	STAT1	common_snp	REF	intron
common_snp|STAT1|2:190967766:T:C|ALT	STAT1	common_snp	ALT	intron
common_snp|STAT1|2:190967936:T:C|REF	STAT1	common_snp	REF	exon_nonCDS
common_snp|STAT1|2:190967936:T:C|ALT	STAT1	common_snp	ALT	exon_nonCDS
common_snp|STAT1|2:190968814:G:T|REF	STAT1	common_snp	REF	exon_nonCDS
common_snp|STAT1|2:190968814:G:T|ALT	STAT1	common_snp	ALT	exon_nonCDS
common_snp|STAT1|2:190970870:T:G|REF	STAT1	common_snp	REF	intron
common_snp|STAT1|2:190970870:T:G|ALT	STAT1	common_snp	ALT	intron
common_snp|STAT1|2:190971192:T:C|REF	STAT1	common_snp	REF	intron
common_snp|STAT1|2:190971192:T:C|ALT	STAT1	common_snp	ALT	intron
common_snp|STAT1|2:190971827:C:T|REF	STAT1	common_snp	REF	intron
common_snp|STAT1|2:190971827:C:T|ALT	STAT1	common_snp	ALT	intron
common_snp|STAT1|2:190971836:C:G|REF	STAT1	common_snp	REF	intron
common_snp|STAT1|2:190971836:C:G|ALT	STAT1	common_snp	ALT	intron
common_snp|STAT1|2:190971945:G:T|REF	STAT1	common_snp	REF	intron
common_snp|STAT1|2:190971945:G:T|ALT	STAT1	common_snp	ALT	intron
common_snp|STAT1|2:190971964:C:T|REF	STAT1	common_snp	REF	intron
common_snp|STAT1|2:190971964:C:T|ALT	STAT1	common_snp	ALT	intron
common_snp|STAT1|2:190972045:T:C|REF	STAT1	common_snp	REF	intron
common_snp|STAT1|2:190972045:T:C|ALT	STAT1	common_snp	ALT	intron
common_snp|STAT1|2:190972859:G:T|REF	STAT1	common_snp	REF	intron
common_snp|STAT1|2:190972859:G:T|ALT	STAT1	common_snp	ALT	intron
common_snp|STAT1|2:190972908:C:T|REF	STAT1	common_snp	REF	intron
common_snp|STAT1|2:190972908:C:T|ALT	STAT1	common_snp	ALT	intron
common_snp|STAT1|2:190973115:T:C|REF	STAT1	common_snp	REF	intron
common_snp|STAT1|2:190973115:T:C|ALT	STAT1	common_snp	ALT	intron
common_snp|STAT1|2:190973478:C:T|REF	STAT1	common_snp	REF	intron
common_snp|STAT1|2:190973478:C:T|ALT	STAT1	common_snp	ALT	intron
common_snp|STAT1|2:190973788:G:A|REF	STAT1	common_snp	REF	intron
common_snp|STAT1|2:190973788:G:A|ALT	STAT1	common_snp	ALT	intron
common_snp|STAT1|2:190975250:C:T|REF	STAT1	common_snp	REF	intron
common_snp|STAT1|2:190975250:C:T|ALT	STAT1	common_snp	ALT	intron
common_snp|STAT1|2:190977033:G:A|REF	STAT1	common_snp	REF	intron
common_snp|STAT1|2:190977033:G:A|ALT	STAT1	common_snp	ALT	intron
common_snp|STAT1|2:190977153:A:G|REF	STAT1	common_snp	REF	intron
common_snp|STAT1|2:190977153:A:G|ALT	STAT1	common_snp	ALT	intron
common_snp|STAT1|2:190979104:A:G|REF	STAT1	common_snp	REF	intron
common_snp|STAT1|2:190979104:A:G|ALT	STAT1	common_snp	ALT	intron
common_snp|STAT1|2:190980999:C:G|REF	STAT1	common_snp	REF	intron
common_snp|STAT1|2:190980999:C:G|ALT	STAT1	common_snp	ALT	intron
common_snp|STAT1|2:190981265:C:G|REF	STAT1	common_snp	REF	intron
common_snp|STAT1|2:190981265:C:G|ALT	STAT1	common_snp	ALT	intron
common_snp|STAT1|2:190985373:A:G|REF	STAT1	common_snp	REF	intron
common_snp|STAT1|2:190985373:A:G|ALT	STAT1	common_snp	ALT	intron
common_snp|STAT1|2:190985840:T:C|REF	STAT1	common_snp	REF	intron
common_snp|STAT1|2:190985840:T:C|ALT	STAT1	common_snp	ALT	intron
common_snp|STAT1|2:190986040:C:A|REF	STAT1	common_snp	REF	intron
common_snp|STAT1|2:190986040:C:A|ALT	STAT1	common_snp	ALT	intron
common_snp|STAT1|2:190987171:G:A|REF	STAT1	common_snp	REF	intron
common_snp|STAT1|2:190987171:G:A|ALT	STAT1	common_snp	ALT	intron
common_snp|STAT1|2:190987271:T:C|REF	STAT1	common_snp	REF	intron
common_snp|STAT1|2:190987271:T:C|ALT	STAT1	common_snp	ALT	intron
common_snp|STAT1|2:190988561:G:A|REF	STAT1	common_snp	REF	intron
common_snp|STAT1|2:190988561:G:A|ALT	STAT1	common_snp	ALT	intron
common_snp|STAT1|2:190989213:G:A|REF	STAT1	common_snp	REF	intron
common_snp|STAT1|2:190989213:G:A|ALT	STAT1	common_snp	ALT	intron
common_snp|STAT1|2:190989697:T:C|REF	STAT1	common_snp	REF	intron
common_snp|STAT1|2:190989697:T:C|ALT	STAT1	common_snp	ALT	intron
common_snp|STAT1|2:190989913:C:A|REF	STAT1	common_snp	REF	intron
common_snp|STAT1|2:190989913:C:A|ALT	STAT1	common_snp	ALT	intron
common_snp|STAT1|2:190990148:A:G|REF	STAT1	common_snp	REF	intron
common_snp|STAT1|2:190990148:A:G|ALT	STAT1	common_snp	ALT	intron
common_snp|STAT1|2:190990795:T:C|REF	STAT1	common_snp	REF	intron
common_snp|STAT1|2:190990795:T:C|ALT	STAT1	common_snp	ALT	intron
common_snp|STAT1|2:190991685:C:T|REF	STAT1	common_snp	REF	intron
common_snp|STAT1|2:190991685:C:T|ALT	STAT1	common_snp	ALT	intron
common_snp|STAT1|2:190991698:T:A|REF	STAT1	common_snp	REF	intron
common_snp|STAT1|2:190991698:T:A|ALT	STAT1	common_snp	ALT	intron
common_snp|STAT1|2:190991701:G:T|REF	STAT1	common_snp	REF	intron
common_snp|STAT1|2:190991701:G:T|ALT	STAT1	common_snp	ALT	intron
common_snp|STAT1|2:190992160:C:T|REF	STAT1	common_snp	REF	intron
common_snp|STAT1|2:190992160:C:T|ALT	STAT1	common_snp	ALT	intron
common_snp|STAT1|2:190992978:T:C|REF	STAT1	common_snp	REF	intron
common_snp|STAT1|2:190992978:T:C|ALT	STAT1	common_snp	ALT	intron
common_snp|STAT1|2:190994104:G:A|REF	STAT1	common_snp	REF	intron
common_snp|STAT1|2:190994104:G:A|ALT	STAT1	common_snp	ALT	intron
common_snp|STAT1|2:190994264:G:A|REF	STAT1	common_snp	REF	intron
common_snp|STAT1|2:190994264:G:A|ALT	STAT1	common_snp	ALT	intron
common_snp|STAT1|2:190994929:T:A|REF	STAT1	common_snp	REF	intron
common_snp|STAT1|2:190994929:T:A|ALT	STAT1	common_snp	ALT	intron
common_snp|STAT1|2:190994931:T:A|REF	STAT1	common_snp	REF	intron
common_snp|STAT1|2:190994931:T:A|ALT	STAT1	common_snp	ALT	intron
common_snp|STAT1|2:190995504:C:T|REF	STAT1	common_snp	REF	intron
common_snp|STAT1|2:190995504:C:T|ALT	STAT1	common_snp	ALT	intron
common_snp|STAT1|2:190995776:C:A|REF	STAT1	common_snp	REF	intron
common_snp|STAT1|2:190995776:C:A|ALT	STAT1	common_snp	ALT	intron
common_snp|STAT1|2:190995803:C:T|REF	STAT1	common_snp	REF	intron
common_snp|STAT1|2:190995803:C:T|ALT	STAT1	common_snp	ALT	intron
common_snp|STAT1|2:190997459:A:G|REF	STAT1	common_snp	REF	intron
common_snp|STAT1|2:190997459:A:G|ALT	STAT1	common_snp	ALT	intron
common_snp|STAT1|2:190997672:G:A|REF	STAT1	common_snp	REF	intron
common_snp|STAT1|2:190997672:G:A|ALT	STAT1	common_snp	ALT	intron
common_snp|STAT1|2:191000231:A:C|REF	STAT1	common_snp	REF	intron
common_snp|STAT1|2:191000231:A:C|ALT	STAT1	common_snp	ALT	intron
common_snp|STAT1|2:191001932:T:C|REF	STAT1	common_snp	REF	intron
common_snp|STAT1|2:191001932:T:C|ALT	STAT1	common_snp	ALT	intron
common_snp|STAT1|2:191002606:C:T|REF	STAT1	common_snp	REF	intron
common_snp|STAT1|2:191002606:C:T|ALT	STAT1	common_snp	ALT	intron
common_snp|STAT1|2:191003857:C:A|REF	STAT1	common_snp	REF	intron
common_snp|STAT1|2:191003857:C:A|ALT	STAT1	common_snp	ALT	intron
common_snp|STAT1|2:191004437:G:A|REF	STAT1	common_snp	REF	intron
common_snp|STAT1|2:191004437:G:A|ALT	STAT1	common_snp	ALT	intron
common_snp|STAT1|2:191005185:A:G|REF	STAT1	common_snp	REF	intron
common_snp|STAT1|2:191005185:A:G|ALT	STAT1	common_snp	ALT	intron
common_snp|STAT1|2:191005252:T:A|REF	STAT1	common_snp	REF	intron
common_snp|STAT1|2:191005252:T:A|ALT	STAT1	common_snp	ALT	intron
common_snp|STAT1|2:191005594:G:A|REF	STAT1	common_snp	REF	intron
common_snp|STAT1|2:191005594:G:A|ALT	STAT1	common_snp	ALT	intron
common_snp|STAT1|2:191005898:C:T|REF	STAT1	common_snp	REF	intron
common_snp|STAT1|2:191005898:C:T|ALT	STAT1	common_snp	ALT	intron
common_snp|STAT1|2:191008827:A:T|REF	STAT1	common_snp	REF	intron
common_snp|STAT1|2:191008827:A:T|ALT	STAT1	common_snp	ALT	intron
common_snp|STAT1|2:191009941:A:G|REF	STAT1	common_snp	REF	CDS
common_snp|STAT1|2:191009941:A:G|ALT	STAT1	common_snp	ALT	CDS
common_snp|STAT1|2:191010309:C:T|REF	STAT1	common_snp	REF	intron
common_snp|STAT1|2:191010309:C:T|ALT	STAT1	common_snp	ALT	intron
common_snp|STAT1|2:191011175:C:A|REF	STAT1	common_snp	REF	intron
common_snp|STAT1|2:191011175:C:A|ALT	STAT1	common_snp	ALT	intron
common_snp|STAT1|2:191013761:T:C|REF	STAT1	common_snp	REF	exon_nonCDS
common_snp|STAT1|2:191013761:T:C|ALT	STAT1	common_snp	ALT	exon_nonCDS
common_snp|STAT1|2:191013928:C:G|REF	STAT1	common_snp	REF	exon_nonCDS
common_snp|STAT1|2:191013928:C:G|ALT	STAT1	common_snp	ALT	exon_nonCDS
common_snp|STAT1|2:191014691:T:C|REF	STAT1	common_snp	REF	intron
common_snp|STAT1|2:191014691:T:C|ALT	STAT1	common_snp	ALT	intron
common_snp|STAT1|2:191014834:C:T|REF	STAT1	common_snp	REF	intron
common_snp|STAT1|2:191014834:C:T|ALT	STAT1	common_snp	ALT	intron
common_snp|STAT1|2:191015744:A:G|REF	STAT1	common_snp	REF	intron
common_snp|STAT1|2:191015744:A:G|ALT	STAT1	common_snp	ALT	intron
common_snp|STAT1|2:191015776:C:G|REF	STAT1	common_snp	REF	intron
common_snp|STAT1|2:191015776:C:G|ALT	STAT1	common_snp	ALT	intron
common_snp|STAT1|2:191016041:A:C|REF	STAT1	common_snp	REF	intron
common_snp|STAT1|2:191016041:A:C|ALT	STAT1	common_snp	ALT	intron
common_snp|STAT1|2:191016133:G:A|REF	STAT1	common_snp	REF	intron
common_snp|STAT1|2:191016133:G:A|ALT	STAT1	common_snp	ALT	intron
common_snp|STAT1|2:191017051:G:A|REF	STAT1	common_snp	REF	intron
common_snp|STAT1|2:191017051:G:A|ALT	STAT1	common_snp	ALT	intron
common_snp|STAT1|2:191017537:C:T|REF	STAT1	common_snp	REF	intron
common_snp|STAT1|2:191017537:C:T|ALT	STAT1	common_snp	ALT	intron
common_snp|STAT1|2:191018047:C:G|REF	STAT1	common_snp	REF	exon_nonCDS
common_snp|STAT1|2:191018047:C:G|ALT	STAT1	common_snp	ALT	exon_nonCDS
common_snp|STAT1|2:191020045:G:A|REF	STAT1	common_snp	REF	intron
common_snp|STAT1|2:191020045:G:A|ALT	STAT1	common_snp	ALT	intron
common_snp|STAT1|2:191020691:G:A|REF	STAT1	common_snp	REF	intron
common_snp|STAT1|2:191020691:G:A|ALT	STAT1	common_snp	ALT	intron
common_snp|STAT1|2:191020944:C:T|REF	STAT1	common_snp	REF	intron
common_snp|STAT1|2:191020944:C:T|ALT	STAT1	common_snp	ALT	intron
common_snp|KIF1A|2:240713870:A:G|REF	KIF1A	common_snp	REF	exon_nonCDS
common_snp|KIF1A|2:240713870:A:G|ALT	KIF1A	common_snp	ALT	exon_nonCDS
common_snp|KIF1A|2:240715541:G:A|REF	KIF1A	common_snp	REF	exon_nonCDS
common_snp|KIF1A|2:240715541:G:A|ALT	KIF1A	common_snp	ALT	exon_nonCDS
common_snp|KIF1A|2:240715670:G:A|REF	KIF1A	common_snp	REF	exon_nonCDS
common_snp|KIF1A|2:240715670:G:A|ALT	KIF1A	common_snp	ALT	exon_nonCDS
common_snp|KIF1A|2:240716127:G:A|REF	KIF1A	common_snp	REF	exon_nonCDS
common_snp|KIF1A|2:240716127:G:A|ALT	KIF1A	common_snp	ALT	exon_nonCDS
common_snp|KIF1A|2:240716177:G:A|REF	KIF1A	common_snp	REF	exon_nonCDS
common_snp|KIF1A|2:240716177:G:A|ALT	KIF1A	common_snp	ALT	exon_nonCDS
common_snp|KIF1A|2:240718612:C:T|REF	KIF1A	common_snp	REF	intron
common_snp|KIF1A|2:240718612:C:T|ALT	KIF1A	common_snp	ALT	intron
common_snp|KIF1A|2:240719598:T:C|REF	KIF1A	common_snp	REF	intron
common_snp|KIF1A|2:240719598:T:C|ALT	KIF1A	common_snp	ALT	intron
common_snp|KIF1A|2:240719951:C:A|REF	KIF1A	common_snp	REF	intron
common_snp|KIF1A|2:240719951:C:A|ALT	KIF1A	common_snp	ALT	intron
common_snp|KIF1A|2:240720286:C:T|REF	KIF1A	common_snp	REF	intron
common_snp|KIF1A|2:240720286:C:T|ALT	KIF1A	common_snp	ALT	intron
common_snp|KIF1A|2:240720294:C:T|REF	KIF1A	common_snp	REF	intron
common_snp|KIF1A|2:240720294:C:T|ALT	KIF1A	common_snp	ALT	intron
common_snp|KIF1A|2:240720459:G:A|REF	KIF1A	common_snp	REF	intron
common_snp|KIF1A|2:240720459:G:A|ALT	KIF1A	common_snp	ALT	intron
common_snp|KIF1A|2:240721695:A:G|REF	KIF1A	common_snp	REF	intron
common_snp|KIF1A|2:240721695:A:G|ALT	KIF1A	common_snp	ALT	intron
common_snp|KIF1A|2:240721775:G:A|REF	KIF1A	common_snp	REF	intron
common_snp|KIF1A|2:240721775:G:A|ALT	KIF1A	common_snp	ALT	intron
common_snp|KIF1A|2:240723602:C:T|REF	KIF1A	common_snp	REF	intron
common_snp|KIF1A|2:240723602:C:T|ALT	KIF1A	common_snp	ALT	intron
common_snp|KIF1A|2:240724272:G:C|REF	KIF1A	common_snp	REF	intron
common_snp|KIF1A|2:240724272:G:C|ALT	KIF1A	common_snp	ALT	intron
common_snp|KIF1A|2:240724713:G:T|REF	KIF1A	common_snp	REF	intron
common_snp|KIF1A|2:240724713:G:T|ALT	KIF1A	common_snp	ALT	intron
common_snp|KIF1A|2:240727001:G:A|REF	KIF1A	common_snp	REF	intron
common_snp|KIF1A|2:240727001:G:A|ALT	KIF1A	common_snp	ALT	intron
common_snp|KIF1A|2:240727211:G:A|REF	KIF1A	common_snp	REF	intron
common_snp|KIF1A|2:240727211:G:A|ALT	KIF1A	common_snp	ALT	intron
common_snp|KIF1A|2:240727729:G:A|REF	KIF1A	common_snp	REF	intron
common_snp|KIF1A|2:240727729:G:A|ALT	KIF1A	common_snp	ALT	intron
common_snp|KIF1A|2:240727739:C:G|REF	KIF1A	common_snp	REF	intron
common_snp|KIF1A|2:240727739:C:G|ALT	KIF1A	common_snp	ALT	intron
common_snp|KIF1A|2:240727867:G:A|REF	KIF1A	common_snp	REF	intron
common_snp|KIF1A|2:240727867:G:A|ALT	KIF1A	common_snp	ALT	intron
common_snp|KIF1A|2:240728071:C:T|REF	KIF1A	common_snp	REF	intron
common_snp|KIF1A|2:240728071:C:T|ALT	KIF1A	common_snp	ALT	intron
common_snp|KIF1A|2:240728366:C:T|REF	KIF1A	common_snp	REF	intron
common_snp|KIF1A|2:240728366:C:T|ALT	KIF1A	common_snp	ALT	intron
common_snp|KIF1A|2:240729063:G:A|REF	KIF1A	common_snp	REF	intron
common_snp|KIF1A|2:240729063:G:A|ALT	KIF1A	common_snp	ALT	intron
common_snp|KIF1A|2:240730611:G:A|REF	KIF1A	common_snp	REF	intron
common_snp|KIF1A|2:240730611:G:A|ALT	KIF1A	common_snp	ALT	intron
common_snp|KIF1A|2:240732837:A:G|REF	KIF1A	common_snp	REF	intron
common_snp|KIF1A|2:240732837:A:G|ALT	KIF1A	common_snp	ALT	intron
common_snp|KIF1A|2:240733013:G:A|REF	KIF1A	common_snp	REF	intron
common_snp|KIF1A|2:240733013:G:A|ALT	KIF1A	common_snp	ALT	intron
common_snp|KIF1A|2:240733323:T:C|REF	KIF1A	common_snp	REF	intron
common_snp|KIF1A|2:240733323:T:C|ALT	KIF1A	common_snp	ALT	intron
common_snp|KIF1A|2:240733487:G:A|REF	KIF1A	common_snp	REF	intron
common_snp|KIF1A|2:240733487:G:A|ALT	KIF1A	common_snp	ALT	intron
common_snp|KIF1A|2:240733730:C:A|REF	KIF1A	common_snp	REF	intron
common_snp|KIF1A|2:240733730:C:A|ALT	KIF1A	common_snp	ALT	intron
common_snp|KIF1A|2:240734032:A:G|REF	KIF1A	common_snp	REF	intron
common_snp|KIF1A|2:240734032:A:G|ALT	KIF1A	common_snp	ALT	intron
common_snp|KIF1A|2:240734805:T:C|REF	KIF1A	common_snp	REF	intron
common_snp|KIF1A|2:240734805:T:C|ALT	KIF1A	common_snp	ALT	intron
common_snp|KIF1A|2:240734920:A:G|REF	KIF1A	common_snp	REF	intron
common_snp|KIF1A|2:240734920:A:G|ALT	KIF1A	common_snp	ALT	intron
common_snp|KIF1A|2:240736369:G:A|REF	KIF1A	common_snp	REF	intron
common_snp|KIF1A|2:240736369:G:A|ALT	KIF1A	common_snp	ALT	intron
common_snp|KIF1A|2:240736552:G:A|REF	KIF1A	common_snp	REF	intron
common_snp|KIF1A|2:240736552:G:A|ALT	KIF1A	common_snp	ALT	intron
common_snp|KIF1A|2:240736563:G:T|REF	KIF1A	common_snp	REF	intron
common_snp|KIF1A|2:240736563:G:T|ALT	KIF1A	common_snp	ALT	intron
common_snp|KIF1A|2:240737359:G:A|REF	KIF1A	common_snp	REF	intron
common_snp|KIF1A|2:240737359:G:A|ALT	KIF1A	common_snp	ALT	intron
common_snp|KIF1A|2:240737512:G:T|REF	KIF1A	common_snp	REF	intron
common_snp|KIF1A|2:240737512:G:T|ALT	KIF1A	common_snp	ALT	intron
common_snp|KIF1A|2:240737847:T:C|REF	KIF1A	common_snp	REF	intron
common_snp|KIF1A|2:240737847:T:C|ALT	KIF1A	common_snp	ALT	intron
common_snp|KIF1A|2:240739111:A:G|REF	KIF1A	common_snp	REF	intron
common_snp|KIF1A|2:240739111:A:G|ALT	KIF1A	common_snp	ALT	intron
common_snp|KIF1A|2:240739751:C:T|REF	KIF1A	common_snp	REF	intron
common_snp|KIF1A|2:240739751:C:T|ALT	KIF1A	common_snp	ALT	intron
common_snp|KIF1A|2:240741216:G:T|REF	KIF1A	common_snp	REF	intron
common_snp|KIF1A|2:240741216:G:T|ALT	KIF1A	common_snp	ALT	intron
common_snp|KIF1A|2:240741227:G:C|REF	KIF1A	common_snp	REF	intron
common_snp|KIF1A|2:240741227:G:C|ALT	KIF1A	common_snp	ALT	intron
common_snp|KIF1A|2:240741385:G:A|REF	KIF1A	common_snp	REF	intron
common_snp|KIF1A|2:240741385:G:A|ALT	KIF1A	common_snp	ALT	intron
common_snp|KIF1A|2:240742347:G:A|REF	KIF1A	common_snp	REF	intron
common_snp|KIF1A|2:240742347:G:A|ALT	KIF1A	common_snp	ALT	intron
common_snp|KIF1A|2:240744330:C:T|REF	KIF1A	common_snp	REF	CDS
common_snp|KIF1A|2:240744330:C:T|ALT	KIF1A	common_snp	ALT	CDS
common_snp|KIF1A|2:240744457:C:T|REF	KIF1A	common_snp	REF	intron
common_snp|KIF1A|2:240744457:C:T|ALT	KIF1A	common_snp	ALT	intron
common_snp|KIF1A|2:240744491:G:A|REF	KIF1A	common_snp	REF	intron
common_snp|KIF1A|2:240744491:G:A|ALT	KIF1A	common_snp	ALT	intron
common_snp|KIF1A|2:240744726:G:C|REF	KIF1A	common_snp	REF	intron
common_snp|KIF1A|2:240744726:G:C|ALT	KIF1A	common_snp	ALT	intron
common_snp|KIF1A|2:240744768:G:A|REF	KIF1A	common_snp	REF	intron
common_snp|KIF1A|2:240744768:G:A|ALT	KIF1A	common_snp	ALT	intron
common_snp|KIF1A|2:240745243:T:C|REF	KIF1A	common_snp	REF	intron
common_snp|KIF1A|2:240745243:T:C|ALT	KIF1A	common_snp	ALT	intron
common_snp|KIF1A|2:240745275:C:T|REF	KIF1A	common_snp	REF	intron
common_snp|KIF1A|2:240745275:C:T|ALT	KIF1A	common_snp	ALT	intron
common_snp|KIF1A|2:240746405:C:T|REF	KIF1A	common_snp	REF	intron
common_snp|KIF1A|2:240746405:C:T|ALT	KIF1A	common_snp	ALT	intron
common_snp|KIF1A|2:240746658:C:T|REF	KIF1A	common_snp	REF	intron
common_snp|KIF1A|2:240746658:C:T|ALT	KIF1A	common_snp	ALT	intron
common_snp|KIF1A|2:240748175:A:C|REF	KIF1A	common_snp	REF	intron
common_snp|KIF1A|2:240748175:A:C|ALT	KIF1A	common_snp	ALT	intron
common_snp|KIF1A|2:240749019:G:A|REF	KIF1A	common_snp	REF	intron
common_snp|KIF1A|2:240749019:G:A|ALT	KIF1A	common_snp	ALT	intron
common_snp|KIF1A|2:240749583:G:C|REF	KIF1A	common_snp	REF	intron
common_snp|KIF1A|2:240749583:G:C|ALT	KIF1A	common_snp	ALT	intron
common_snp|KIF1A|2:240749707:G:A|REF	KIF1A	common_snp	REF	intron
common_snp|KIF1A|2:240749707:G:A|ALT	KIF1A	common_snp	ALT	intron
common_snp|KIF1A|2:240749908:G:A|REF	KIF1A	common_snp	REF	intron
common_snp|KIF1A|2:240749908:G:A|ALT	KIF1A	common_snp	ALT	intron
common_snp|KIF1A|2:240752039:G:C|REF	KIF1A	common_snp	REF	intron
common_snp|KIF1A|2:240752039:G:C|ALT	KIF1A	common_snp	ALT	intron
common_snp|KIF1A|2:240752287:C:A|REF	KIF1A	common_snp	REF	intron
common_snp|KIF1A|2:240752287:C:A|ALT	KIF1A	common_snp	ALT	intron
common_snp|KIF1A|2:240752829:G:C|REF	KIF1A	common_snp	REF	intron
common_snp|KIF1A|2:240752829:G:C|ALT	KIF1A	common_snp	ALT	intron
common_snp|KIF1A|2:240753122:A:C|REF	KIF1A	common_snp	REF	intron
common_snp|KIF1A|2:240753122:A:C|ALT	KIF1A	common_snp	ALT	intron
common_snp|KIF1A|2:240753542:A:C|REF	KIF1A	common_snp	REF	intron
common_snp|KIF1A|2:240753542:A:C|ALT	KIF1A	common_snp	ALT	intron
common_snp|KIF1A|2:240753823:G:A|REF	KIF1A	common_snp	REF	intron
common_snp|KIF1A|2:240753823:G:A|ALT	KIF1A	common_snp	ALT	intron
common_snp|KIF1A|2:240754394:G:A|REF	KIF1A	common_snp	REF	intron
common_snp|KIF1A|2:240754394:G:A|ALT	KIF1A	common_snp	ALT	intron
common_snp|KIF1A|2:240754459:C:A|REF	KIF1A	common_snp	REF	intron
common_snp|KIF1A|2:240754459:C:A|ALT	KIF1A	common_snp	ALT	intron
common_snp|KIF1A|2:240755304:A:G|REF	KIF1A	common_snp	REF	intron
common_snp|KIF1A|2:240755304:A:G|ALT	KIF1A	common_snp	ALT	intron
common_snp|KIF1A|2:240755679:C:T|REF	KIF1A	common_snp	REF	intron
common_snp|KIF1A|2:240755679:C:T|ALT	KIF1A	common_snp	ALT	intron
common_snp|KIF1A|2:240756197:A:G|REF	KIF1A	common_snp	REF	intron
common_snp|KIF1A|2:240756197:A:G|ALT	KIF1A	common_snp	ALT	intron
common_snp|KIF1A|2:240758881:G:A|REF	KIF1A	common_snp	REF	intron
common_snp|KIF1A|2:240758881:G:A|ALT	KIF1A	common_snp	ALT	intron
common_snp|KIF1A|2:240759240:C:T|REF	KIF1A	common_snp	REF	intron
common_snp|KIF1A|2:240759240:C:T|ALT	KIF1A	common_snp	ALT	intron
common_snp|KIF1A|2:240759822:C:T|REF	KIF1A	common_snp	REF	intron
common_snp|KIF1A|2:240759822:C:T|ALT	KIF1A	common_snp	ALT	intron
common_snp|KIF1A|2:240760466:A:G|REF	KIF1A	common_snp	REF	intron
common_snp|KIF1A|2:240760466:A:G|ALT	KIF1A	common_snp	ALT	intron
common_snp|KIF1A|2:240763144:T:A|REF	KIF1A	common_snp	REF	intron
common_snp|KIF1A|2:240763144:T:A|ALT	KIF1A	common_snp	ALT	intron
common_snp|KIF1A|2:240764543:G:T|REF	KIF1A	common_snp	REF	intron
common_snp|KIF1A|2:240764543:G:T|ALT	KIF1A	common_snp	ALT	intron
common_snp|KIF1A|2:240764790:T:C|REF	KIF1A	common_snp	REF	intron
common_snp|KIF1A|2:240764790:T:C|ALT	KIF1A	common_snp	ALT	intron
common_snp|KIF1A|2:240764964:T:C|REF	KIF1A	common_snp	REF	intron
common_snp|KIF1A|2:240764964:T:C|ALT	KIF1A	common_snp	ALT	intron
common_snp|KIF1A|2:240766616:G:A|REF	KIF1A	common_snp	REF	intron
common_snp|KIF1A|2:240766616:G:A|ALT	KIF1A	common_snp	ALT	intron
common_snp|KIF1A|2:240766745:T:A|REF	KIF1A	common_snp	REF	intron
common_snp|KIF1A|2:240766745:T:A|ALT	KIF1A	common_snp	ALT	intron
common_snp|KIF1A|2:240766747:T:A|REF	KIF1A	common_snp	REF	intron
common_snp|KIF1A|2:240766747:T:A|ALT	KIF1A	common_snp	ALT	intron
common_snp|KIF1A|2:240766810:C:T|REF	KIF1A	common_snp	REF	intron
common_snp|KIF1A|2:240766810:C:T|ALT	KIF1A	common_snp	ALT	intron
common_snp|KIF1A|2:240767457:C:T|REF	KIF1A	common_snp	REF	intron
common_snp|KIF1A|2:240767457:C:T|ALT	KIF1A	common_snp	ALT	intron
common_snp|KIF1A|2:240768383:T:C|REF	KIF1A	common_snp	REF	intron
common_snp|KIF1A|2:240768383:T:C|ALT	KIF1A	common_snp	ALT	intron
common_snp|KIF1A|2:240769258:C:T|REF	KIF1A	common_snp	REF	intron
common_snp|KIF1A|2:240769258:C:T|ALT	KIF1A	common_snp	ALT	intron
common_snp|KIF1A|2:240770507:C:T|REF	KIF1A	common_snp	REF	intron
common_snp|KIF1A|2:240770507:C:T|ALT	KIF1A	common_snp	ALT	intron
common_snp|KIF1A|2:240770666:A:G|REF	KIF1A	common_snp	REF	intron
common_snp|KIF1A|2:240770666:A:G|ALT	KIF1A	common_snp	ALT	intron
common_snp|KIF1A|2:240771374:G:A|REF	KIF1A	common_snp	REF	intron
common_snp|KIF1A|2:240771374:G:A|ALT	KIF1A	common_snp	ALT	intron
common_snp|KIF1A|2:240771659:T:C|REF	KIF1A	common_snp	REF	intron
common_snp|KIF1A|2:240771659:T:C|ALT	KIF1A	common_snp	ALT	intron
common_snp|KIF1A|2:240773485:C:A|REF	KIF1A	common_snp	REF	intron
common_snp|KIF1A|2:240773485:C:A|ALT	KIF1A	common_snp	ALT	intron
common_snp|KIF1A|2:240773688:T:C|REF	KIF1A	common_snp	REF	intron
common_snp|KIF1A|2:240773688:T:C|ALT	KIF1A	common_snp	ALT	intron
common_snp|KIF1A|2:240774012:T:C|REF	KIF1A	common_snp	REF	intron
common_snp|KIF1A|2:240774012:T:C|ALT	KIF1A	common_snp	ALT	intron
common_snp|KIF1A|2:240774229:A:G|REF	KIF1A	common_snp	REF	CDS
common_snp|KIF1A|2:240774229:A:G|ALT	KIF1A	common_snp	ALT	CDS
common_snp|KIF1A|2:240776746:G:C|REF	KIF1A	common_snp	REF	intron
common_snp|KIF1A|2:240776746:G:C|ALT	KIF1A	common_snp	ALT	intron
common_snp|KIF1A|2:240776888:A:G|REF	KIF1A	common_snp	REF	intron
common_snp|KIF1A|2:240776888:A:G|ALT	KIF1A	common_snp	ALT	intron
common_snp|KIF1A|2:240777511:T:C|REF	KIF1A	common_snp	REF	intron
common_snp|KIF1A|2:240777511:T:C|ALT	KIF1A	common_snp	ALT	intron
common_snp|KIF1A|2:240778180:A:G|REF	KIF1A	common_snp	REF	intron
common_snp|KIF1A|2:240778180:A:G|ALT	KIF1A	common_snp	ALT	intron
common_snp|KIF1A|2:240778301:A:G|REF	KIF1A	common_snp	REF	intron
common_snp|KIF1A|2:240778301:A:G|ALT	KIF1A	common_snp	ALT	intron
common_snp|KIF1A|2:240778411:A:G|REF	KIF1A	common_snp	REF	intron
common_snp|KIF1A|2:240778411:A:G|ALT	KIF1A	common_snp	ALT	intron
common_snp|KIF1A|2:240779808:C:T|REF	KIF1A	common_snp	REF	intron
common_snp|KIF1A|2:240779808:C:T|ALT	KIF1A	common_snp	ALT	intron
common_snp|KIF1A|2:240779865:A:G|REF	KIF1A	common_snp	REF	intron
common_snp|KIF1A|2:240779865:A:G|ALT	KIF1A	common_snp	ALT	intron
common_snp|KIF1A|2:240780193:A:G|REF	KIF1A	common_snp	REF	intron
common_snp|KIF1A|2:240780193:A:G|ALT	KIF1A	common_snp	ALT	intron
common_snp|KIF1A|2:240780568:G:A|REF	KIF1A	common_snp	REF	intron
common_snp|KIF1A|2:240780568:G:A|ALT	KIF1A	common_snp	ALT	intron
common_snp|KIF1A|2:240782119:C:T|REF	KIF1A	common_snp	REF	intron
common_snp|KIF1A|2:240782119:C:T|ALT	KIF1A	common_snp	ALT	intron
common_snp|KIF1A|2:240782785:G:A|REF	KIF1A	common_snp	REF	intron
common_snp|KIF1A|2:240782785:G:A|ALT	KIF1A	common_snp	ALT	intron
common_snp|KIF1A|2:240783028:G:A|REF	KIF1A	common_snp	REF	intron
common_snp|KIF1A|2:240783028:G:A|ALT	KIF1A	common_snp	ALT	intron
common_snp|KIF1A|2:240783196:A:G|REF	KIF1A	common_snp	REF	intron
common_snp|KIF1A|2:240783196:A:G|ALT	KIF1A	common_snp	ALT	intron
common_snp|KIF1A|2:240783344:A:G|REF	KIF1A	common_snp	REF	intron
common_snp|KIF1A|2:240783344:A:G|ALT	KIF1A	common_snp	ALT	intron
common_snp|KIF1A|2:240783525:C:T|REF	KIF1A	common_snp	REF	intron
common_snp|KIF1A|2:240783525:C:T|ALT	KIF1A	common_snp	ALT	intron
common_snp|KIF1A|2:240784010:A:G|REF	KIF1A	common_snp	REF	intron
common_snp|KIF1A|2:240784010:A:G|ALT	KIF1A	common_snp	ALT	intron
common_snp|KIF1A|2:240784379:G:A|REF	KIF1A	common_snp	REF	intron
common_snp|KIF1A|2:240784379:G:A|ALT	KIF1A	common_snp	ALT	intron
common_snp|KIF1A|2:240784578:C:T|REF	KIF1A	common_snp	REF	intron
common_snp|KIF1A|2:240784578:C:T|ALT	KIF1A	common_snp	ALT	intron
common_snp|KIF1A|2:240785261:G:A|REF	KIF1A	common_snp	REF	intron
common_snp|KIF1A|2:240785261:G:A|ALT	KIF1A	common_snp	ALT	intron
common_snp|KIF1A|2:240785298:C:T|REF	KIF1A	common_snp	REF	intron
common_snp|KIF1A|2:240785298:C:T|ALT	KIF1A	common_snp	ALT	intron
common_snp|KIF1A|2:240785521:A:C|REF	KIF1A	common_snp	REF	intron
common_snp|KIF1A|2:240785521:A:C|ALT	KIF1A	common_snp	ALT	intron
common_snp|KIF1A|2:240785724:G:T|REF	KIF1A	common_snp	REF	intron
common_snp|KIF1A|2:240785724:G:T|ALT	KIF1A	common_snp	ALT	intron
common_snp|KIF1A|2:240786220:G:A|REF	KIF1A	common_snp	REF	intron
common_snp|KIF1A|2:240786220:G:A|ALT	KIF1A	common_snp	ALT	intron
common_snp|KIF1A|2:240786710:A:G|REF	KIF1A	common_snp	REF	intron
common_snp|KIF1A|2:240786710:A:G|ALT	KIF1A	common_snp	ALT	intron
common_snp|KIF1A|2:240787229:A:G|REF	KIF1A	common_snp	REF	intron
common_snp|KIF1A|2:240787229:A:G|ALT	KIF1A	common_snp	ALT	intron
common_snp|KIF1A|2:240789426:C:T|REF	KIF1A	common_snp	REF	intron
common_snp|KIF1A|2:240789426:C:T|ALT	KIF1A	common_snp	ALT	intron
common_snp|KIF1A|2:240789660:T:C|REF	KIF1A	common_snp	REF	intron
common_snp|KIF1A|2:240789660:T:C|ALT	KIF1A	common_snp	ALT	intron
common_snp|KIF1A|2:240790461:T:G|REF	KIF1A	common_snp	REF	intron
common_snp|KIF1A|2:240790461:T:G|ALT	KIF1A	common_snp	ALT	intron
common_snp|KIF1A|2:240790576:C:T|REF	KIF1A	common_snp	REF	intron
common_snp|KIF1A|2:240790576:C:T|ALT	KIF1A	common_snp	ALT	intron
common_snp|KIF1A|2:240792123:C:T|REF	KIF1A	common_snp	REF	intron
common_snp|KIF1A|2:240792123:C:T|ALT	KIF1A	common_snp	ALT	intron
common_snp|KIF1A|2:240794098:G:A|REF	KIF1A	common_snp	REF	intron
common_snp|KIF1A|2:240794098:G:A|ALT	KIF1A	common_snp	ALT	intron
common_snp|KIF1A|2:240794245:A:G|REF	KIF1A	common_snp	REF	intron
common_snp|KIF1A|2:240794245:A:G|ALT	KIF1A	common_snp	ALT	intron
common_snp|KIF1A|2:240794463:C:T|REF	KIF1A	common_snp	REF	intron
common_snp|KIF1A|2:240794463:C:T|ALT	KIF1A	common_snp	ALT	intron
common_snp|KIF1A|2:240795337:T:C|REF	KIF1A	common_snp	REF	intron
common_snp|KIF1A|2:240795337:T:C|ALT	KIF1A	common_snp	ALT	intron
common_snp|KIF1A|2:240796243:G:T|REF	KIF1A	common_snp	REF	intron
common_snp|KIF1A|2:240796243:G:T|ALT	KIF1A	common_snp	ALT	intron
common_snp|KIF1A|2:240797600:C:A|REF	KIF1A	common_snp	REF	intron
common_snp|KIF1A|2:240797600:C:A|ALT	KIF1A	common_snp	ALT	intron
common_snp|KIF1A|2:240798186:C:A|REF	KIF1A	common_snp	REF	intron
common_snp|KIF1A|2:240798186:C:A|ALT	KIF1A	common_snp	ALT	intron
common_snp|KIF1A|2:240798553:G:T|REF	KIF1A	common_snp	REF	intron
common_snp|KIF1A|2:240798553:G:T|ALT	KIF1A	common_snp	ALT	intron
common_snp|KIF1A|2:240798567:G:A|REF	KIF1A	common_snp	REF	intron
common_snp|KIF1A|2:240798567:G:A|ALT	KIF1A	common_snp	ALT	intron
common_snp|KIF1A|2:240799391:A:G|REF	KIF1A	common_snp	REF	intron
common_snp|KIF1A|2:240799391:A:G|ALT	KIF1A	common_snp	ALT	intron
common_snp|KIF1A|2:240799394:G:A|REF	KIF1A	common_snp	REF	intron
common_snp|KIF1A|2:240799394:G:A|ALT	KIF1A	common_snp	ALT	intron
common_snp|KIF1A|2:240800117:C:T|REF	KIF1A	common_snp	REF	intron
common_snp|KIF1A|2:240800117:C:T|ALT	KIF1A	common_snp	ALT	intron
common_snp|KIF1A|2:240801490:T:C|REF	KIF1A	common_snp	REF	intron
common_snp|KIF1A|2:240801490:T:C|ALT	KIF1A	common_snp	ALT	intron
common_snp|KIF1A|2:240801949:G:C|REF	KIF1A	common_snp	REF	intron
common_snp|KIF1A|2:240801949:G:C|ALT	KIF1A	common_snp	ALT	intron
common_snp|KIF1A|2:240802560:C:T|REF	KIF1A	common_snp	REF	intron
common_snp|KIF1A|2:240802560:C:T|ALT	KIF1A	common_snp	ALT	intron
common_snp|KIF1A|2:240803528:T:C|REF	KIF1A	common_snp	REF	intron
common_snp|KIF1A|2:240803528:T:C|ALT	KIF1A	common_snp	ALT	intron
common_snp|KIF1A|2:240803610:C:T|REF	KIF1A	common_snp	REF	intron
common_snp|KIF1A|2:240803610:C:T|ALT	KIF1A	common_snp	ALT	intron
common_snp|KIF1A|2:240803994:G:A|REF	KIF1A	common_snp	REF	intron
common_snp|KIF1A|2:240803994:G:A|ALT	KIF1A	common_snp	ALT	intron
common_snp|KIF1A|2:240804915:C:G|REF	KIF1A	common_snp	REF	intron
common_snp|KIF1A|2:240804915:C:G|ALT	KIF1A	common_snp	ALT	intron
common_snp|KIF1A|2:240804955:G:T|REF	KIF1A	common_snp	REF	intron
common_snp|KIF1A|2:240804955:G:T|ALT	KIF1A	common_snp	ALT	intron
common_snp|KIF1A|2:240805296:C:G|REF	KIF1A	common_snp	REF	intron
common_snp|KIF1A|2:240805296:C:G|ALT	KIF1A	common_snp	ALT	intron
common_snp|KIF1A|2:240805367:A:C|REF	KIF1A	common_snp	REF	intron
common_snp|KIF1A|2:240805367:A:C|ALT	KIF1A	common_snp	ALT	intron
common_snp|KIF1A|2:240805809:A:C|REF	KIF1A	common_snp	REF	intron
common_snp|KIF1A|2:240805809:A:C|ALT	KIF1A	common_snp	ALT	intron
common_snp|KIF1A|2:240805828:A:G|REF	KIF1A	common_snp	REF	intron
common_snp|KIF1A|2:240805828:A:G|ALT	KIF1A	common_snp	ALT	intron
common_snp|KIF1A|2:240806304:A:C|REF	KIF1A	common_snp	REF	intron
common_snp|KIF1A|2:240806304:A:C|ALT	KIF1A	common_snp	ALT	intron
common_snp|KIF1A|2:240806938:C:A|REF	KIF1A	common_snp	REF	intron
common_snp|KIF1A|2:240806938:C:A|ALT	KIF1A	common_snp	ALT	intron
common_snp|KIF1A|2:240807080:G:A|REF	KIF1A	common_snp	REF	intron
common_snp|KIF1A|2:240807080:G:A|ALT	KIF1A	common_snp	ALT	intron
common_snp|KIF1A|2:240807082:G:A|REF	KIF1A	common_snp	REF	intron
common_snp|KIF1A|2:240807082:G:A|ALT	KIF1A	common_snp	ALT	intron
common_snp|KIF1A|2:240807084:G:A|REF	KIF1A	common_snp	REF	intron
common_snp|KIF1A|2:240807084:G:A|ALT	KIF1A	common_snp	ALT	intron
common_snp|KIF1A|2:240807112:G:A|REF	KIF1A	common_snp	REF	intron
common_snp|KIF1A|2:240807112:G:A|ALT	KIF1A	common_snp	ALT	intron
common_snp|KIF1A|2:240807114:G:A|REF	KIF1A	common_snp	REF	intron
common_snp|KIF1A|2:240807114:G:A|ALT	KIF1A	common_snp	ALT	intron
common_snp|KIF1A|2:240807116:G:A|REF	KIF1A	common_snp	REF	intron
common_snp|KIF1A|2:240807116:G:A|ALT	KIF1A	common_snp	ALT	intron
common_snp|KIF1A|2:240807118:G:A|REF	KIF1A	common_snp	REF	intron
common_snp|KIF1A|2:240807118:G:A|ALT	KIF1A	common_snp	ALT	intron
common_snp|KIF1A|2:240807924:A:G|REF	KIF1A	common_snp	REF	intron
common_snp|KIF1A|2:240807924:A:G|ALT	KIF1A	common_snp	ALT	intron
common_snp|KIF1A|2:240807932:A:G|REF	KIF1A	common_snp	REF	intron
common_snp|KIF1A|2:240807932:A:G|ALT	KIF1A	common_snp	ALT	intron
common_snp|KIF1A|2:240808078:T:A|REF	KIF1A	common_snp	REF	intron
common_snp|KIF1A|2:240808078:T:A|ALT	KIF1A	common_snp	ALT	intron
common_snp|KIF1A|2:240808438:T:C|REF	KIF1A	common_snp	REF	intron
common_snp|KIF1A|2:240808438:T:C|ALT	KIF1A	common_snp	ALT	intron
common_snp|KIF1A|2:240808768:C:T|REF	KIF1A	common_snp	REF	intron
common_snp|KIF1A|2:240808768:C:T|ALT	KIF1A	common_snp	ALT	intron
common_snp|KIF1A|2:240808816:C:T|REF	KIF1A	common_snp	REF	intron
common_snp|KIF1A|2:240808816:C:T|ALT	KIF1A	common_snp	ALT	intron
common_snp|KIF1A|2:240809080:G:A|REF	KIF1A	common_snp	REF	intron
common_snp|KIF1A|2:240809080:G:A|ALT	KIF1A	common_snp	ALT	intron
common_snp|KIF1A|2:240809253:T:A|REF	KIF1A	common_snp	REF	intron
common_snp|KIF1A|2:240809253:T:A|ALT	KIF1A	common_snp	ALT	intron
common_snp|KIF1A|2:240809650:G:A|REF	KIF1A	common_snp	REF	intron
common_snp|KIF1A|2:240809650:G:A|ALT	KIF1A	common_snp	ALT	intron
common_snp|KIF1A|2:240810217:T:C|REF	KIF1A	common_snp	REF	intron
common_snp|KIF1A|2:240810217:T:C|ALT	KIF1A	common_snp	ALT	intron
common_snp|KIF1A|2:240810727:A:G|REF	KIF1A	common_snp	REF	intron
common_snp|KIF1A|2:240810727:A:G|ALT	KIF1A	common_snp	ALT	intron
common_snp|KIF1A|2:240811027:C:T|REF	KIF1A	common_snp	REF	intron
common_snp|KIF1A|2:240811027:C:T|ALT	KIF1A	common_snp	ALT	intron
common_snp|KIF1A|2:240811471:A:G|REF	KIF1A	common_snp	REF	intron
common_snp|KIF1A|2:240811471:A:G|ALT	KIF1A	common_snp	ALT	intron
common_snp|KIF1A|2:240811781:C:G|REF	KIF1A	common_snp	REF	intron
common_snp|KIF1A|2:240811781:C:G|ALT	KIF1A	common_snp	ALT	intron
common_snp|KIF1A|2:240812105:C:T|REF	KIF1A	common_snp	REF	intron
common_snp|KIF1A|2:240812105:C:T|ALT	KIF1A	common_snp	ALT	intron
common_snp|KIF1A|2:240813268:T:C|REF	KIF1A	common_snp	REF	intron
common_snp|KIF1A|2:240813268:T:C|ALT	KIF1A	common_snp	ALT	intron
common_snp|KIF1A|2:240814398:T:C|REF	KIF1A	common_snp	REF	intron
common_snp|KIF1A|2:240814398:T:C|ALT	KIF1A	common_snp	ALT	intron
common_snp|KIF1A|2:240814617:G:A|REF	KIF1A	common_snp	REF	intron
common_snp|KIF1A|2:240814617:G:A|ALT	KIF1A	common_snp	ALT	intron
common_snp|KIF1A|2:240814923:G:T|REF	KIF1A	common_snp	REF	intron
common_snp|KIF1A|2:240814923:G:T|ALT	KIF1A	common_snp	ALT	intron
common_snp|KIF1A|2:240816278:G:T|REF	KIF1A	common_snp	REF	intron
common_snp|KIF1A|2:240816278:G:T|ALT	KIF1A	common_snp	ALT	intron
common_snp|KIF1A|2:240817060:C:T|REF	KIF1A	common_snp	REF	intron
common_snp|KIF1A|2:240817060:C:T|ALT	KIF1A	common_snp	ALT	intron
common_snp|KIF1A|2:240817590:A:G|REF	KIF1A	common_snp	REF	intron
common_snp|KIF1A|2:240817590:A:G|ALT	KIF1A	common_snp	ALT	intron
common_snp|KIF1A|2:240817907:G:A|REF	KIF1A	common_snp	REF	intron
common_snp|KIF1A|2:240817907:G:A|ALT	KIF1A	common_snp	ALT	intron
common_snp|KIF1A|2:240817932:G:C|REF	KIF1A	common_snp	REF	intron
common_snp|KIF1A|2:240817932:G:C|ALT	KIF1A	common_snp	ALT	intron
common_snp|KIF1A|2:240818334:C:A|REF	KIF1A	common_snp	REF	intron
common_snp|KIF1A|2:240818334:C:A|ALT	KIF1A	common_snp	ALT	intron
common_snp|KIF1A|2:240818738:G:A|REF	KIF1A	common_snp	REF	intron
common_snp|KIF1A|2:240818738:G:A|ALT	KIF1A	common_snp	ALT	intron
common_snp|KIF1A|2:240818744:T:G|REF	KIF1A	common_snp	REF	exon_nonCDS
common_snp|KIF1A|2:240818744:T:G|ALT	KIF1A	common_snp	ALT	exon_nonCDS
common_snp|KIF1A|2:240819574:G:A|REF	KIF1A	common_snp	REF	exon_nonCDS
common_snp|KIF1A|2:240819574:G:A|ALT	KIF1A	common_snp	ALT	exon_nonCDS
common_snp|KIF1A|2:240819810:C:G|REF	KIF1A	common_snp	REF	intron
common_snp|KIF1A|2:240819810:C:G|ALT	KIF1A	common_snp	ALT	intron
common_snp|KIF1A|2:240819820:C:A|REF	KIF1A	common_snp	REF	intron
common_snp|KIF1A|2:240819820:C:A|ALT	KIF1A	common_snp	ALT	intron
common_snp|KIF1A|2:240820475:A:G|REF	KIF1A	common_snp	REF	intron
common_snp|KIF1A|2:240820475:A:G|ALT	KIF1A	common_snp	ALT	intron
common_snp|KIF1A|2:240820742:G:T|REF	KIF1A	common_snp	REF	intron
common_snp|KIF1A|2:240820742:G:T|ALT	KIF1A	common_snp	ALT	intron
common_snp|KIF1A|2:240820795:C:G|REF	KIF1A	common_snp	REF	intron
common_snp|KIF1A|2:240820795:C:G|ALT	KIF1A	common_snp	ALT	intron
common_snp|KIF1A|2:240821157:T:C|REF	KIF1A	common_snp	REF	intron
common_snp|KIF1A|2:240821157:T:C|ALT	KIF1A	common_snp	ALT	intron
common_snp|KIF1A|2:240821331:C:T|REF	KIF1A	common_snp	REF	intron
common_snp|KIF1A|2:240821331:C:T|ALT	KIF1A	common_snp	ALT	intron
common_snp|KIF1A|2:240821875:C:T|REF	KIF1A	common_snp	REF	intron
common_snp|KIF1A|2:240821875:C:T|ALT	KIF1A	common_snp	ALT	intron
common_snp|KIF1A|2:240822303:T:C|REF	KIF1A	common_snp	REF	intron
common_snp|KIF1A|2:240822303:T:C|ALT	KIF1A	common_snp	ALT	intron
common_snp|KIF1A|2:240823137:T:C|REF	KIF1A	common_snp	REF	intron
common_snp|KIF1A|2:240823137:T:C|ALT	KIF1A	common_snp	ALT	intron
common_snp|KIF1A|2:240823162:T:G|REF	KIF1A	common_snp	REF	intron
common_snp|KIF1A|2:240823162:T:G|ALT	KIF1A	common_snp	ALT	intron
common_snp|KIF1A|2:240823751:T:C|REF	KIF1A	common_snp	REF	intron
common_snp|KIF1A|2:240823751:T:C|ALT	KIF1A	common_snp	ALT	intron
common_snp|PIK3CA|3:179148539:C:T|REF	PIK3CA	common_snp	REF	exon_nonCDS
common_snp|PIK3CA|3:179148539:C:T|ALT	PIK3CA	common_snp	ALT	exon_nonCDS
common_snp|PIK3CA|3:179148620:C:T|REF	PIK3CA	common_snp	REF	intron
common_snp|PIK3CA|3:179148620:C:T|ALT	PIK3CA	common_snp	ALT	intron
common_snp|PIK3CA|3:179150015:G:T|REF	PIK3CA	common_snp	REF	intron
common_snp|PIK3CA|3:179150015:G:T|ALT	PIK3CA	common_snp	ALT	intron
common_snp|PIK3CA|3:179154118:T:C|REF	PIK3CA	common_snp	REF	intron
common_snp|PIK3CA|3:179154118:T:C|ALT	PIK3CA	common_snp	ALT	intron
common_snp|PIK3CA|3:179154567:C:T|REF	PIK3CA	common_snp	REF	intron
common_snp|PIK3CA|3:179154567:C:T|ALT	PIK3CA	common_snp	ALT	intron
common_snp|PIK3CA|3:179155577:T:G|REF	PIK3CA	common_snp	REF	intron
common_snp|PIK3CA|3:179155577:T:G|ALT	PIK3CA	common_snp	ALT	intron
common_snp|PIK3CA|3:179156067:C:G|REF	PIK3CA	common_snp	REF	intron
common_snp|PIK3CA|3:179156067:C:G|ALT	PIK3CA	common_snp	ALT	intron
common_snp|PIK3CA|3:179157086:C:T|REF	PIK3CA	common_snp	REF	intron
common_snp|PIK3CA|3:179157086:C:T|ALT	PIK3CA	common_snp	ALT	intron
common_snp|PIK3CA|3:179157212:C:A|REF	PIK3CA	common_snp	REF	intron
common_snp|PIK3CA|3:179157212:C:A|ALT	PIK3CA	common_snp	ALT	intron
common_snp|PIK3CA|3:179157348:A:C|REF	PIK3CA	common_snp	REF	intron
common_snp|PIK3CA|3:179157348:A:C|ALT	PIK3CA	common_snp	ALT	intron
common_snp|PIK3CA|3:179157612:A:G|REF	PIK3CA	common_snp	REF	intron
common_snp|PIK3CA|3:179157612:A:G|ALT	PIK3CA	common_snp	ALT	intron
common_snp|PIK3CA|3:179160068:C:T|REF	PIK3CA	common_snp	REF	intron
common_snp|PIK3CA|3:179160068:C:T|ALT	PIK3CA	common_snp	ALT	intron
common_snp|PIK3CA|3:179160854:A:C|REF	PIK3CA	common_snp	REF	intron
common_snp|PIK3CA|3:179160854:A:C|ALT	PIK3CA	common_snp	ALT	intron
common_snp|PIK3CA|3:179161942:A:G|REF	PIK3CA	common_snp	REF	intron
common_snp|PIK3CA|3:179161942:A:G|ALT	PIK3CA	common_snp	ALT	intron
common_snp|PIK3CA|3:179163482:T:G|REF	PIK3CA	common_snp	REF	intron
common_snp|PIK3CA|3:179163482:T:G|ALT	PIK3CA	common_snp	ALT	intron
common_snp|PIK3CA|3:179164272:A:C|REF	PIK3CA	common_snp	REF	intron
common_snp|PIK3CA|3:179164272:A:C|ALT	PIK3CA	common_snp	ALT	intron
common_snp|PIK3CA|3:179166549:C:T|REF	PIK3CA	common_snp	REF	intron
common_snp|PIK3CA|3:179166549:C:T|ALT	PIK3CA	common_snp	ALT	intron
common_snp|PIK3CA|3:179168821:C:T|REF	PIK3CA	common_snp	REF	intron
common_snp|PIK3CA|3:179168821:C:T|ALT	PIK3CA	common_snp	ALT	intron
common_snp|PIK3CA|3:179168921:C:T|REF	PIK3CA	common_snp	REF	intron
common_snp|PIK3CA|3:179168921:C:T|ALT	PIK3CA	common_snp	ALT	intron
common_snp|PIK3CA|3:179169899:G:A|REF	PIK3CA	common_snp	REF	intron
common_snp|PIK3CA|3:179169899:G:A|ALT	PIK3CA	common_snp	ALT	intron
common_snp|PIK3CA|3:179170061:T:C|REF	PIK3CA	common_snp	REF	intron
common_snp|PIK3CA|3:179170061:T:C|ALT	PIK3CA	common_snp	ALT	intron
common_snp|PIK3CA|3:179170077:G:A|REF	PIK3CA	common_snp	REF	intron
common_snp|PIK3CA|3:179170077:G:A|ALT	PIK3CA	common_snp	ALT	intron
common_snp|PIK3CA|3:179172828:T:C|REF	PIK3CA	common_snp	REF	intron
common_snp|PIK3CA|3:179172828:T:C|ALT	PIK3CA	common_snp	ALT	intron
common_snp|PIK3CA|3:179172862:A:G|REF	PIK3CA	common_snp	REF	intron
common_snp|PIK3CA|3:179172862:A:G|ALT	PIK3CA	common_snp	ALT	intron
common_snp|PIK3CA|3:179173280:C:T|REF	PIK3CA	common_snp	REF	intron
common_snp|PIK3CA|3:179173280:C:T|ALT	PIK3CA	common_snp	ALT	intron
common_snp|PIK3CA|3:179173286:C:T|REF	PIK3CA	common_snp	REF	intron
common_snp|PIK3CA|3:179173286:C:T|ALT	PIK3CA	common_snp	ALT	intron
common_snp|PIK3CA|3:179173297:G:A|REF	PIK3CA	common_snp	REF	intron
common_snp|PIK3CA|3:179173297:G:A|ALT	PIK3CA	common_snp	ALT	intron
common_snp|PIK3CA|3:179173471:C:T|REF	PIK3CA	common_snp	REF	intron
common_snp|PIK3CA|3:179173471:C:T|ALT	PIK3CA	common_snp	ALT	intron
common_snp|PIK3CA|3:179173482:G:A|REF	PIK3CA	common_snp	REF	intron
common_snp|PIK3CA|3:179173482:G:A|ALT	PIK3CA	common_snp	ALT	intron
common_snp|PIK3CA|3:179173529:A:C|REF	PIK3CA	common_snp	REF	intron
common_snp|PIK3CA|3:179173529:A:C|ALT	PIK3CA	common_snp	ALT	intron
common_snp|PIK3CA|3:179173621:G:A|REF	PIK3CA	common_snp	REF	intron
common_snp|PIK3CA|3:179173621:G:A|ALT	PIK3CA	common_snp	ALT	intron
common_snp|PIK3CA|3:179173633:A:G|REF	PIK3CA	common_snp	REF	intron
common_snp|PIK3CA|3:179173633:A:G|ALT	PIK3CA	common_snp	ALT	intron
common_snp|PIK3CA|3:179174916:C:T|REF	PIK3CA	common_snp	REF	intron
common_snp|PIK3CA|3:179174916:C:T|ALT	PIK3CA	common_snp	ALT	intron
common_snp|PIK3CA|3:179175241:A:G|REF	PIK3CA	common_snp	REF	intron
common_snp|PIK3CA|3:179175241:A:G|ALT	PIK3CA	common_snp	ALT	intron
common_snp|PIK3CA|3:179179886:C:A|REF	PIK3CA	common_snp	REF	intron
common_snp|PIK3CA|3:179179886:C:A|ALT	PIK3CA	common_snp	ALT	intron
common_snp|PIK3CA|3:179182079:C:T|REF	PIK3CA	common_snp	REF	intron
common_snp|PIK3CA|3:179182079:C:T|ALT	PIK3CA	common_snp	ALT	intron
common_snp|PIK3CA|3:179182405:T:C|REF	PIK3CA	common_snp	REF	intron
common_snp|PIK3CA|3:179182405:T:C|ALT	PIK3CA	common_snp	ALT	intron
common_snp|PIK3CA|3:179182648:A:G|REF	PIK3CA	common_snp	REF	intron
common_snp|PIK3CA|3:179182648:A:G|ALT	PIK3CA	common_snp	ALT	intron
common_snp|PIK3CA|3:179185476:C:T|REF	PIK3CA	common_snp	REF	intron
common_snp|PIK3CA|3:179185476:C:T|ALT	PIK3CA	common_snp	ALT	intron
common_snp|PIK3CA|3:179187731:G:A|REF	PIK3CA	common_snp	REF	intron
common_snp|PIK3CA|3:179187731:G:A|ALT	PIK3CA	common_snp	ALT	intron
common_snp|PIK3CA|3:179189088:C:T|REF	PIK3CA	common_snp	REF	intron
common_snp|PIK3CA|3:179189088:C:T|ALT	PIK3CA	common_snp	ALT	intron
common_snp|PIK3CA|3:179189235:A:T|REF	PIK3CA	common_snp	REF	intron
common_snp|PIK3CA|3:179189235:A:T|ALT	PIK3CA	common_snp	ALT	intron
common_snp|PIK3CA|3:179189783:T:G|REF	PIK3CA	common_snp	REF	intron
common_snp|PIK3CA|3:179189783:T:G|ALT	PIK3CA	common_snp	ALT	intron
common_snp|PIK3CA|3:179190061:G:A|REF	PIK3CA	common_snp	REF	intron
common_snp|PIK3CA|3:179190061:G:A|ALT	PIK3CA	common_snp	ALT	intron
common_snp|PIK3CA|3:179193641:C:T|REF	PIK3CA	common_snp	REF	intron
common_snp|PIK3CA|3:179193641:C:T|ALT	PIK3CA	common_snp	ALT	intron
common_snp|PIK3CA|3:179193746:T:G|REF	PIK3CA	common_snp	REF	intron
common_snp|PIK3CA|3:179193746:T:G|ALT	PIK3CA	common_snp	ALT	intron
common_snp|PIK3CA|3:179194873:G:A|REF	PIK3CA	common_snp	REF	intron
common_snp|PIK3CA|3:179194873:G:A|ALT	PIK3CA	common_snp	ALT	intron
common_snp|PIK3CA|3:179195035:G:A|REF	PIK3CA	common_snp	REF	intron
common_snp|PIK3CA|3:179195035:G:A|ALT	PIK3CA	common_snp	ALT	intron
common_snp|PIK3CA|3:179195218:C:A|REF	PIK3CA	common_snp	REF	intron
common_snp|PIK3CA|3:179195218:C:A|ALT	PIK3CA	common_snp	ALT	intron
common_snp|PIK3CA|3:179197091:T:C|REF	PIK3CA	common_snp	REF	intron
common_snp|PIK3CA|3:179197091:T:C|ALT	PIK3CA	common_snp	ALT	intron
common_snp|PIK3CA|3:179199217:A:G|REF	PIK3CA	common_snp	REF	intron
common_snp|PIK3CA|3:179199217:A:G|ALT	PIK3CA	common_snp	ALT	intron
common_snp|PIK3CA|3:179203002:A:G|REF	PIK3CA	common_snp	REF	intron
common_snp|PIK3CA|3:179203002:A:G|ALT	PIK3CA	common_snp	ALT	intron
common_snp|PIK3CA|3:179203235:C:T|REF	PIK3CA	common_snp	REF	intron
common_snp|PIK3CA|3:179203235:C:T|ALT	PIK3CA	common_snp	ALT	intron
common_snp|PIK3CA|3:179203370:G:A|REF	PIK3CA	common_snp	REF	intron
common_snp|PIK3CA|3:179203370:G:A|ALT	PIK3CA	common_snp	ALT	intron
common_snp|PIK3CA|3:179203851:C:A|REF	PIK3CA	common_snp	REF	intron
common_snp|PIK3CA|3:179203851:C:A|ALT	PIK3CA	common_snp	ALT	intron
common_snp|PIK3CA|3:179204434:G:T|REF	PIK3CA	common_snp	REF	intron
common_snp|PIK3CA|3:179204434:G:T|ALT	PIK3CA	common_snp	ALT	intron
common_snp|PIK3CA|3:179204486:C:A|REF	PIK3CA	common_snp	REF	intron
common_snp|PIK3CA|3:179204486:C:A|ALT	PIK3CA	common_snp	ALT	intron
common_snp|PIK3CA|3:179204642:A:G|REF	PIK3CA	common_snp	REF	intron
common_snp|PIK3CA|3:179204642:A:G|ALT	PIK3CA	common_snp	ALT	intron
common_snp|PIK3CA|3:179204894:A:G|REF	PIK3CA	common_snp	REF	intron
common_snp|PIK3CA|3:179204894:A:G|ALT	PIK3CA	common_snp	ALT	intron
common_snp|PIK3CA|3:179205015:C:T|REF	PIK3CA	common_snp	REF	intron
common_snp|PIK3CA|3:179205015:C:T|ALT	PIK3CA	common_snp	ALT	intron
common_snp|PIK3CA|3:179207162:A:T|REF	PIK3CA	common_snp	REF	intron
common_snp|PIK3CA|3:179207162:A:T|ALT	PIK3CA	common_snp	ALT	intron
common_snp|PIK3CA|3:179207228:T:G|REF	PIK3CA	common_snp	REF	intron
common_snp|PIK3CA|3:179207228:T:G|ALT	PIK3CA	common_snp	ALT	intron
common_snp|PIK3CA|3:179207234:T:C|REF	PIK3CA	common_snp	REF	intron
common_snp|PIK3CA|3:179207234:T:C|ALT	PIK3CA	common_snp	ALT	intron
common_snp|PIK3CA|3:179207586:G:A|REF	PIK3CA	common_snp	REF	intron
common_snp|PIK3CA|3:179207586:G:A|ALT	PIK3CA	common_snp	ALT	intron
common_snp|PIK3CA|3:179207889:G:A|REF	PIK3CA	common_snp	REF	intron
common_snp|PIK3CA|3:179207889:G:A|ALT	PIK3CA	common_snp	ALT	intron
common_snp|PIK3CA|3:179207948:G:A|REF	PIK3CA	common_snp	REF	intron
common_snp|PIK3CA|3:179207948:G:A|ALT	PIK3CA	common_snp	ALT	intron
common_snp|PIK3CA|3:179209323:C:A|REF	PIK3CA	common_snp	REF	intron
common_snp|PIK3CA|3:179209323:C:A|ALT	PIK3CA	common_snp	ALT	intron
common_snp|PIK3CA|3:179209361:T:C|REF	PIK3CA	common_snp	REF	intron
common_snp|PIK3CA|3:179209361:T:C|ALT	PIK3CA	common_snp	ALT	intron
common_snp|PIK3CA|3:179209557:T:C|REF	PIK3CA	common_snp	REF	intron
common_snp|PIK3CA|3:179209557:T:C|ALT	PIK3CA	common_snp	ALT	intron
common_snp|PIK3CA|3:179212299:C:T|REF	PIK3CA	common_snp	REF	intron
common_snp|PIK3CA|3:179212299:C:T|ALT	PIK3CA	common_snp	ALT	intron
common_snp|PIK3CA|3:179212380:G:A|REF	PIK3CA	common_snp	REF	intron
common_snp|PIK3CA|3:179212380:G:A|ALT	PIK3CA	common_snp	ALT	intron
common_snp|PIK3CA|3:179212564:G:A|REF	PIK3CA	common_snp	REF	intron
common_snp|PIK3CA|3:179212564:G:A|ALT	PIK3CA	common_snp	ALT	intron
common_snp|PIK3CA|3:179212749:A:G|REF	PIK3CA	common_snp	REF	intron
common_snp|PIK3CA|3:179212749:A:G|ALT	PIK3CA	common_snp	ALT	intron
common_snp|PIK3CA|3:179212937:T:G|REF	PIK3CA	common_snp	REF	intron
common_snp|PIK3CA|3:179212937:T:G|ALT	PIK3CA	common_snp	ALT	intron
common_snp|PIK3CA|3:179213419:G:A|REF	PIK3CA	common_snp	REF	intron
common_snp|PIK3CA|3:179213419:G:A|ALT	PIK3CA	common_snp	ALT	intron
common_snp|PIK3CA|3:179214560:A:G|REF	PIK3CA	common_snp	REF	intron
common_snp|PIK3CA|3:179214560:A:G|ALT	PIK3CA	common_snp	ALT	intron
common_snp|PIK3CA|3:179214763:C:T|REF	PIK3CA	common_snp	REF	intron
common_snp|PIK3CA|3:179214763:C:T|ALT	PIK3CA	common_snp	ALT	intron
common_snp|PIK3CA|3:179215490:C:T|REF	PIK3CA	common_snp	REF	intron
common_snp|PIK3CA|3:179215490:C:T|ALT	PIK3CA	common_snp	ALT	intron
common_snp|PIK3CA|3:179215575:C:T|REF	PIK3CA	common_snp	REF	intron
common_snp|PIK3CA|3:179215575:C:T|ALT	PIK3CA	common_snp	ALT	intron
common_snp|PIK3CA|3:179216278:C:G|REF	PIK3CA	common_snp	REF	intron
common_snp|PIK3CA|3:179216278:C:G|ALT	PIK3CA	common_snp	ALT	intron
common_snp|PIK3CA|3:179217433:G:A|REF	PIK3CA	common_snp	REF	intron
common_snp|PIK3CA|3:179217433:G:A|ALT	PIK3CA	common_snp	ALT	intron
common_snp|PIK3CA|3:179217522:T:A|REF	PIK3CA	common_snp	REF	intron
common_snp|PIK3CA|3:179217522:T:A|ALT	PIK3CA	common_snp	ALT	intron
common_snp|PIK3CA|3:179218011:T:C|REF	PIK3CA	common_snp	REF	intron
common_snp|PIK3CA|3:179218011:T:C|ALT	PIK3CA	common_snp	ALT	intron
common_snp|PIK3CA|3:179218439:T:G|REF	PIK3CA	common_snp	REF	intron
common_snp|PIK3CA|3:179218439:T:G|ALT	PIK3CA	common_snp	ALT	intron
common_snp|PIK3CA|3:179220089:A:G|REF	PIK3CA	common_snp	REF	intron
common_snp|PIK3CA|3:179220089:A:G|ALT	PIK3CA	common_snp	ALT	intron
common_snp|PIK3CA|3:179220766:A:T|REF	PIK3CA	common_snp	REF	intron
common_snp|PIK3CA|3:179220766:A:T|ALT	PIK3CA	common_snp	ALT	intron
common_snp|PIK3CA|3:179220959:A:T|REF	PIK3CA	common_snp	REF	intron
common_snp|PIK3CA|3:179220959:A:T|ALT	PIK3CA	common_snp	ALT	intron
common_snp|PIK3CA|3:179221463:A:T|REF	PIK3CA	common_snp	REF	intron
common_snp|PIK3CA|3:179221463:A:T|ALT	PIK3CA	common_snp	ALT	intron
common_snp|PIK3CA|3:179222706:A:G|REF	PIK3CA	common_snp	REF	intron
common_snp|PIK3CA|3:179222706:A:G|ALT	PIK3CA	common_snp	ALT	intron
common_snp|PIK3CA|3:179224643:C:G|REF	PIK3CA	common_snp	REF	intron
common_snp|PIK3CA|3:179224643:C:G|ALT	PIK3CA	common_snp	ALT	intron
common_snp|PIK3CA|3:179225280:A:G|REF	PIK3CA	common_snp	REF	intron
common_snp|PIK3CA|3:179225280:A:G|ALT	PIK3CA	common_snp	ALT	intron
common_snp|PIK3CA|3:179225333:A:G|REF	PIK3CA	common_snp	REF	intron
common_snp|PIK3CA|3:179225333:A:G|ALT	PIK3CA	common_snp	ALT	intron
common_snp|PIK3CA|3:179225335:G:A|REF	PIK3CA	common_snp	REF	intron
common_snp|PIK3CA|3:179225335:G:A|ALT	PIK3CA	common_snp	ALT	intron
common_snp|PIK3CA|3:179230597:A:T|REF	PIK3CA	common_snp	REF	intron
common_snp|PIK3CA|3:179230597:A:T|ALT	PIK3CA	common_snp	ALT	intron
common_snp|PIK3CA|3:179230795:C:T|REF	PIK3CA	common_snp	REF	intron
common_snp|PIK3CA|3:179230795:C:T|ALT	PIK3CA	common_snp	ALT	intron
common_snp|PIK3CA|3:179230827:C:T|REF	PIK3CA	common_snp	REF	intron
common_snp|PIK3CA|3:179230827:C:T|ALT	PIK3CA	common_snp	ALT	intron
common_snp|PIK3CA|3:179230982:G:C|REF	PIK3CA	common_snp	REF	intron
common_snp|PIK3CA|3:179230982:G:C|ALT	PIK3CA	common_snp	ALT	intron
common_snp|PIK3CA|3:179232509:C:T|REF	PIK3CA	common_snp	REF	intron
common_snp|PIK3CA|3:179232509:C:T|ALT	PIK3CA	common_snp	ALT	intron
common_snp|PIK3CA|3:179234719:G:T|REF	PIK3CA	common_snp	REF	exon_nonCDS
common_snp|PIK3CA|3:179234719:G:T|ALT	PIK3CA	common_snp	ALT	exon_nonCDS
common_snp|PIK3CA|3:179237995:T:C|REF	PIK3CA	common_snp	REF	exon_nonCDS
common_snp|PIK3CA|3:179237995:T:C|ALT	PIK3CA	common_snp	ALT	exon_nonCDS
common_snp|PIK3CA|3:179239995:C:T|REF	PIK3CA	common_snp	REF	exon_nonCDS
common_snp|PIK3CA|3:179239995:C:T|ALT	PIK3CA	common_snp	ALT	exon_nonCDS
common_snp|CARD11|7:2906827:T:C|REF	CARD11	common_snp	REF	CDS
common_snp|CARD11|7:2906827:T:C|ALT	CARD11	common_snp	ALT	CDS
common_snp|CARD11|7:2906918:C:A|REF	CARD11	common_snp	REF	intron
common_snp|CARD11|7:2906918:C:A|ALT	CARD11	common_snp	ALT	intron
common_snp|CARD11|7:2907107:T:C|REF	CARD11	common_snp	REF	intron
common_snp|CARD11|7:2907107:T:C|ALT	CARD11	common_snp	ALT	intron
common_snp|CARD11|7:2907199:T:C|REF	CARD11	common_snp	REF	intron
common_snp|CARD11|7:2907199:T:C|ALT	CARD11	common_snp	ALT	intron
common_snp|CARD11|7:2907430:G:A|REF	CARD11	common_snp	REF	intron
common_snp|CARD11|7:2907430:G:A|ALT	CARD11	common_snp	ALT	intron
common_snp|CARD11|7:2907529:G:T|REF	CARD11	common_snp	REF	intron
common_snp|CARD11|7:2907529:G:T|ALT	CARD11	common_snp	ALT	intron
common_snp|CARD11|7:2908971:C:T|REF	CARD11	common_snp	REF	intron
common_snp|CARD11|7:2908971:C:T|ALT	CARD11	common_snp	ALT	intron
common_snp|CARD11|7:2908976:C:T|REF	CARD11	common_snp	REF	intron
common_snp|CARD11|7:2908976:C:T|ALT	CARD11	common_snp	ALT	intron
common_snp|CARD11|7:2908986:C:A|REF	CARD11	common_snp	REF	intron
common_snp|CARD11|7:2908986:C:A|ALT	CARD11	common_snp	ALT	intron
common_snp|CARD11|7:2909106:G:C|REF	CARD11	common_snp	REF	intron
common_snp|CARD11|7:2909106:G:C|ALT	CARD11	common_snp	ALT	intron
common_snp|CARD11|7:2910386:C:T|REF	CARD11	common_snp	REF	intron
common_snp|CARD11|7:2910386:C:T|ALT	CARD11	common_snp	ALT	intron
common_snp|CARD11|7:2910610:G:A|REF	CARD11	common_snp	REF	intron
common_snp|CARD11|7:2910610:G:A|ALT	CARD11	common_snp	ALT	intron
common_snp|CARD11|7:2910736:T:C|REF	CARD11	common_snp	REF	intron
common_snp|CARD11|7:2910736:T:C|ALT	CARD11	common_snp	ALT	intron
common_snp|CARD11|7:2910737:A:G|REF	CARD11	common_snp	REF	intron
common_snp|CARD11|7:2910737:A:G|ALT	CARD11	common_snp	ALT	intron
common_snp|CARD11|7:2910743:A:G|REF	CARD11	common_snp	REF	intron
common_snp|CARD11|7:2910743:A:G|ALT	CARD11	common_snp	ALT	intron
common_snp|CARD11|7:2910883:C:G|REF	CARD11	common_snp	REF	intron
common_snp|CARD11|7:2910883:C:G|ALT	CARD11	common_snp	ALT	intron
common_snp|CARD11|7:2910988:A:C|REF	CARD11	common_snp	REF	intron
common_snp|CARD11|7:2910988:A:C|ALT	CARD11	common_snp	ALT	intron
common_snp|CARD11|7:2911113:C:T|REF	CARD11	common_snp	REF	intron
common_snp|CARD11|7:2911113:C:T|ALT	CARD11	common_snp	ALT	intron
common_snp|CARD11|7:2911333:G:A|REF	CARD11	common_snp	REF	intron
common_snp|CARD11|7:2911333:G:A|ALT	CARD11	common_snp	ALT	intron
common_snp|CARD11|7:2911610:G:A|REF	CARD11	common_snp	REF	intron
common_snp|CARD11|7:2911610:G:A|ALT	CARD11	common_snp	ALT	intron
common_snp|CARD11|7:2911622:C:G|REF	CARD11	common_snp	REF	intron
common_snp|CARD11|7:2911622:C:G|ALT	CARD11	common_snp	ALT	intron
common_snp|CARD11|7:2911652:G:T|REF	CARD11	common_snp	REF	intron
common_snp|CARD11|7:2911652:G:T|ALT	CARD11	common_snp	ALT	intron
common_snp|CARD11|7:2911675:A:G|REF	CARD11	common_snp	REF	intron
common_snp|CARD11|7:2911675:A:G|ALT	CARD11	common_snp	ALT	intron
common_snp|CARD11|7:2911712:A:G|REF	CARD11	common_snp	REF	intron
common_snp|CARD11|7:2911712:A:G|ALT	CARD11	common_snp	ALT	intron
common_snp|CARD11|7:2911778:T:C|REF	CARD11	common_snp	REF	intron
common_snp|CARD11|7:2911778:T:C|ALT	CARD11	common_snp	ALT	intron
common_snp|CARD11|7:2912016:C:G|REF	CARD11	common_snp	REF	intron
common_snp|CARD11|7:2912016:C:G|ALT	CARD11	common_snp	ALT	intron
common_snp|CARD11|7:2912190:A:G|REF	CARD11	common_snp	REF	CDS
common_snp|CARD11|7:2912190:A:G|ALT	CARD11	common_snp	ALT	CDS
common_snp|CARD11|7:2912607:C:T|REF	CARD11	common_snp	REF	intron
common_snp|CARD11|7:2912607:C:T|ALT	CARD11	common_snp	ALT	intron
common_snp|CARD11|7:2913252:C:T|REF	CARD11	common_snp	REF	intron
common_snp|CARD11|7:2913252:C:T|ALT	CARD11	common_snp	ALT	intron
common_snp|CARD11|7:2913799:G:A|REF	CARD11	common_snp	REF	intron
common_snp|CARD11|7:2913799:G:A|ALT	CARD11	common_snp	ALT	intron
common_snp|CARD11|7:2913808:G:A|REF	CARD11	common_snp	REF	intron
common_snp|CARD11|7:2913808:G:A|ALT	CARD11	common_snp	ALT	intron
common_snp|CARD11|7:2913911:T:C|REF	CARD11	common_snp	REF	intron
common_snp|CARD11|7:2913911:T:C|ALT	CARD11	common_snp	ALT	intron
common_snp|CARD11|7:2914566:C:T|REF	CARD11	common_snp	REF	intron
common_snp|CARD11|7:2914566:C:T|ALT	CARD11	common_snp	ALT	intron
common_snp|CARD11|7:2914671:T:A|REF	CARD11	common_snp	REF	intron
common_snp|CARD11|7:2914671:T:A|ALT	CARD11	common_snp	ALT	intron
common_snp|CARD11|7:2914694:T:A|REF	CARD11	common_snp	REF	intron
common_snp|CARD11|7:2914694:T:A|ALT	CARD11	common_snp	ALT	intron
common_snp|CARD11|7:2914753:G:A|REF	CARD11	common_snp	REF	intron
common_snp|CARD11|7:2914753:G:A|ALT	CARD11	common_snp	ALT	intron
common_snp|CARD11|7:2914902:G:A|REF	CARD11	common_snp	REF	intron
common_snp|CARD11|7:2914902:G:A|ALT	CARD11	common_snp	ALT	intron
common_snp|CARD11|7:2915463:C:T|REF	CARD11	common_snp	REF	intron
common_snp|CARD11|7:2915463:C:T|ALT	CARD11	common_snp	ALT	intron
common_snp|CARD11|7:2916451:T:G|REF	CARD11	common_snp	REF	intron
common_snp|CARD11|7:2916451:T:G|ALT	CARD11	common_snp	ALT	intron
common_snp|CARD11|7:2916583:C:T|REF	CARD11	common_snp	REF	intron
common_snp|CARD11|7:2916583:C:T|ALT	CARD11	common_snp	ALT	intron
common_snp|CARD11|7:2916633:C:A|REF	CARD11	common_snp	REF	intron
common_snp|CARD11|7:2916633:C:A|ALT	CARD11	common_snp	ALT	intron
common_snp|CARD11|7:2917125:G:A|REF	CARD11	common_snp	REF	intron
common_snp|CARD11|7:2917125:G:A|ALT	CARD11	common_snp	ALT	intron
common_snp|CARD11|7:2917284:C:A|REF	CARD11	common_snp	REF	intron
common_snp|CARD11|7:2917284:C:A|ALT	CARD11	common_snp	ALT	intron
common_snp|CARD11|7:2917371:T:C|REF	CARD11	common_snp	REF	CDS
common_snp|CARD11|7:2917371:T:C|ALT	CARD11	common_snp	ALT	CDS
common_snp|CARD11|7:2917790:A:C|REF	CARD11	common_snp	REF	intron
common_snp|CARD11|7:2917790:A:C|ALT	CARD11	common_snp	ALT	intron
common_snp|CARD11|7:2917956:C:G|REF	CARD11	common_snp	REF	intron
common_snp|CARD11|7:2917956:C:G|ALT	CARD11	common_snp	ALT	intron
common_snp|CARD11|7:2918664:C:T|REF	CARD11	common_snp	REF	intron
common_snp|CARD11|7:2918664:C:T|ALT	CARD11	common_snp	ALT	intron
common_snp|CARD11|7:2918870:G:A|REF	CARD11	common_snp	REF	intron
common_snp|CARD11|7:2918870:G:A|ALT	CARD11	common_snp	ALT	intron
common_snp|CARD11|7:2919538:G:A|REF	CARD11	common_snp	REF	CDS
common_snp|CARD11|7:2919538:G:A|ALT	CARD11	common_snp	ALT	CDS
common_snp|CARD11|7:2920346:G:A|REF	CARD11	common_snp	REF	intron
common_snp|CARD11|7:2920346:G:A|ALT	CARD11	common_snp	ALT	intron
common_snp|CARD11|7:2920603:G:A|REF	CARD11	common_snp	REF	intron
common_snp|CARD11|7:2920603:G:A|ALT	CARD11	common_snp	ALT	intron
common_snp|CARD11|7:2920868:T:G|REF	CARD11	common_snp	REF	intron
common_snp|CARD11|7:2920868:T:G|ALT	CARD11	common_snp	ALT	intron
common_snp|CARD11|7:2921432:A:G|REF	CARD11	common_snp	REF	intron
common_snp|CARD11|7:2921432:A:G|ALT	CARD11	common_snp	ALT	intron
common_snp|CARD11|7:2921740:G:A|REF	CARD11	common_snp	REF	intron
common_snp|CARD11|7:2921740:G:A|ALT	CARD11	common_snp	ALT	intron
common_snp|CARD11|7:2921775:T:C|REF	CARD11	common_snp	REF	intron
common_snp|CARD11|7:2921775:T:C|ALT	CARD11	common_snp	ALT	intron
common_snp|CARD11|7:2921780:C:T|REF	CARD11	common_snp	REF	intron
common_snp|CARD11|7:2921780:C:T|ALT	CARD11	common_snp	ALT	intron
common_snp|CARD11|7:2922275:A:C|REF	CARD11	common_snp	REF	intron
common_snp|CARD11|7:2922275:A:C|ALT	CARD11	common_snp	ALT	intron
common_snp|CARD11|7:2922380:G:A|REF	CARD11	common_snp	REF	intron
common_snp|CARD11|7:2922380:G:A|ALT	CARD11	common_snp	ALT	intron
common_snp|CARD11|7:2922402:C:T|REF	CARD11	common_snp	REF	intron
common_snp|CARD11|7:2922402:C:T|ALT	CARD11	common_snp	ALT	intron
common_snp|CARD11|7:2922607:G:A|REF	CARD11	common_snp	REF	intron
common_snp|CARD11|7:2922607:G:A|ALT	CARD11	common_snp	ALT	intron
common_snp|CARD11|7:2922659:C:G|REF	CARD11	common_snp	REF	CDS
common_snp|CARD11|7:2922659:C:G|ALT	CARD11	common_snp	ALT	CDS
common_snp|CARD11|7:2923119:G:A|REF	CARD11	common_snp	REF	intron
common_snp|CARD11|7:2923119:G:A|ALT	CARD11	common_snp	ALT	intron
common_snp|CARD11|7:2923486:C:T|REF	CARD11	common_snp	REF	intron
common_snp|CARD11|7:2923486:C:T|ALT	CARD11	common_snp	ALT	intron
common_snp|CARD11|7:2923887:G:T|REF	CARD11	common_snp	REF	intron
common_snp|CARD11|7:2923887:G:T|ALT	CARD11	common_snp	ALT	intron
common_snp|CARD11|7:2924377:C:T|REF	CARD11	common_snp	REF	intron
common_snp|CARD11|7:2924377:C:T|ALT	CARD11	common_snp	ALT	intron
common_snp|CARD11|7:2924797:A:T|REF	CARD11	common_snp	REF	intron
common_snp|CARD11|7:2924797:A:T|ALT	CARD11	common_snp	ALT	intron
common_snp|CARD11|7:2924798:A:T|REF	CARD11	common_snp	REF	intron
common_snp|CARD11|7:2924798:A:T|ALT	CARD11	common_snp	ALT	intron
common_snp|CARD11|7:2924958:A:G|REF	CARD11	common_snp	REF	intron
common_snp|CARD11|7:2924958:A:G|ALT	CARD11	common_snp	ALT	intron
common_snp|CARD11|7:2925229:A:G|REF	CARD11	common_snp	REF	intron
common_snp|CARD11|7:2925229:A:G|ALT	CARD11	common_snp	ALT	intron
common_snp|CARD11|7:2925635:C:T|REF	CARD11	common_snp	REF	intron
common_snp|CARD11|7:2925635:C:T|ALT	CARD11	common_snp	ALT	intron
common_snp|CARD11|7:2926504:G:A|REF	CARD11	common_snp	REF	intron
common_snp|CARD11|7:2926504:G:A|ALT	CARD11	common_snp	ALT	intron
common_snp|CARD11|7:2926811:T:G|REF	CARD11	common_snp	REF	intron
common_snp|CARD11|7:2926811:T:G|ALT	CARD11	common_snp	ALT	intron
common_snp|CARD11|7:2926817:A:G|REF	CARD11	common_snp	REF	intron
common_snp|CARD11|7:2926817:A:G|ALT	CARD11	common_snp	ALT	intron
common_snp|CARD11|7:2927166:G:A|REF	CARD11	common_snp	REF	intron
common_snp|CARD11|7:2927166:G:A|ALT	CARD11	common_snp	ALT	intron
common_snp|CARD11|7:2927630:C:T|REF	CARD11	common_snp	REF	intron
common_snp|CARD11|7:2927630:C:T|ALT	CARD11	common_snp	ALT	intron
common_snp|CARD11|7:2928054:C:T|REF	CARD11	common_snp	REF	intron
common_snp|CARD11|7:2928054:C:T|ALT	CARD11	common_snp	ALT	intron
common_snp|CARD11|7:2928174:A:G|REF	CARD11	common_snp	REF	intron
common_snp|CARD11|7:2928174:A:G|ALT	CARD11	common_snp	ALT	intron
common_snp|CARD11|7:2928228:C:T|REF	CARD11	common_snp	REF	intron
common_snp|CARD11|7:2928228:C:T|ALT	CARD11	common_snp	ALT	intron
common_snp|CARD11|7:2928259:T:A|REF	CARD11	common_snp	REF	intron
common_snp|CARD11|7:2928259:T:A|ALT	CARD11	common_snp	ALT	intron
common_snp|CARD11|7:2928725:C:T|REF	CARD11	common_snp	REF	intron
common_snp|CARD11|7:2928725:C:T|ALT	CARD11	common_snp	ALT	intron
common_snp|CARD11|7:2928727:G:A|REF	CARD11	common_snp	REF	intron
common_snp|CARD11|7:2928727:G:A|ALT	CARD11	common_snp	ALT	intron
common_snp|CARD11|7:2928852:G:C|REF	CARD11	common_snp	REF	intron
common_snp|CARD11|7:2928852:G:C|ALT	CARD11	common_snp	ALT	intron
common_snp|CARD11|7:2929237:T:C|REF	CARD11	common_snp	REF	intron
common_snp|CARD11|7:2929237:T:C|ALT	CARD11	common_snp	ALT	intron
common_snp|CARD11|7:2929451:T:C|REF	CARD11	common_snp	REF	intron
common_snp|CARD11|7:2929451:T:C|ALT	CARD11	common_snp	ALT	intron
common_snp|CARD11|7:2929862:G:A|REF	CARD11	common_snp	REF	intron
common_snp|CARD11|7:2929862:G:A|ALT	CARD11	common_snp	ALT	intron
common_snp|CARD11|7:2929874:G:A|REF	CARD11	common_snp	REF	intron
common_snp|CARD11|7:2929874:G:A|ALT	CARD11	common_snp	ALT	intron
common_snp|CARD11|7:2930046:G:A|REF	CARD11	common_snp	REF	CDS
common_snp|CARD11|7:2930046:G:A|ALT	CARD11	common_snp	ALT	CDS
common_snp|CARD11|7:2930349:C:T|REF	CARD11	common_snp	REF	intron
common_snp|CARD11|7:2930349:C:T|ALT	CARD11	common_snp	ALT	intron
common_snp|CARD11|7:2932438:A:G|REF	CARD11	common_snp	REF	intron
common_snp|CARD11|7:2932438:A:G|ALT	CARD11	common_snp	ALT	intron
common_snp|CARD11|7:2933459:A:G|REF	CARD11	common_snp	REF	intron
common_snp|CARD11|7:2933459:A:G|ALT	CARD11	common_snp	ALT	intron
common_snp|CARD11|7:2933606:A:G|REF	CARD11	common_snp	REF	intron
common_snp|CARD11|7:2933606:A:G|ALT	CARD11	common_snp	ALT	intron
common_snp|CARD11|7:2934135:T:C|REF	CARD11	common_snp	REF	intron
common_snp|CARD11|7:2934135:T:C|ALT	CARD11	common_snp	ALT	intron
common_snp|CARD11|7:2935625:G:A|REF	CARD11	common_snp	REF	intron
common_snp|CARD11|7:2935625:G:A|ALT	CARD11	common_snp	ALT	intron
common_snp|CARD11|7:2935632:T:C|REF	CARD11	common_snp	REF	intron
common_snp|CARD11|7:2935632:T:C|ALT	CARD11	common_snp	ALT	intron
common_snp|CARD11|7:2935705:T:G|REF	CARD11	common_snp	REF	intron
common_snp|CARD11|7:2935705:T:G|ALT	CARD11	common_snp	ALT	intron
common_snp|CARD11|7:2935732:A:G|REF	CARD11	common_snp	REF	intron
common_snp|CARD11|7:2935732:A:G|ALT	CARD11	common_snp	ALT	intron
common_snp|CARD11|7:2936022:C:T|REF	CARD11	common_snp	REF	intron
common_snp|CARD11|7:2936022:C:T|ALT	CARD11	common_snp	ALT	intron
common_snp|CARD11|7:2936179:T:C|REF	CARD11	common_snp	REF	intron
common_snp|CARD11|7:2936179:T:C|ALT	CARD11	common_snp	ALT	intron
common_snp|CARD11|7:2940727:G:T|REF	CARD11	common_snp	REF	intron
common_snp|CARD11|7:2940727:G:T|ALT	CARD11	common_snp	ALT	intron
common_snp|CARD11|7:2940814:G:C|REF	CARD11	common_snp	REF	intron
common_snp|CARD11|7:2940814:G:C|ALT	CARD11	common_snp	ALT	intron
common_snp|CARD11|7:2941086:G:C|REF	CARD11	common_snp	REF	intron
common_snp|CARD11|7:2941086:G:C|ALT	CARD11	common_snp	ALT	intron
common_snp|CARD11|7:2942000:C:T|REF	CARD11	common_snp	REF	intron
common_snp|CARD11|7:2942000:C:T|ALT	CARD11	common_snp	ALT	intron
common_snp|CARD11|7:2942566:A:G|REF	CARD11	common_snp	REF	intron
common_snp|CARD11|7:2942566:A:G|ALT	CARD11	common_snp	ALT	intron
common_snp|CARD11|7:2942824:G:C|REF	CARD11	common_snp	REF	intron
common_snp|CARD11|7:2942824:G:C|ALT	CARD11	common_snp	ALT	intron
common_snp|CARD11|7:2943155:C:T|REF	CARD11	common_snp	REF	intron
common_snp|CARD11|7:2943155:C:T|ALT	CARD11	common_snp	ALT	intron
common_snp|CARD11|7:2943774:A:G|REF	CARD11	common_snp	REF	intron
common_snp|CARD11|7:2943774:A:G|ALT	CARD11	common_snp	ALT	intron
common_snp|CARD11|7:2943886:A:G|REF	CARD11	common_snp	REF	intron
common_snp|CARD11|7:2943886:A:G|ALT	CARD11	common_snp	ALT	intron
common_snp|CARD11|7:2945441:C:G|REF	CARD11	common_snp	REF	intron
common_snp|CARD11|7:2945441:C:G|ALT	CARD11	common_snp	ALT	intron
common_snp|CARD11|7:2946223:G:C|REF	CARD11	common_snp	REF	intron
common_snp|CARD11|7:2946223:G:C|ALT	CARD11	common_snp	ALT	intron
common_snp|CARD11|7:2946721:C:G|REF	CARD11	common_snp	REF	exon_nonCDS
common_snp|CARD11|7:2946721:C:G|ALT	CARD11	common_snp	ALT	exon_nonCDS
common_snp|CARD11|7:2947160:G:A|REF	CARD11	common_snp	REF	intron
common_snp|CARD11|7:2947160:G:A|ALT	CARD11	common_snp	ALT	intron
common_snp|CARD11|7:2947974:G:A|REF	CARD11	common_snp	REF	intron
common_snp|CARD11|7:2947974:G:A|ALT	CARD11	common_snp	ALT	intron
common_snp|CARD11|7:2948169:C:T|REF	CARD11	common_snp	REF	intron
common_snp|CARD11|7:2948169:C:T|ALT	CARD11	common_snp	ALT	intron
common_snp|CARD11|7:2950375:T:C|REF	CARD11	common_snp	REF	intron
common_snp|CARD11|7:2950375:T:C|ALT	CARD11	common_snp	ALT	intron
common_snp|CARD11|7:2950499:G:C|REF	CARD11	common_snp	REF	intron
common_snp|CARD11|7:2950499:G:C|ALT	CARD11	common_snp	ALT	intron
common_snp|CARD11|7:2952143:C:G|REF	CARD11	common_snp	REF	intron
common_snp|CARD11|7:2952143:C:G|ALT	CARD11	common_snp	ALT	intron
common_snp|CARD11|7:2953022:T:G|REF	CARD11	common_snp	REF	intron
common_snp|CARD11|7:2953022:T:G|ALT	CARD11	common_snp	ALT	intron
common_snp|CARD11|7:2955230:G:T|REF	CARD11	common_snp	REF	intron
common_snp|CARD11|7:2955230:G:T|ALT	CARD11	common_snp	ALT	intron
common_snp|CARD11|7:2957578:C:T|REF	CARD11	common_snp	REF	intron
common_snp|CARD11|7:2957578:C:T|ALT	CARD11	common_snp	ALT	intron
common_snp|CARD11|7:2958410:A:G|REF	CARD11	common_snp	REF	intron
common_snp|CARD11|7:2958410:A:G|ALT	CARD11	common_snp	ALT	intron
common_snp|CARD11|7:2958802:G:C|REF	CARD11	common_snp	REF	intron
common_snp|CARD11|7:2958802:G:C|ALT	CARD11	common_snp	ALT	intron
common_snp|CARD11|7:2958808:G:A|REF	CARD11	common_snp	REF	intron
common_snp|CARD11|7:2958808:G:A|ALT	CARD11	common_snp	ALT	intron
common_snp|CARD11|7:2958834:G:C|REF	CARD11	common_snp	REF	intron
common_snp|CARD11|7:2958834:G:C|ALT	CARD11	common_snp	ALT	intron
common_snp|CARD11|7:2959177:C:T|REF	CARD11	common_snp	REF	intron
common_snp|CARD11|7:2959177:C:T|ALT	CARD11	common_snp	ALT	intron
common_snp|CARD11|7:2959287:G:A|REF	CARD11	common_snp	REF	intron
common_snp|CARD11|7:2959287:G:A|ALT	CARD11	common_snp	ALT	intron
common_snp|CARD11|7:2959552:A:T|REF	CARD11	common_snp	REF	intron
common_snp|CARD11|7:2959552:A:T|ALT	CARD11	common_snp	ALT	intron
common_snp|CARD11|7:2960999:C:T|REF	CARD11	common_snp	REF	intron
common_snp|CARD11|7:2960999:C:T|ALT	CARD11	common_snp	ALT	intron
common_snp|CARD11|7:2961175:T:C|REF	CARD11	common_snp	REF	intron
common_snp|CARD11|7:2961175:T:C|ALT	CARD11	common_snp	ALT	intron
common_snp|CARD11|7:2961521:T:C|REF	CARD11	common_snp	REF	intron
common_snp|CARD11|7:2961521:T:C|ALT	CARD11	common_snp	ALT	intron
common_snp|CARD11|7:2963044:G:A|REF	CARD11	common_snp	REF	intron
common_snp|CARD11|7:2963044:G:A|ALT	CARD11	common_snp	ALT	intron
common_snp|CARD11|7:2963283:T:C|REF	CARD11	common_snp	REF	intron
common_snp|CARD11|7:2963283:T:C|ALT	CARD11	common_snp	ALT	intron
common_snp|CARD11|7:2964781:G:A|REF	CARD11	common_snp	REF	intron
common_snp|CARD11|7:2964781:G:A|ALT	CARD11	common_snp	ALT	intron
common_snp|CARD11|7:2965939:G:C|REF	CARD11	common_snp	REF	intron
common_snp|CARD11|7:2965939:G:C|ALT	CARD11	common_snp	ALT	intron
common_snp|CARD11|7:2966995:G:A|REF	CARD11	common_snp	REF	intron
common_snp|CARD11|7:2966995:G:A|ALT	CARD11	common_snp	ALT	intron
common_snp|CARD11|7:2967748:T:C|REF	CARD11	common_snp	REF	intron
common_snp|CARD11|7:2967748:T:C|ALT	CARD11	common_snp	ALT	intron
common_snp|CARD11|7:2968050:A:T|REF	CARD11	common_snp	REF	intron
common_snp|CARD11|7:2968050:A:T|ALT	CARD11	common_snp	ALT	intron
common_snp|CARD11|7:2968426:C:T|REF	CARD11	common_snp	REF	intron
common_snp|CARD11|7:2968426:C:T|ALT	CARD11	common_snp	ALT	intron
common_snp|CARD11|7:2968431:C:T|REF	CARD11	common_snp	REF	intron
common_snp|CARD11|7:2968431:C:T|ALT	CARD11	common_snp	ALT	intron
common_snp|CARD11|7:2968677:A:G|REF	CARD11	common_snp	REF	intron
common_snp|CARD11|7:2968677:A:G|ALT	CARD11	common_snp	ALT	intron
common_snp|CARD11|7:2968694:A:C|REF	CARD11	common_snp	REF	intron
common_snp|CARD11|7:2968694:A:C|ALT	CARD11	common_snp	ALT	intron
common_snp|CARD11|7:2969395:G:C|REF	CARD11	common_snp	REF	intron
common_snp|CARD11|7:2969395:G:C|ALT	CARD11	common_snp	ALT	intron
common_snp|CARD11|7:2969478:C:T|REF	CARD11	common_snp	REF	intron
common_snp|CARD11|7:2969478:C:T|ALT	CARD11	common_snp	ALT	intron
common_snp|CARD11|7:2969479:C:T|REF	CARD11	common_snp	REF	intron
common_snp|CARD11|7:2969479:C:T|ALT	CARD11	common_snp	ALT	intron
common_snp|CARD11|7:2969562:C:T|REF	CARD11	common_snp	REF	intron
common_snp|CARD11|7:2969562:C:T|ALT	CARD11	common_snp	ALT	intron
common_snp|CARD11|7:2969579:C:T|REF	CARD11	common_snp	REF	intron
common_snp|CARD11|7:2969579:C:T|ALT	CARD11	common_snp	ALT	intron
common_snp|CARD11|7:2969683:C:T|REF	CARD11	common_snp	REF	intron
common_snp|CARD11|7:2969683:C:T|ALT	CARD11	common_snp	ALT	intron
common_snp|CARD11|7:2969845:C:G|REF	CARD11	common_snp	REF	intron
common_snp|CARD11|7:2969845:C:G|ALT	CARD11	common_snp	ALT	intron
common_snp|CARD11|7:2969884:A:G|REF	CARD11	common_snp	REF	intron
common_snp|CARD11|7:2969884:A:G|ALT	CARD11	common_snp	ALT	intron
common_snp|CARD11|7:2970225:T:C|REF	CARD11	common_snp	REF	intron
common_snp|CARD11|7:2970225:T:C|ALT	CARD11	common_snp	ALT	intron
common_snp|CARD11|7:2970515:C:T|REF	CARD11	common_snp	REF	intron
common_snp|CARD11|7:2970515:C:T|ALT	CARD11	common_snp	ALT	intron
common_snp|CARD11|7:2970522:G:C|REF	CARD11	common_snp	REF	intron
common_snp|CARD11|7:2970522:G:C|ALT	CARD11	common_snp	ALT	intron
common_snp|CARD11|7:2970561:G:A|REF	CARD11	common_snp	REF	intron
common_snp|CARD11|7:2970561:G:A|ALT	CARD11	common_snp	ALT	intron
common_snp|CARD11|7:2970857:C:A|REF	CARD11	common_snp	REF	intron
common_snp|CARD11|7:2970857:C:A|ALT	CARD11	common_snp	ALT	intron
common_snp|CARD11|7:2971092:C:T|REF	CARD11	common_snp	REF	intron
common_snp|CARD11|7:2971092:C:T|ALT	CARD11	common_snp	ALT	intron
common_snp|CARD11|7:2971907:C:G|REF	CARD11	common_snp	REF	intron
common_snp|CARD11|7:2971907:C:G|ALT	CARD11	common_snp	ALT	intron
common_snp|CARD11|7:2972595:C:A|REF	CARD11	common_snp	REF	intron
common_snp|CARD11|7:2972595:C:A|ALT	CARD11	common_snp	ALT	intron
common_snp|CARD11|7:2973450:T:C|REF	CARD11	common_snp	REF	intron
common_snp|CARD11|7:2973450:T:C|ALT	CARD11	common_snp	ALT	intron
common_snp|CARD11|7:2973621:A:G|REF	CARD11	common_snp	REF	intron
common_snp|CARD11|7:2973621:A:G|ALT	CARD11	common_snp	ALT	intron
common_snp|CARD11|7:2973769:T:C|REF	CARD11	common_snp	REF	intron
common_snp|CARD11|7:2973769:T:C|ALT	CARD11	common_snp	ALT	intron
common_snp|CARD11|7:2974155:G:C|REF	CARD11	common_snp	REF	intron
common_snp|CARD11|7:2974155:G:C|ALT	CARD11	common_snp	ALT	intron
common_snp|CARD11|7:2975517:C:T|REF	CARD11	common_snp	REF	intron
common_snp|CARD11|7:2975517:C:T|ALT	CARD11	common_snp	ALT	intron
common_snp|CARD11|7:2975634:G:C|REF	CARD11	common_snp	REF	intron
common_snp|CARD11|7:2975634:G:C|ALT	CARD11	common_snp	ALT	intron
common_snp|CARD11|7:2976167:C:T|REF	CARD11	common_snp	REF	intron
common_snp|CARD11|7:2976167:C:T|ALT	CARD11	common_snp	ALT	intron
common_snp|CARD11|7:2976294:T:G|REF	CARD11	common_snp	REF	intron
common_snp|CARD11|7:2976294:T:G|ALT	CARD11	common_snp	ALT	intron
common_snp|CARD11|7:2976395:T:G|REF	CARD11	common_snp	REF	intron
common_snp|CARD11|7:2976395:T:G|ALT	CARD11	common_snp	ALT	intron
common_snp|CARD11|7:2977251:G:A|REF	CARD11	common_snp	REF	intron
common_snp|CARD11|7:2977251:G:A|ALT	CARD11	common_snp	ALT	intron
common_snp|CARD11|7:2977430:C:G|REF	CARD11	common_snp	REF	intron
common_snp|CARD11|7:2977430:C:G|ALT	CARD11	common_snp	ALT	intron
common_snp|CARD11|7:2977469:G:A|REF	CARD11	common_snp	REF	intron
common_snp|CARD11|7:2977469:G:A|ALT	CARD11	common_snp	ALT	intron
common_snp|CARD11|7:2977541:G:A|REF	CARD11	common_snp	REF	intron
common_snp|CARD11|7:2977541:G:A|ALT	CARD11	common_snp	ALT	intron
common_snp|CARD11|7:2978017:T:C|REF	CARD11	common_snp	REF	intron
common_snp|CARD11|7:2978017:T:C|ALT	CARD11	common_snp	ALT	intron
common_snp|CARD11|7:2978220:C:T|REF	CARD11	common_snp	REF	intron
common_snp|CARD11|7:2978220:C:T|ALT	CARD11	common_snp	ALT	intron
common_snp|CARD11|7:2978292:A:G|REF	CARD11	common_snp	REF	intron
common_snp|CARD11|7:2978292:A:G|ALT	CARD11	common_snp	ALT	intron
common_snp|CARD11|7:2979170:C:G|REF	CARD11	common_snp	REF	intron
common_snp|CARD11|7:2979170:C:G|ALT	CARD11	common_snp	ALT	intron
common_snp|CARD11|7:2979219:T:C|REF	CARD11	common_snp	REF	intron
common_snp|CARD11|7:2979219:T:C|ALT	CARD11	common_snp	ALT	intron
common_snp|CARD11|7:2979328:T:G|REF	CARD11	common_snp	REF	intron
common_snp|CARD11|7:2979328:T:G|ALT	CARD11	common_snp	ALT	intron
common_snp|CARD11|7:2979585:T:C|REF	CARD11	common_snp	REF	intron
common_snp|CARD11|7:2979585:T:C|ALT	CARD11	common_snp	ALT	intron
common_snp|CARD11|7:2979980:G:A|REF	CARD11	common_snp	REF	intron
common_snp|CARD11|7:2979980:G:A|ALT	CARD11	common_snp	ALT	intron
common_snp|CARD11|7:2980451:A:C|REF	CARD11	common_snp	REF	intron
common_snp|CARD11|7:2980451:A:C|ALT	CARD11	common_snp	ALT	intron
common_snp|CARD11|7:2980741:C:T|REF	CARD11	common_snp	REF	intron
common_snp|CARD11|7:2980741:C:T|ALT	CARD11	common_snp	ALT	intron
common_snp|CARD11|7:2981502:C:T|REF	CARD11	common_snp	REF	intron
common_snp|CARD11|7:2981502:C:T|ALT	CARD11	common_snp	ALT	intron
common_snp|CARD11|7:2981568:A:G|REF	CARD11	common_snp	REF	intron
common_snp|CARD11|7:2981568:A:G|ALT	CARD11	common_snp	ALT	intron
common_snp|CARD11|7:2981605:G:T|REF	CARD11	common_snp	REF	intron
common_snp|CARD11|7:2981605:G:T|ALT	CARD11	common_snp	ALT	intron
common_snp|CARD11|7:2981817:C:A|REF	CARD11	common_snp	REF	intron
common_snp|CARD11|7:2981817:C:A|ALT	CARD11	common_snp	ALT	intron
common_snp|CARD11|7:2981892:T:G|REF	CARD11	common_snp	REF	intron
common_snp|CARD11|7:2981892:T:G|ALT	CARD11	common_snp	ALT	intron
common_snp|CARD11|7:2981900:G:A|REF	CARD11	common_snp	REF	intron
common_snp|CARD11|7:2981900:G:A|ALT	CARD11	common_snp	ALT	intron
common_snp|CARD11|7:2981994:G:C|REF	CARD11	common_snp	REF	intron
common_snp|CARD11|7:2981994:G:C|ALT	CARD11	common_snp	ALT	intron
common_snp|CARD11|7:2982034:C:T|REF	CARD11	common_snp	REF	intron
common_snp|CARD11|7:2982034:C:T|ALT	CARD11	common_snp	ALT	intron
common_snp|CARD11|7:2982603:G:A|REF	CARD11	common_snp	REF	intron
common_snp|CARD11|7:2982603:G:A|ALT	CARD11	common_snp	ALT	intron
common_snp|CARD11|7:2982628:G:C|REF	CARD11	common_snp	REF	intron
common_snp|CARD11|7:2982628:G:C|ALT	CARD11	common_snp	ALT	intron
common_snp|CARD11|7:2983388:C:T|REF	CARD11	common_snp	REF	intron
common_snp|CARD11|7:2983388:C:T|ALT	CARD11	common_snp	ALT	intron
common_snp|CARD11|7:2983785:C:A|REF	CARD11	common_snp	REF	intron
common_snp|CARD11|7:2983785:C:A|ALT	CARD11	common_snp	ALT	intron
common_snp|CARD11|7:2983862:C:T|REF	CARD11	common_snp	REF	intron
common_snp|CARD11|7:2983862:C:T|ALT	CARD11	common_snp	ALT	intron
common_snp|CARD11|7:2984006:A:G|REF	CARD11	common_snp	REF	intron
common_snp|CARD11|7:2984006:A:G|ALT	CARD11	common_snp	ALT	intron
common_snp|CARD11|7:2984110:A:T|REF	CARD11	common_snp	REF	intron
common_snp|CARD11|7:2984110:A:T|ALT	CARD11	common_snp	ALT	intron
common_snp|CARD11|7:2984130:T:C|REF	CARD11	common_snp	REF	intron
common_snp|CARD11|7:2984130:T:C|ALT	CARD11	common_snp	ALT	intron
common_snp|CARD11|7:2984252:T:C|REF	CARD11	common_snp	REF	intron
common_snp|CARD11|7:2984252:T:C|ALT	CARD11	common_snp	ALT	intron
common_snp|CARD11|7:2984657:T:G|REF	CARD11	common_snp	REF	intron
common_snp|CARD11|7:2984657:T:G|ALT	CARD11	common_snp	ALT	intron
common_snp|CARD11|7:2984663:T:C|REF	CARD11	common_snp	REF	intron
common_snp|CARD11|7:2984663:T:C|ALT	CARD11	common_snp	ALT	intron
common_snp|CARD11|7:2984746:G:A|REF	CARD11	common_snp	REF	intron
common_snp|CARD11|7:2984746:G:A|ALT	CARD11	common_snp	ALT	intron
common_snp|CARD11|7:2985081:G:A|REF	CARD11	common_snp	REF	intron
common_snp|CARD11|7:2985081:G:A|ALT	CARD11	common_snp	ALT	intron
common_snp|CARD11|7:2985267:A:G|REF	CARD11	common_snp	REF	intron
common_snp|CARD11|7:2985267:A:G|ALT	CARD11	common_snp	ALT	intron
common_snp|CARD11|7:2985271:G:A|REF	CARD11	common_snp	REF	intron
common_snp|CARD11|7:2985271:G:A|ALT	CARD11	common_snp	ALT	intron
common_snp|CARD11|7:2985354:C:T|REF	CARD11	common_snp	REF	intron
common_snp|CARD11|7:2985354:C:T|ALT	CARD11	common_snp	ALT	intron
common_snp|CARD11|7:2985408:G:A|REF	CARD11	common_snp	REF	intron
common_snp|CARD11|7:2985408:G:A|ALT	CARD11	common_snp	ALT	intron
common_snp|CARD11|7:2985476:G:A|REF	CARD11	common_snp	REF	intron
common_snp|CARD11|7:2985476:G:A|ALT	CARD11	common_snp	ALT	intron
common_snp|CARD11|7:2985517:C:T|REF	CARD11	common_snp	REF	intron
common_snp|CARD11|7:2985517:C:T|ALT	CARD11	common_snp	ALT	intron
common_snp|CARD11|7:2985570:A:T|REF	CARD11	common_snp	REF	intron
common_snp|CARD11|7:2985570:A:T|ALT	CARD11	common_snp	ALT	intron
common_snp|CARD11|7:2986769:C:T|REF	CARD11	common_snp	REF	intron
common_snp|CARD11|7:2986769:C:T|ALT	CARD11	common_snp	ALT	intron
common_snp|CARD11|7:2987459:T:A|REF	CARD11	common_snp	REF	intron
common_snp|CARD11|7:2987459:T:A|ALT	CARD11	common_snp	ALT	intron
common_snp|CARD11|7:2987769:T:C|REF	CARD11	common_snp	REF	intron
common_snp|CARD11|7:2987769:T:C|ALT	CARD11	common_snp	ALT	intron
common_snp|CARD11|7:2987803:C:T|REF	CARD11	common_snp	REF	intron
common_snp|CARD11|7:2987803:C:T|ALT	CARD11	common_snp	ALT	intron
common_snp|CARD11|7:2989782:G:C|REF	CARD11	common_snp	REF	intron
common_snp|CARD11|7:2989782:G:C|ALT	CARD11	common_snp	ALT	intron
common_snp|CARD11|7:2989934:C:T|REF	CARD11	common_snp	REF	intron
common_snp|CARD11|7:2989934:C:T|ALT	CARD11	common_snp	ALT	intron
common_snp|CARD11|7:2989972:A:C|REF	CARD11	common_snp	REF	intron
common_snp|CARD11|7:2989972:A:C|ALT	CARD11	common_snp	ALT	intron
common_snp|CARD11|7:2990074:A:G|REF	CARD11	common_snp	REF	intron
common_snp|CARD11|7:2990074:A:G|ALT	CARD11	common_snp	ALT	intron
common_snp|CARD11|7:2990796:G:A|REF	CARD11	common_snp	REF	intron
common_snp|CARD11|7:2990796:G:A|ALT	CARD11	common_snp	ALT	intron
common_snp|CARD11|7:2990816:C:T|REF	CARD11	common_snp	REF	intron
common_snp|CARD11|7:2990816:C:T|ALT	CARD11	common_snp	ALT	intron
common_snp|CARD11|7:2990870:T:C|REF	CARD11	common_snp	REF	intron
common_snp|CARD11|7:2990870:T:C|ALT	CARD11	common_snp	ALT	intron
common_snp|CARD11|7:2990909:A:G|REF	CARD11	common_snp	REF	intron
common_snp|CARD11|7:2990909:A:G|ALT	CARD11	common_snp	ALT	intron
common_snp|CARD11|7:2990925:C:T|REF	CARD11	common_snp	REF	intron
common_snp|CARD11|7:2990925:C:T|ALT	CARD11	common_snp	ALT	intron
common_snp|CARD11|7:2991385:C:T|REF	CARD11	common_snp	REF	intron
common_snp|CARD11|7:2991385:C:T|ALT	CARD11	common_snp	ALT	intron
common_snp|CARD11|7:2991558:T:C|REF	CARD11	common_snp	REF	intron
common_snp|CARD11|7:2991558:T:C|ALT	CARD11	common_snp	ALT	intron
common_snp|CARD11|7:2991660:T:C|REF	CARD11	common_snp	REF	intron
common_snp|CARD11|7:2991660:T:C|ALT	CARD11	common_snp	ALT	intron
common_snp|CARD11|7:2991673:T:A|REF	CARD11	common_snp	REF	intron
common_snp|CARD11|7:2991673:T:A|ALT	CARD11	common_snp	ALT	intron
common_snp|CARD11|7:2991920:C:T|REF	CARD11	common_snp	REF	intron
common_snp|CARD11|7:2991920:C:T|ALT	CARD11	common_snp	ALT	intron
common_snp|CARD11|7:2992237:G:A|REF	CARD11	common_snp	REF	intron
common_snp|CARD11|7:2992237:G:A|ALT	CARD11	common_snp	ALT	intron
common_snp|CARD11|7:2992297:G:T|REF	CARD11	common_snp	REF	intron
common_snp|CARD11|7:2992297:G:T|ALT	CARD11	common_snp	ALT	intron
common_snp|CARD11|7:2992321:A:G|REF	CARD11	common_snp	REF	intron
common_snp|CARD11|7:2992321:A:G|ALT	CARD11	common_snp	ALT	intron
common_snp|CARD11|7:2992330:G:T|REF	CARD11	common_snp	REF	intron
common_snp|CARD11|7:2992330:G:T|ALT	CARD11	common_snp	ALT	intron
common_snp|CARD11|7:2992503:C:G|REF	CARD11	common_snp	REF	intron
common_snp|CARD11|7:2992503:C:G|ALT	CARD11	common_snp	ALT	intron
common_snp|CARD11|7:2992594:T:C|REF	CARD11	common_snp	REF	intron
common_snp|CARD11|7:2992594:T:C|ALT	CARD11	common_snp	ALT	intron
common_snp|CARD11|7:2992650:C:T|REF	CARD11	common_snp	REF	intron
common_snp|CARD11|7:2992650:C:T|ALT	CARD11	common_snp	ALT	intron
common_snp|CARD11|7:2993292:A:G|REF	CARD11	common_snp	REF	intron
common_snp|CARD11|7:2993292:A:G|ALT	CARD11	common_snp	ALT	intron
common_snp|CARD11|7:2993568:C:G|REF	CARD11	common_snp	REF	intron
common_snp|CARD11|7:2993568:C:G|ALT	CARD11	common_snp	ALT	intron
common_snp|CARD11|7:2993620:C:T|REF	CARD11	common_snp	REF	intron
common_snp|CARD11|7:2993620:C:T|ALT	CARD11	common_snp	ALT	intron
common_snp|CARD11|7:2993668:A:C|REF	CARD11	common_snp	REF	intron
common_snp|CARD11|7:2993668:A:C|ALT	CARD11	common_snp	ALT	intron
common_snp|CARD11|7:2993669:A:G|REF	CARD11	common_snp	REF	intron
common_snp|CARD11|7:2993669:A:G|ALT	CARD11	common_snp	ALT	intron
common_snp|CARD11|7:2994231:C:A|REF	CARD11	common_snp	REF	intron
common_snp|CARD11|7:2994231:C:A|ALT	CARD11	common_snp	ALT	intron
common_snp|CARD11|7:2994305:C:G|REF	CARD11	common_snp	REF	intron
common_snp|CARD11|7:2994305:C:G|ALT	CARD11	common_snp	ALT	intron
common_snp|CARD11|7:2994306:G:C|REF	CARD11	common_snp	REF	intron
common_snp|CARD11|7:2994306:G:C|ALT	CARD11	common_snp	ALT	intron
common_snp|CARD11|7:2994449:T:C|REF	CARD11	common_snp	REF	intron
common_snp|CARD11|7:2994449:T:C|ALT	CARD11	common_snp	ALT	intron
common_snp|CARD11|7:2994821:T:G|REF	CARD11	common_snp	REF	intron
common_snp|CARD11|7:2994821:T:G|ALT	CARD11	common_snp	ALT	intron
common_snp|CARD11|7:2995377:A:G|REF	CARD11	common_snp	REF	intron
common_snp|CARD11|7:2995377:A:G|ALT	CARD11	common_snp	ALT	intron
common_snp|CARD11|7:2995436:G:T|REF	CARD11	common_snp	REF	intron
common_snp|CARD11|7:2995436:G:T|ALT	CARD11	common_snp	ALT	intron
common_snp|CARD11|7:2995506:G:C|REF	CARD11	common_snp	REF	intron
common_snp|CARD11|7:2995506:G:C|ALT	CARD11	common_snp	ALT	intron
common_snp|CARD11|7:2995575:C:G|REF	CARD11	common_snp	REF	intron
common_snp|CARD11|7:2995575:C:G|ALT	CARD11	common_snp	ALT	intron
common_snp|CARD11|7:2995815:G:A|REF	CARD11	common_snp	REF	intron
common_snp|CARD11|7:2995815:G:A|ALT	CARD11	common_snp	ALT	intron
common_snp|CARD11|7:2995871:G:C|REF	CARD11	common_snp	REF	intron
common_snp|CARD11|7:2995871:G:C|ALT	CARD11	common_snp	ALT	intron
common_snp|CARD11|7:2996018:A:G|REF	CARD11	common_snp	REF	intron
common_snp|CARD11|7:2996018:A:G|ALT	CARD11	common_snp	ALT	intron
common_snp|CARD11|7:2996239:G:A|REF	CARD11	common_snp	REF	intron
common_snp|CARD11|7:2996239:G:A|ALT	CARD11	common_snp	ALT	intron
common_snp|CARD11|7:2996349:A:C|REF	CARD11	common_snp	REF	intron
common_snp|CARD11|7:2996349:A:C|ALT	CARD11	common_snp	ALT	intron
common_snp|CARD11|7:2996381:C:T|REF	CARD11	common_snp	REF	intron
common_snp|CARD11|7:2996381:C:T|ALT	CARD11	common_snp	ALT	intron
common_snp|CARD11|7:2996446:C:T|REF	CARD11	common_snp	REF	intron
common_snp|CARD11|7:2996446:C:T|ALT	CARD11	common_snp	ALT	intron
common_snp|CARD11|7:2997492:G:A|REF	CARD11	common_snp	REF	intron
common_snp|CARD11|7:2997492:G:A|ALT	CARD11	common_snp	ALT	intron
common_snp|CARD11|7:2997634:A:T|REF	CARD11	common_snp	REF	intron
common_snp|CARD11|7:2997634:A:T|ALT	CARD11	common_snp	ALT	intron
common_snp|CARD11|7:2997635:A:C|REF	CARD11	common_snp	REF	intron
common_snp|CARD11|7:2997635:A:C|ALT	CARD11	common_snp	ALT	intron
common_snp|CARD11|7:2997804:C:T|REF	CARD11	common_snp	REF	intron
common_snp|CARD11|7:2997804:C:T|ALT	CARD11	common_snp	ALT	intron
common_snp|CARD11|7:2998763:T:C|REF	CARD11	common_snp	REF	intron
common_snp|CARD11|7:2998763:T:C|ALT	CARD11	common_snp	ALT	intron
common_snp|CARD11|7:2999913:A:G|REF	CARD11	common_snp	REF	intron
common_snp|CARD11|7:2999913:A:G|ALT	CARD11	common_snp	ALT	intron
common_snp|CARD11|7:3002026:T:C|REF	CARD11	common_snp	REF	intron
common_snp|CARD11|7:3002026:T:C|ALT	CARD11	common_snp	ALT	intron
common_snp|CARD11|7:3002190:A:G|REF	CARD11	common_snp	REF	intron
common_snp|CARD11|7:3002190:A:G|ALT	CARD11	common_snp	ALT	intron
common_snp|CARD11|7:3002900:G:C|REF	CARD11	common_snp	REF	intron
common_snp|CARD11|7:3002900:G:C|ALT	CARD11	common_snp	ALT	intron
common_snp|CARD11|7:3003389:C:T|REF	CARD11	common_snp	REF	intron
common_snp|CARD11|7:3003389:C:T|ALT	CARD11	common_snp	ALT	intron
common_snp|CARD11|7:3003409:A:G|REF	CARD11	common_snp	REF	intron
common_snp|CARD11|7:3003409:A:G|ALT	CARD11	common_snp	ALT	intron
common_snp|CARD11|7:3003424:G:A|REF	CARD11	common_snp	REF	intron
common_snp|CARD11|7:3003424:G:A|ALT	CARD11	common_snp	ALT	intron
common_snp|CARD11|7:3003645:C:T|REF	CARD11	common_snp	REF	intron
common_snp|CARD11|7:3003645:C:T|ALT	CARD11	common_snp	ALT	intron
common_snp|CARD11|7:3003772:G:T|REF	CARD11	common_snp	REF	intron
common_snp|CARD11|7:3003772:G:T|ALT	CARD11	common_snp	ALT	intron
common_snp|CARD11|7:3003948:C:A|REF	CARD11	common_snp	REF	intron
common_snp|CARD11|7:3003948:C:A|ALT	CARD11	common_snp	ALT	intron
common_snp|CARD11|7:3004168:C:G|REF	CARD11	common_snp	REF	intron
common_snp|CARD11|7:3004168:C:G|ALT	CARD11	common_snp	ALT	intron
common_snp|CARD11|7:3004687:A:G|REF	CARD11	common_snp	REF	intron
common_snp|CARD11|7:3004687:A:G|ALT	CARD11	common_snp	ALT	intron
common_snp|CARD11|7:3004895:T:C|REF	CARD11	common_snp	REF	intron
common_snp|CARD11|7:3004895:T:C|ALT	CARD11	common_snp	ALT	intron
common_snp|CARD11|7:3004947:T:C|REF	CARD11	common_snp	REF	intron
common_snp|CARD11|7:3004947:T:C|ALT	CARD11	common_snp	ALT	intron
common_snp|CARD11|7:3005159:G:A|REF	CARD11	common_snp	REF	intron
common_snp|CARD11|7:3005159:G:A|ALT	CARD11	common_snp	ALT	intron
common_snp|CARD11|7:3005164:C:T|REF	CARD11	common_snp	REF	intron
common_snp|CARD11|7:3005164:C:T|ALT	CARD11	common_snp	ALT	intron
common_snp|CARD11|7:3005430:C:T|REF	CARD11	common_snp	REF	intron
common_snp|CARD11|7:3005430:C:T|ALT	CARD11	common_snp	ALT	intron
common_snp|CARD11|7:3006148:A:C|REF	CARD11	common_snp	REF	intron
common_snp|CARD11|7:3006148:A:C|ALT	CARD11	common_snp	ALT	intron
common_snp|CARD11|7:3006497:A:C|REF	CARD11	common_snp	REF	intron
common_snp|CARD11|7:3006497:A:C|ALT	CARD11	common_snp	ALT	intron
common_snp|CARD11|7:3006532:T:C|REF	CARD11	common_snp	REF	intron
common_snp|CARD11|7:3006532:T:C|ALT	CARD11	common_snp	ALT	intron
common_snp|CARD11|7:3006572:G:A|REF	CARD11	common_snp	REF	intron
common_snp|CARD11|7:3006572:G:A|ALT	CARD11	common_snp	ALT	intron
common_snp|CARD11|7:3007101:A:G|REF	CARD11	common_snp	REF	intron
common_snp|CARD11|7:3007101:A:G|ALT	CARD11	common_snp	ALT	intron
common_snp|CARD11|7:3007217:T:C|REF	CARD11	common_snp	REF	intron
common_snp|CARD11|7:3007217:T:C|ALT	CARD11	common_snp	ALT	intron
common_snp|CARD11|7:3007328:T:C|REF	CARD11	common_snp	REF	intron
common_snp|CARD11|7:3007328:T:C|ALT	CARD11	common_snp	ALT	intron
common_snp|CARD11|7:3007389:A:G|REF	CARD11	common_snp	REF	intron
common_snp|CARD11|7:3007389:A:G|ALT	CARD11	common_snp	ALT	intron
common_snp|CARD11|7:3007863:G:A|REF	CARD11	common_snp	REF	intron
common_snp|CARD11|7:3007863:G:A|ALT	CARD11	common_snp	ALT	intron
common_snp|CARD11|7:3008087:C:A|REF	CARD11	common_snp	REF	intron
common_snp|CARD11|7:3008087:C:A|ALT	CARD11	common_snp	ALT	intron
common_snp|CARD11|7:3008386:T:G|REF	CARD11	common_snp	REF	intron
common_snp|CARD11|7:3008386:T:G|ALT	CARD11	common_snp	ALT	intron
common_snp|CARD11|7:3008695:A:G|REF	CARD11	common_snp	REF	intron
common_snp|CARD11|7:3008695:A:G|ALT	CARD11	common_snp	ALT	intron
common_snp|CARD11|7:3008769:T:C|REF	CARD11	common_snp	REF	intron
common_snp|CARD11|7:3008769:T:C|ALT	CARD11	common_snp	ALT	intron
common_snp|CARD11|7:3009271:G:A|REF	CARD11	common_snp	REF	intron
common_snp|CARD11|7:3009271:G:A|ALT	CARD11	common_snp	ALT	intron
common_snp|CARD11|7:3009375:A:G|REF	CARD11	common_snp	REF	intron
common_snp|CARD11|7:3009375:A:G|ALT	CARD11	common_snp	ALT	intron
common_snp|CARD11|7:3009675:T:C|REF	CARD11	common_snp	REF	intron
common_snp|CARD11|7:3009675:T:C|ALT	CARD11	common_snp	ALT	intron
common_snp|CARD11|7:3009777:A:G|REF	CARD11	common_snp	REF	intron
common_snp|CARD11|7:3009777:A:G|ALT	CARD11	common_snp	ALT	intron
common_snp|CARD11|7:3009818:A:G|REF	CARD11	common_snp	REF	intron
common_snp|CARD11|7:3009818:A:G|ALT	CARD11	common_snp	ALT	intron
common_snp|CARD11|7:3009821:T:C|REF	CARD11	common_snp	REF	intron
common_snp|CARD11|7:3009821:T:C|ALT	CARD11	common_snp	ALT	intron
common_snp|CARD11|7:3009961:A:C|REF	CARD11	common_snp	REF	intron
common_snp|CARD11|7:3009961:A:C|ALT	CARD11	common_snp	ALT	intron
common_snp|CARD11|7:3011741:C:T|REF	CARD11	common_snp	REF	intron
common_snp|CARD11|7:3011741:C:T|ALT	CARD11	common_snp	ALT	intron
common_snp|CARD11|7:3013577:C:T|REF	CARD11	common_snp	REF	intron
common_snp|CARD11|7:3013577:C:T|ALT	CARD11	common_snp	ALT	intron
common_snp|CARD11|7:3013782:G:A|REF	CARD11	common_snp	REF	intron
common_snp|CARD11|7:3013782:G:A|ALT	CARD11	common_snp	ALT	intron
common_snp|CARD11|7:3013850:T:A|REF	CARD11	common_snp	REF	intron
common_snp|CARD11|7:3013850:T:A|ALT	CARD11	common_snp	ALT	intron
common_snp|CARD11|7:3013913:T:C|REF	CARD11	common_snp	REF	intron
common_snp|CARD11|7:3013913:T:C|ALT	CARD11	common_snp	ALT	intron
common_snp|CARD11|7:3014464:T:C|REF	CARD11	common_snp	REF	intron
common_snp|CARD11|7:3014464:T:C|ALT	CARD11	common_snp	ALT	intron
common_snp|CARD11|7:3014907:G:T|REF	CARD11	common_snp	REF	intron
common_snp|CARD11|7:3014907:G:T|ALT	CARD11	common_snp	ALT	intron
common_snp|CARD11|7:3015014:G:A|REF	CARD11	common_snp	REF	intron
common_snp|CARD11|7:3015014:G:A|ALT	CARD11	common_snp	ALT	intron
common_snp|CARD11|7:3015227:G:A|REF	CARD11	common_snp	REF	intron
common_snp|CARD11|7:3015227:G:A|ALT	CARD11	common_snp	ALT	intron
common_snp|CARD11|7:3015413:G:A|REF	CARD11	common_snp	REF	intron
common_snp|CARD11|7:3015413:G:A|ALT	CARD11	common_snp	ALT	intron
common_snp|CARD11|7:3015436:C:A|REF	CARD11	common_snp	REF	intron
common_snp|CARD11|7:3015436:C:A|ALT	CARD11	common_snp	ALT	intron
common_snp|CARD11|7:3016398:A:G|REF	CARD11	common_snp	REF	intron
common_snp|CARD11|7:3016398:A:G|ALT	CARD11	common_snp	ALT	intron
common_snp|CARD11|7:3016695:A:C|REF	CARD11	common_snp	REF	intron
common_snp|CARD11|7:3016695:A:C|ALT	CARD11	common_snp	ALT	intron
common_snp|CARD11|7:3017204:G:T|REF	CARD11	common_snp	REF	intron
common_snp|CARD11|7:3017204:G:T|ALT	CARD11	common_snp	ALT	intron
common_snp|CARD11|7:3017262:A:G|REF	CARD11	common_snp	REF	intron
common_snp|CARD11|7:3017262:A:G|ALT	CARD11	common_snp	ALT	intron
common_snp|CARD11|7:3017336:C:G|REF	CARD11	common_snp	REF	intron
common_snp|CARD11|7:3017336:C:G|ALT	CARD11	common_snp	ALT	intron
common_snp|CARD11|7:3017533:G:A|REF	CARD11	common_snp	REF	intron
common_snp|CARD11|7:3017533:G:A|ALT	CARD11	common_snp	ALT	intron
common_snp|CARD11|7:3017666:C:A|REF	CARD11	common_snp	REF	intron
common_snp|CARD11|7:3017666:C:A|ALT	CARD11	common_snp	ALT	intron
common_snp|CARD11|7:3018156:C:G|REF	CARD11	common_snp	REF	intron
common_snp|CARD11|7:3018156:C:G|ALT	CARD11	common_snp	ALT	intron
common_snp|CARD11|7:3018195:T:C|REF	CARD11	common_snp	REF	intron
common_snp|CARD11|7:3018195:T:C|ALT	CARD11	common_snp	ALT	intron
common_snp|CARD11|7:3019273:C:G|REF	CARD11	common_snp	REF	intron
common_snp|CARD11|7:3019273:C:G|ALT	CARD11	common_snp	ALT	intron
common_snp|CARD11|7:3019645:C:G|REF	CARD11	common_snp	REF	intron
common_snp|CARD11|7:3019645:C:G|ALT	CARD11	common_snp	ALT	intron
common_snp|CARD11|7:3019743:C:T|REF	CARD11	common_snp	REF	intron
common_snp|CARD11|7:3019743:C:T|ALT	CARD11	common_snp	ALT	intron
common_snp|CARD11|7:3019824:T:C|REF	CARD11	common_snp	REF	intron
common_snp|CARD11|7:3019824:T:C|ALT	CARD11	common_snp	ALT	intron
common_snp|CARD11|7:3019951:C:T|REF	CARD11	common_snp	REF	intron
common_snp|CARD11|7:3019951:C:T|ALT	CARD11	common_snp	ALT	intron
common_snp|CARD11|7:3020003:C:T|REF	CARD11	common_snp	REF	intron
common_snp|CARD11|7:3020003:C:T|ALT	CARD11	common_snp	ALT	intron
common_snp|CARD11|7:3020121:C:G|REF	CARD11	common_snp	REF	intron
common_snp|CARD11|7:3020121:C:G|ALT	CARD11	common_snp	ALT	intron
common_snp|CARD11|7:3020454:T:G|REF	CARD11	common_snp	REF	intron
common_snp|CARD11|7:3020454:T:G|ALT	CARD11	common_snp	ALT	intron
common_snp|CARD11|7:3020455:A:T|REF	CARD11	common_snp	REF	intron
common_snp|CARD11|7:3020455:A:T|ALT	CARD11	common_snp	ALT	intron
common_snp|CARD11|7:3020571:G:C|REF	CARD11	common_snp	REF	intron
common_snp|CARD11|7:3020571:G:C|ALT	CARD11	common_snp	ALT	intron
common_snp|CARD11|7:3020657:A:G|REF	CARD11	common_snp	REF	intron
common_snp|CARD11|7:3020657:A:G|ALT	CARD11	common_snp	ALT	intron
common_snp|CARD11|7:3020763:G:A|REF	CARD11	common_snp	REF	intron
common_snp|CARD11|7:3020763:G:A|ALT	CARD11	common_snp	ALT	intron
common_snp|CARD11|7:3020966:G:A|REF	CARD11	common_snp	REF	intron
common_snp|CARD11|7:3020966:G:A|ALT	CARD11	common_snp	ALT	intron
common_snp|CARD11|7:3022295:G:T|REF	CARD11	common_snp	REF	intron
common_snp|CARD11|7:3022295:G:T|ALT	CARD11	common_snp	ALT	intron
common_snp|CARD11|7:3022583:G:A|REF	CARD11	common_snp	REF	intron
common_snp|CARD11|7:3022583:G:A|ALT	CARD11	common_snp	ALT	intron
common_snp|CARD11|7:3022619:A:G|REF	CARD11	common_snp	REF	intron
common_snp|CARD11|7:3022619:A:G|ALT	CARD11	common_snp	ALT	intron
common_snp|CARD11|7:3022690:G:A|REF	CARD11	common_snp	REF	intron
common_snp|CARD11|7:3022690:G:A|ALT	CARD11	common_snp	ALT	intron
common_snp|CARD11|7:3022759:C:A|REF	CARD11	common_snp	REF	intron
common_snp|CARD11|7:3022759:C:A|ALT	CARD11	common_snp	ALT	intron
common_snp|CARD11|7:3023094:T:C|REF	CARD11	common_snp	REF	intron
common_snp|CARD11|7:3023094:T:C|ALT	CARD11	common_snp	ALT	intron
common_snp|CARD11|7:3023346:T:C|REF	CARD11	common_snp	REF	intron
common_snp|CARD11|7:3023346:T:C|ALT	CARD11	common_snp	ALT	intron
common_snp|CARD11|7:3023677:C:G|REF	CARD11	common_snp	REF	intron
common_snp|CARD11|7:3023677:C:G|ALT	CARD11	common_snp	ALT	intron
common_snp|CARD11|7:3024287:G:T|REF	CARD11	common_snp	REF	intron
common_snp|CARD11|7:3024287:G:T|ALT	CARD11	common_snp	ALT	intron
common_snp|CARD11|7:3024374:T:A|REF	CARD11	common_snp	REF	intron
common_snp|CARD11|7:3024374:T:A|ALT	CARD11	common_snp	ALT	intron
common_snp|CARD11|7:3024631:C:G|REF	CARD11	common_snp	REF	intron
common_snp|CARD11|7:3024631:C:G|ALT	CARD11	common_snp	ALT	intron
common_snp|CARD11|7:3025221:C:A|REF	CARD11	common_snp	REF	intron
common_snp|CARD11|7:3025221:C:A|ALT	CARD11	common_snp	ALT	intron
common_snp|CARD11|7:3025233:G:A|REF	CARD11	common_snp	REF	intron
common_snp|CARD11|7:3025233:G:A|ALT	CARD11	common_snp	ALT	intron
common_snp|CARD11|7:3026030:T:A|REF	CARD11	common_snp	REF	intron
common_snp|CARD11|7:3026030:T:A|ALT	CARD11	common_snp	ALT	intron
common_snp|CARD11|7:3026333:T:A|REF	CARD11	common_snp	REF	intron
common_snp|CARD11|7:3026333:T:A|ALT	CARD11	common_snp	ALT	intron
common_snp|CARD11|7:3026652:A:G|REF	CARD11	common_snp	REF	intron
common_snp|CARD11|7:3026652:A:G|ALT	CARD11	common_snp	ALT	intron
common_snp|CARD11|7:3026659:A:G|REF	CARD11	common_snp	REF	intron
common_snp|CARD11|7:3026659:A:G|ALT	CARD11	common_snp	ALT	intron
common_snp|CARD11|7:3026991:G:C|REF	CARD11	common_snp	REF	intron
common_snp|CARD11|7:3026991:G:C|ALT	CARD11	common_snp	ALT	intron
common_snp|CARD11|7:3029149:T:C|REF	CARD11	common_snp	REF	intron
common_snp|CARD11|7:3029149:T:C|ALT	CARD11	common_snp	ALT	intron
common_snp|CARD11|7:3029402:G:T|REF	CARD11	common_snp	REF	intron
common_snp|CARD11|7:3029402:G:T|ALT	CARD11	common_snp	ALT	intron
common_snp|CARD11|7:3029831:G:T|REF	CARD11	common_snp	REF	intron
common_snp|CARD11|7:3029831:G:T|ALT	CARD11	common_snp	ALT	intron
common_snp|CARD11|7:3030481:G:C|REF	CARD11	common_snp	REF	intron
common_snp|CARD11|7:3030481:G:C|ALT	CARD11	common_snp	ALT	intron
common_snp|CARD11|7:3030537:A:G|REF	CARD11	common_snp	REF	intron
common_snp|CARD11|7:3030537:A:G|ALT	CARD11	common_snp	ALT	intron
common_snp|CARD11|7:3030568:C:T|REF	CARD11	common_snp	REF	intron
common_snp|CARD11|7:3030568:C:T|ALT	CARD11	common_snp	ALT	intron
common_snp|CARD11|7:3030708:C:T|REF	CARD11	common_snp	REF	intron
common_snp|CARD11|7:3030708:C:T|ALT	CARD11	common_snp	ALT	intron
common_snp|CARD11|7:3030965:A:T|REF	CARD11	common_snp	REF	intron
common_snp|CARD11|7:3030965:A:T|ALT	CARD11	common_snp	ALT	intron
common_snp|CARD11|7:3031243:T:C|REF	CARD11	common_snp	REF	intron
common_snp|CARD11|7:3031243:T:C|ALT	CARD11	common_snp	ALT	intron
common_snp|CARD11|7:3031257:T:C|REF	CARD11	common_snp	REF	intron
common_snp|CARD11|7:3031257:T:C|ALT	CARD11	common_snp	ALT	intron
common_snp|CARD11|7:3031263:G:A|REF	CARD11	common_snp	REF	intron
common_snp|CARD11|7:3031263:G:A|ALT	CARD11	common_snp	ALT	intron
common_snp|CARD11|7:3031481:C:T|REF	CARD11	common_snp	REF	intron
common_snp|CARD11|7:3031481:C:T|ALT	CARD11	common_snp	ALT	intron
common_snp|CARD11|7:3031561:T:C|REF	CARD11	common_snp	REF	intron
common_snp|CARD11|7:3031561:T:C|ALT	CARD11	common_snp	ALT	intron
common_snp|CARD11|7:3031869:A:C|REF	CARD11	common_snp	REF	intron
common_snp|CARD11|7:3031869:A:C|ALT	CARD11	common_snp	ALT	intron
common_snp|CARD11|7:3032090:C:T|REF	CARD11	common_snp	REF	intron
common_snp|CARD11|7:3032090:C:T|ALT	CARD11	common_snp	ALT	intron
common_snp|CARD11|7:3032581:T:C|REF	CARD11	common_snp	REF	intron
common_snp|CARD11|7:3032581:T:C|ALT	CARD11	common_snp	ALT	intron
common_snp|CARD11|7:3033202:T:C|REF	CARD11	common_snp	REF	intron
common_snp|CARD11|7:3033202:T:C|ALT	CARD11	common_snp	ALT	intron
common_snp|CARD11|7:3033841:C:T|REF	CARD11	common_snp	REF	intron
common_snp|CARD11|7:3033841:C:T|ALT	CARD11	common_snp	ALT	intron
common_snp|CARD11|7:3034135:T:C|REF	CARD11	common_snp	REF	intron
common_snp|CARD11|7:3034135:T:C|ALT	CARD11	common_snp	ALT	intron
common_snp|CARD11|7:3034531:A:G|REF	CARD11	common_snp	REF	intron
common_snp|CARD11|7:3034531:A:G|ALT	CARD11	common_snp	ALT	intron
common_snp|CARD11|7:3034565:T:C|REF	CARD11	common_snp	REF	intron
common_snp|CARD11|7:3034565:T:C|ALT	CARD11	common_snp	ALT	intron
common_snp|CARD11|7:3034959:A:G|REF	CARD11	common_snp	REF	intron
common_snp|CARD11|7:3034959:A:G|ALT	CARD11	common_snp	ALT	intron
common_snp|CARD11|7:3035332:A:G|REF	CARD11	common_snp	REF	intron
common_snp|CARD11|7:3035332:A:G|ALT	CARD11	common_snp	ALT	intron
common_snp|CARD11|7:3035340:A:G|REF	CARD11	common_snp	REF	intron
common_snp|CARD11|7:3035340:A:G|ALT	CARD11	common_snp	ALT	intron
common_snp|CARD11|7:3035502:C:T|REF	CARD11	common_snp	REF	intron
common_snp|CARD11|7:3035502:C:T|ALT	CARD11	common_snp	ALT	intron
common_snp|CARD11|7:3035859:C:A|REF	CARD11	common_snp	REF	intron
common_snp|CARD11|7:3035859:C:A|ALT	CARD11	common_snp	ALT	intron
common_snp|CARD11|7:3036419:G:A|REF	CARD11	common_snp	REF	intron
common_snp|CARD11|7:3036419:G:A|ALT	CARD11	common_snp	ALT	intron
common_snp|CARD11|7:3037210:C:T|REF	CARD11	common_snp	REF	intron
common_snp|CARD11|7:3037210:C:T|ALT	CARD11	common_snp	ALT	intron
common_snp|CARD11|7:3037424:A:T|REF	CARD11	common_snp	REF	intron
common_snp|CARD11|7:3037424:A:T|ALT	CARD11	common_snp	ALT	intron
common_snp|CARD11|7:3037636:G:T|REF	CARD11	common_snp	REF	intron
common_snp|CARD11|7:3037636:G:T|ALT	CARD11	common_snp	ALT	intron
common_snp|CARD11|7:3037863:G:C|REF	CARD11	common_snp	REF	intron
common_snp|CARD11|7:3037863:G:C|ALT	CARD11	common_snp	ALT	intron
common_snp|CARD11|7:3038353:A:C|REF	CARD11	common_snp	REF	intron
common_snp|CARD11|7:3038353:A:C|ALT	CARD11	common_snp	ALT	intron
common_snp|CARD11|7:3038355:G:T|REF	CARD11	common_snp	REF	intron
common_snp|CARD11|7:3038355:G:T|ALT	CARD11	common_snp	ALT	intron
common_snp|CARD11|7:3038401:G:A|REF	CARD11	common_snp	REF	intron
common_snp|CARD11|7:3038401:G:A|ALT	CARD11	common_snp	ALT	intron
common_snp|CARD11|7:3039514:G:A|REF	CARD11	common_snp	REF	intron
common_snp|CARD11|7:3039514:G:A|ALT	CARD11	common_snp	ALT	intron
common_snp|CARD11|7:3039970:G:A|REF	CARD11	common_snp	REF	intron
common_snp|CARD11|7:3039970:G:A|ALT	CARD11	common_snp	ALT	intron
common_snp|CARD11|7:3040259:C:T|REF	CARD11	common_snp	REF	intron
common_snp|CARD11|7:3040259:C:T|ALT	CARD11	common_snp	ALT	intron
common_snp|CARD11|7:3040276:C:T|REF	CARD11	common_snp	REF	intron
common_snp|CARD11|7:3040276:C:T|ALT	CARD11	common_snp	ALT	intron
common_snp|CARD11|7:3041165:G:C|REF	CARD11	common_snp	REF	intron
common_snp|CARD11|7:3041165:G:C|ALT	CARD11	common_snp	ALT	intron
common_snp|CARD11|7:3041674:G:C|REF	CARD11	common_snp	REF	intron
common_snp|CARD11|7:3041674:G:C|ALT	CARD11	common_snp	ALT	intron
common_snp|CARD11|7:3041773:C:T|REF	CARD11	common_snp	REF	intron
common_snp|CARD11|7:3041773:C:T|ALT	CARD11	common_snp	ALT	intron
common_snp|CARD11|7:3041868:C:T|REF	CARD11	common_snp	REF	intron
common_snp|CARD11|7:3041868:C:T|ALT	CARD11	common_snp	ALT	intron
common_snp|CARD11|7:3042051:T:C|REF	CARD11	common_snp	REF	intron
common_snp|CARD11|7:3042051:T:C|ALT	CARD11	common_snp	ALT	intron
common_snp|CARD11|7:3042093:A:G|REF	CARD11	common_snp	REF	intron
common_snp|CARD11|7:3042093:A:G|ALT	CARD11	common_snp	ALT	intron
common_snp|CARD11|7:3042124:C:T|REF	CARD11	common_snp	REF	intron
common_snp|CARD11|7:3042124:C:T|ALT	CARD11	common_snp	ALT	intron
common_snp|CARD11|7:3042157:C:T|REF	CARD11	common_snp	REF	intron
common_snp|CARD11|7:3042157:C:T|ALT	CARD11	common_snp	ALT	intron
common_snp|CARD11|7:3042220:A:C|REF	CARD11	common_snp	REF	intron
common_snp|CARD11|7:3042220:A:C|ALT	CARD11	common_snp	ALT	intron
common_snp|CARD11|7:3042224:T:C|REF	CARD11	common_snp	REF	intron
common_snp|CARD11|7:3042224:T:C|ALT	CARD11	common_snp	ALT	intron
common_snp|CARD11|7:3043585:C:T|REF	CARD11	common_snp	REF	intron
common_snp|CARD11|7:3043585:C:T|ALT	CARD11	common_snp	ALT	intron
common_snp|COL1A2|7:94396612:A:G|REF	COL1A2	common_snp	REF	intron
common_snp|COL1A2|7:94396612:A:G|ALT	COL1A2	common_snp	ALT	intron
common_snp|COL1A2|7:94397390:C:T|REF	COL1A2	common_snp	REF	intron
common_snp|COL1A2|7:94397390:C:T|ALT	COL1A2	common_snp	ALT	intron
common_snp|COL1A2|7:94398387:T:C|REF	COL1A2	common_snp	REF	CDS
common_snp|COL1A2|7:94398387:T:C|ALT	COL1A2	common_snp	ALT	CDS
common_snp|COL1A2|7:94399115:G:A|REF	COL1A2	common_snp	REF	intron
common_snp|COL1A2|7:94399115:G:A|ALT	COL1A2	common_snp	ALT	intron
common_snp|COL1A2|7:94399612:A:G|REF	COL1A2	common_snp	REF	intron
common_snp|COL1A2|7:94399612:A:G|ALT	COL1A2	common_snp	ALT	intron
common_snp|COL1A2|7:94400670:C:T|REF	COL1A2	common_snp	REF	intron
common_snp|COL1A2|7:94400670:C:T|ALT	COL1A2	common_snp	ALT	intron
common_snp|COL1A2|7:94400855:A:G|REF	COL1A2	common_snp	REF	intron
common_snp|COL1A2|7:94400855:A:G|ALT	COL1A2	common_snp	ALT	intron
common_snp|COL1A2|7:94401034:G:C|REF	COL1A2	common_snp	REF	intron
common_snp|COL1A2|7:94401034:G:C|ALT	COL1A2	common_snp	ALT	intron
common_snp|COL1A2|7:94401587:T:C|REF	COL1A2	common_snp	REF	CDS
common_snp|COL1A2|7:94401587:T:C|ALT	COL1A2	common_snp	ALT	CDS
common_snp|COL1A2|7:94402145:T:G|REF	COL1A2	common_snp	REF	intron
common_snp|COL1A2|7:94402145:T:G|ALT	COL1A2	common_snp	ALT	intron
common_snp|COL1A2|7:94402493:G:A|REF	COL1A2	common_snp	REF	intron
common_snp|COL1A2|7:94402493:G:A|ALT	COL1A2	common_snp	ALT	intron
common_snp|COL1A2|7:94402793:G:A|REF	COL1A2	common_snp	REF	intron
common_snp|COL1A2|7:94402793:G:A|ALT	COL1A2	common_snp	ALT	intron
common_snp|COL1A2|7:94403013:G:A|REF	COL1A2	common_snp	REF	intron
common_snp|COL1A2|7:94403013:G:A|ALT	COL1A2	common_snp	ALT	intron
common_snp|COL1A2|7:94403441:A:G|REF	COL1A2	common_snp	REF	intron
common_snp|COL1A2|7:94403441:A:G|ALT	COL1A2	common_snp	ALT	intron
common_snp|COL1A2|7:94403630:A:G|REF	COL1A2	common_snp	REF	intron
common_snp|COL1A2|7:94403630:A:G|ALT	COL1A2	common_snp	ALT	intron
common_snp|COL1A2|7:94403719:T:C|REF	COL1A2	common_snp	REF	intron
common_snp|COL1A2|7:94403719:T:C|ALT	COL1A2	common_snp	ALT	intron
common_snp|COL1A2|7:94403800:C:T|REF	COL1A2	common_snp	REF	intron
common_snp|COL1A2|7:94403800:C:T|ALT	COL1A2	common_snp	ALT	intron
common_snp|COL1A2|7:94404025:T:G|REF	COL1A2	common_snp	REF	intron
common_snp|COL1A2|7:94404025:T:G|ALT	COL1A2	common_snp	ALT	intron
common_snp|COL1A2|7:94404360:A:T|REF	COL1A2	common_snp	REF	intron
common_snp|COL1A2|7:94404360:A:T|ALT	COL1A2	common_snp	ALT	intron
common_snp|COL1A2|7:94404488:A:G|REF	COL1A2	common_snp	REF	intron
common_snp|COL1A2|7:94404488:A:G|ALT	COL1A2	common_snp	ALT	intron
common_snp|COL1A2|7:94405377:C:T|REF	COL1A2	common_snp	REF	intron
common_snp|COL1A2|7:94405377:C:T|ALT	COL1A2	common_snp	ALT	intron
common_snp|COL1A2|7:94405536:A:G|REF	COL1A2	common_snp	REF	intron
common_snp|COL1A2|7:94405536:A:G|ALT	COL1A2	common_snp	ALT	intron
common_snp|COL1A2|7:94406580:C:T|REF	COL1A2	common_snp	REF	intron
common_snp|COL1A2|7:94406580:C:T|ALT	COL1A2	common_snp	ALT	intron
common_snp|COL1A2|7:94407235:C:T|REF	COL1A2	common_snp	REF	intron
common_snp|COL1A2|7:94407235:C:T|ALT	COL1A2	common_snp	ALT	intron
common_snp|COL1A2|7:94407722:A:G|REF	COL1A2	common_snp	REF	intron
common_snp|COL1A2|7:94407722:A:G|ALT	COL1A2	common_snp	ALT	intron
common_snp|COL1A2|7:94409622:C:T|REF	COL1A2	common_snp	REF	intron
common_snp|COL1A2|7:94409622:C:T|ALT	COL1A2	common_snp	ALT	intron
common_snp|COL1A2|7:94409654:G:A|REF	COL1A2	common_snp	REF	intron
common_snp|COL1A2|7:94409654:G:A|ALT	COL1A2	common_snp	ALT	intron
common_snp|COL1A2|7:94409720:C:T|REF	COL1A2	common_snp	REF	intron
common_snp|COL1A2|7:94409720:C:T|ALT	COL1A2	common_snp	ALT	intron
common_snp|COL1A2|7:94409875:A:G|REF	COL1A2	common_snp	REF	intron
common_snp|COL1A2|7:94409875:A:G|ALT	COL1A2	common_snp	ALT	intron
common_snp|COL1A2|7:94410098:C:G|REF	COL1A2	common_snp	REF	intron
common_snp|COL1A2|7:94410098:C:G|ALT	COL1A2	common_snp	ALT	intron
common_snp|COL1A2|7:94410588:C:T|REF	COL1A2	common_snp	REF	intron
common_snp|COL1A2|7:94410588:C:T|ALT	COL1A2	common_snp	ALT	intron
common_snp|COL1A2|7:94410975:G:A|REF	COL1A2	common_snp	REF	intron
common_snp|COL1A2|7:94410975:G:A|ALT	COL1A2	common_snp	ALT	intron
common_snp|COL1A2|7:94411504:G:C|REF	COL1A2	common_snp	REF	intron
common_snp|COL1A2|7:94411504:G:C|ALT	COL1A2	common_snp	ALT	intron
common_snp|COL1A2|7:94411651:G:A|REF	COL1A2	common_snp	REF	intron
common_snp|COL1A2|7:94411651:G:A|ALT	COL1A2	common_snp	ALT	intron
common_snp|COL1A2|7:94411687:T:C|REF	COL1A2	common_snp	REF	intron
common_snp|COL1A2|7:94411687:T:C|ALT	COL1A2	common_snp	ALT	intron
common_snp|COL1A2|7:94412625:A:C|REF	COL1A2	common_snp	REF	CDS
common_snp|COL1A2|7:94412625:A:C|ALT	COL1A2	common_snp	ALT	CDS
common_snp|COL1A2|7:94413502:T:C|REF	COL1A2	common_snp	REF	intron
common_snp|COL1A2|7:94413502:T:C|ALT	COL1A2	common_snp	ALT	intron
common_snp|COL1A2|7:94413927:C:G|REF	COL1A2	common_snp	REF	CDS
common_snp|COL1A2|7:94413927:C:G|ALT	COL1A2	common_snp	ALT	CDS
common_snp|COL1A2|7:94413962:A:G|REF	COL1A2	common_snp	REF	intron
common_snp|COL1A2|7:94413962:A:G|ALT	COL1A2	common_snp	ALT	intron
common_snp|COL1A2|7:94414181:G:A|REF	COL1A2	common_snp	REF	intron
common_snp|COL1A2|7:94414181:G:A|ALT	COL1A2	common_snp	ALT	intron
common_snp|COL1A2|7:94414910:T:C|REF	COL1A2	common_snp	REF	intron
common_snp|COL1A2|7:94414910:T:C|ALT	COL1A2	common_snp	ALT	intron
common_snp|COL1A2|7:94415491:C:A|REF	COL1A2	common_snp	REF	intron
common_snp|COL1A2|7:94415491:C:A|ALT	COL1A2	common_snp	ALT	intron
common_snp|COL1A2|7:94415762:G:A|REF	COL1A2	common_snp	REF	intron
common_snp|COL1A2|7:94415762:G:A|ALT	COL1A2	common_snp	ALT	intron
common_snp|COL1A2|7:94415842:T:C|REF	COL1A2	common_snp	REF	intron
common_snp|COL1A2|7:94415842:T:C|ALT	COL1A2	common_snp	ALT	intron
common_snp|COL1A2|7:94415854:C:T|REF	COL1A2	common_snp	REF	intron
common_snp|COL1A2|7:94415854:C:T|ALT	COL1A2	common_snp	ALT	intron
common_snp|COL1A2|7:94416264:G:A|REF	COL1A2	common_snp	REF	intron
common_snp|COL1A2|7:94416264:G:A|ALT	COL1A2	common_snp	ALT	intron
common_snp|COL1A2|7:94416887:C:A|REF	COL1A2	common_snp	REF	intron
common_snp|COL1A2|7:94416887:C:A|ALT	COL1A2	common_snp	ALT	intron
common_snp|COL1A2|7:94417156:A:G|REF	COL1A2	common_snp	REF	intron
common_snp|COL1A2|7:94417156:A:G|ALT	COL1A2	common_snp	ALT	intron
common_snp|COL1A2|7:94417229:G:T|REF	COL1A2	common_snp	REF	intron
common_snp|COL1A2|7:94417229:G:T|ALT	COL1A2	common_snp	ALT	intron
common_snp|COL1A2|7:94417364:C:T|REF	COL1A2	common_snp	REF	intron
common_snp|COL1A2|7:94417364:C:T|ALT	COL1A2	common_snp	ALT	intron
common_snp|COL1A2|7:94417954:C:A|REF	COL1A2	common_snp	REF	intron
common_snp|COL1A2|7:94417954:C:A|ALT	COL1A2	common_snp	ALT	intron
common_snp|COL1A2|7:94418365:C:T|REF	COL1A2	common_snp	REF	intron
common_snp|COL1A2|7:94418365:C:T|ALT	COL1A2	common_snp	ALT	intron
common_snp|COL1A2|7:94418853:C:T|REF	COL1A2	common_snp	REF	intron
common_snp|COL1A2|7:94418853:C:T|ALT	COL1A2	common_snp	ALT	intron
common_snp|COL1A2|7:94418917:G:A|REF	COL1A2	common_snp	REF	intron
common_snp|COL1A2|7:94418917:G:A|ALT	COL1A2	common_snp	ALT	intron
common_snp|COL1A2|7:94419170:G:A|REF	COL1A2	common_snp	REF	intron
common_snp|COL1A2|7:94419170:G:A|ALT	COL1A2	common_snp	ALT	intron
common_snp|COL1A2|7:94419233:G:A|REF	COL1A2	common_snp	REF	intron
common_snp|COL1A2|7:94419233:G:A|ALT	COL1A2	common_snp	ALT	intron
common_snp|COL1A2|7:94420044:T:C|REF	COL1A2	common_snp	REF	intron
common_snp|COL1A2|7:94420044:T:C|ALT	COL1A2	common_snp	ALT	intron
common_snp|COL1A2|7:94421296:T:G|REF	COL1A2	common_snp	REF	intron
common_snp|COL1A2|7:94421296:T:G|ALT	COL1A2	common_snp	ALT	intron
common_snp|COL1A2|7:94422604:G:A|REF	COL1A2	common_snp	REF	intron
common_snp|COL1A2|7:94422604:G:A|ALT	COL1A2	common_snp	ALT	intron
common_snp|COL1A2|7:94423183:A:G|REF	COL1A2	common_snp	REF	intron
common_snp|COL1A2|7:94423183:A:G|ALT	COL1A2	common_snp	ALT	intron
common_snp|COL1A2|7:94423351:G:A|REF	COL1A2	common_snp	REF	intron
common_snp|COL1A2|7:94423351:G:A|ALT	COL1A2	common_snp	ALT	intron
common_snp|COL1A2|7:94423693:T:C|REF	COL1A2	common_snp	REF	intron
common_snp|COL1A2|7:94423693:T:C|ALT	COL1A2	common_snp	ALT	intron
common_snp|COL1A2|7:94424688:T:C|REF	COL1A2	common_snp	REF	intron
common_snp|COL1A2|7:94424688:T:C|ALT	COL1A2	common_snp	ALT	intron
common_snp|COL1A2|7:94424911:C:T|REF	COL1A2	common_snp	REF	intron
common_snp|COL1A2|7:94424911:C:T|ALT	COL1A2	common_snp	ALT	intron
common_snp|COL1A2|7:94426621:T:C|REF	COL1A2	common_snp	REF	intron
common_snp|COL1A2|7:94426621:T:C|ALT	COL1A2	common_snp	ALT	intron
common_snp|COL1A2|7:94426694:A:G|REF	COL1A2	common_snp	REF	intron
common_snp|COL1A2|7:94426694:A:G|ALT	COL1A2	common_snp	ALT	intron
common_snp|COL1A2|7:94426732:G:T|REF	COL1A2	common_snp	REF	intron
common_snp|COL1A2|7:94426732:G:T|ALT	COL1A2	common_snp	ALT	intron
common_snp|COL1A2|7:94426932:C:G|REF	COL1A2	common_snp	REF	intron
common_snp|COL1A2|7:94426932:C:G|ALT	COL1A2	common_snp	ALT	intron
common_snp|COL1A2|7:94428106:A:C|REF	COL1A2	common_snp	REF	intron
common_snp|COL1A2|7:94428106:A:C|ALT	COL1A2	common_snp	ALT	intron
common_snp|COL1A2|7:94428886:T:C|REF	COL1A2	common_snp	REF	intron
common_snp|COL1A2|7:94428886:T:C|ALT	COL1A2	common_snp	ALT	intron
common_snp|COL1A2|7:94429083:T:C|REF	COL1A2	common_snp	REF	intron
common_snp|COL1A2|7:94429083:T:C|ALT	COL1A2	common_snp	ALT	intron
common_snp|COL1A2|7:94430005:G:A|REF	COL1A2	common_snp	REF	intron
common_snp|COL1A2|7:94430005:G:A|ALT	COL1A2	common_snp	ALT	intron
common_snp|COL1A2|7:94430032:T:G|REF	COL1A2	common_snp	REF	intron
common_snp|COL1A2|7:94430032:T:G|ALT	COL1A2	common_snp	ALT	intron
common_snp|COL1A2|7:94430587:C:T|REF	COL1A2	common_snp	REF	exon_nonCDS
common_snp|COL1A2|7:94430587:C:T|ALT	COL1A2	common_snp	ALT	exon_nonCDS
common_snp|SPTLC1|9:92000854:G:A|REF	SPTLC1	common_snp	REF	intron
common_snp|SPTLC1|9:92000854:G:A|ALT	SPTLC1	common_snp	ALT	intron
common_snp|SPTLC1|9:92001508:C:T|REF	SPTLC1	common_snp	REF	intron
common_snp|SPTLC1|9:92001508:C:T|ALT	SPTLC1	common_snp	ALT	intron
common_snp|SPTLC1|9:92001745:T:A|REF	SPTLC1	common_snp	REF	intron
common_snp|SPTLC1|9:92001745:T:A|ALT	SPTLC1	common_snp	ALT	intron
common_snp|SPTLC1|9:92001951:C:T|REF	SPTLC1	common_snp	REF	intron
common_snp|SPTLC1|9:92001951:C:T|ALT	SPTLC1	common_snp	ALT	intron
common_snp|SPTLC1|9:92002660:C:G|REF	SPTLC1	common_snp	REF	intron
common_snp|SPTLC1|9:92002660:C:G|ALT	SPTLC1	common_snp	ALT	intron
common_snp|SPTLC1|9:92003018:C:T|REF	SPTLC1	common_snp	REF	intron
common_snp|SPTLC1|9:92003018:C:T|ALT	SPTLC1	common_snp	ALT	intron
common_snp|SPTLC1|9:92003611:C:T|REF	SPTLC1	common_snp	REF	intron
common_snp|SPTLC1|9:92003611:C:T|ALT	SPTLC1	common_snp	ALT	intron
common_snp|SPTLC1|9:92003744:C:T|REF	SPTLC1	common_snp	REF	intron
common_snp|SPTLC1|9:92003744:C:T|ALT	SPTLC1	common_snp	ALT	intron
common_snp|SPTLC1|9:92003953:G:A|REF	SPTLC1	common_snp	REF	intron
common_snp|SPTLC1|9:92003953:G:A|ALT	SPTLC1	common_snp	ALT	intron
common_snp|SPTLC1|9:92004289:T:C|REF	SPTLC1	common_snp	REF	intron
common_snp|SPTLC1|9:92004289:T:C|ALT	SPTLC1	common_snp	ALT	intron
common_snp|SPTLC1|9:92004365:G:T|REF	SPTLC1	common_snp	REF	intron
common_snp|SPTLC1|9:92004365:G:T|ALT	SPTLC1	common_snp	ALT	intron
common_snp|SPTLC1|9:92004947:C:T|REF	SPTLC1	common_snp	REF	intron
common_snp|SPTLC1|9:92004947:C:T|ALT	SPTLC1	common_snp	ALT	intron
common_snp|SPTLC1|9:92005150:G:A|REF	SPTLC1	common_snp	REF	intron
common_snp|SPTLC1|9:92005150:G:A|ALT	SPTLC1	common_snp	ALT	intron
common_snp|SPTLC1|9:92005161:C:T|REF	SPTLC1	common_snp	REF	intron
common_snp|SPTLC1|9:92005161:C:T|ALT	SPTLC1	common_snp	ALT	intron
common_snp|SPTLC1|9:92005499:G:A|REF	SPTLC1	common_snp	REF	intron
common_snp|SPTLC1|9:92005499:G:A|ALT	SPTLC1	common_snp	ALT	intron
common_snp|SPTLC1|9:92005891:A:T|REF	SPTLC1	common_snp	REF	intron
common_snp|SPTLC1|9:92005891:A:T|ALT	SPTLC1	common_snp	ALT	intron
common_snp|SPTLC1|9:92005894:T:A|REF	SPTLC1	common_snp	REF	intron
common_snp|SPTLC1|9:92005894:T:A|ALT	SPTLC1	common_snp	ALT	intron
common_snp|SPTLC1|9:92006260:A:G|REF	SPTLC1	common_snp	REF	exon_nonCDS
common_snp|SPTLC1|9:92006260:A:G|ALT	SPTLC1	common_snp	ALT	exon_nonCDS
common_snp|SPTLC1|9:92006888:G:A|REF	SPTLC1	common_snp	REF	intron
common_snp|SPTLC1|9:92006888:G:A|ALT	SPTLC1	common_snp	ALT	intron
common_snp|SPTLC1|9:92007656:G:A|REF	SPTLC1	common_snp	REF	intron
common_snp|SPTLC1|9:92007656:G:A|ALT	SPTLC1	common_snp	ALT	intron
common_snp|SPTLC1|9:92008239:A:T|REF	SPTLC1	common_snp	REF	intron
common_snp|SPTLC1|9:92008239:A:T|ALT	SPTLC1	common_snp	ALT	intron
common_snp|SPTLC1|9:92009252:T:G|REF	SPTLC1	common_snp	REF	intron
common_snp|SPTLC1|9:92009252:T:G|ALT	SPTLC1	common_snp	ALT	intron
common_snp|SPTLC1|9:92011366:T:C|REF	SPTLC1	common_snp	REF	intron
common_snp|SPTLC1|9:92011366:T:C|ALT	SPTLC1	common_snp	ALT	intron
common_snp|SPTLC1|9:92011804:T:C|REF	SPTLC1	common_snp	REF	intron
common_snp|SPTLC1|9:92011804:T:C|ALT	SPTLC1	common_snp	ALT	intron
common_snp|SPTLC1|9:92012588:T:C|REF	SPTLC1	common_snp	REF	intron
common_snp|SPTLC1|9:92012588:T:C|ALT	SPTLC1	common_snp	ALT	intron
common_snp|SPTLC1|9:92012589:A:T|REF	SPTLC1	common_snp	REF	intron
common_snp|SPTLC1|9:92012589:A:T|ALT	SPTLC1	common_snp	ALT	intron
common_snp|SPTLC1|9:92012683:C:T|REF	SPTLC1	common_snp	REF	intron
common_snp|SPTLC1|9:92012683:C:T|ALT	SPTLC1	common_snp	ALT	intron
common_snp|SPTLC1|9:92013105:G:A|REF	SPTLC1	common_snp	REF	intron
common_snp|SPTLC1|9:92013105:G:A|ALT	SPTLC1	common_snp	ALT	intron
common_snp|SPTLC1|9:92013170:T:C|REF	SPTLC1	common_snp	REF	intron
common_snp|SPTLC1|9:92013170:T:C|ALT	SPTLC1	common_snp	ALT	intron
common_snp|SPTLC1|9:92013374:G:A|REF	SPTLC1	common_snp	REF	intron
common_snp|SPTLC1|9:92013374:G:A|ALT	SPTLC1	common_snp	ALT	intron
common_snp|SPTLC1|9:92014270:T:C|REF	SPTLC1	common_snp	REF	intron
common_snp|SPTLC1|9:92014270:T:C|ALT	SPTLC1	common_snp	ALT	intron
common_snp|SPTLC1|9:92014650:G:T|REF	SPTLC1	common_snp	REF	intron
common_snp|SPTLC1|9:92014650:G:T|ALT	SPTLC1	common_snp	ALT	intron
common_snp|SPTLC1|9:92014791:C:T|REF	SPTLC1	common_snp	REF	intron
common_snp|SPTLC1|9:92014791:C:T|ALT	SPTLC1	common_snp	ALT	intron
common_snp|SPTLC1|9:92015108:T:C|REF	SPTLC1	common_snp	REF	intron
common_snp|SPTLC1|9:92015108:T:C|ALT	SPTLC1	common_snp	ALT	intron
common_snp|SPTLC1|9:92015168:G:A|REF	SPTLC1	common_snp	REF	intron
common_snp|SPTLC1|9:92015168:G:A|ALT	SPTLC1	common_snp	ALT	intron
common_snp|SPTLC1|9:92018472:C:A|REF	SPTLC1	common_snp	REF	intron
common_snp|SPTLC1|9:92018472:C:A|ALT	SPTLC1	common_snp	ALT	intron
common_snp|SPTLC1|9:92018496:G:A|REF	SPTLC1	common_snp	REF	intron
common_snp|SPTLC1|9:92018496:G:A|ALT	SPTLC1	common_snp	ALT	intron
common_snp|SPTLC1|9:92019023:A:G|REF	SPTLC1	common_snp	REF	intron
common_snp|SPTLC1|9:92019023:A:G|ALT	SPTLC1	common_snp	ALT	intron
common_snp|SPTLC1|9:92019109:C:T|REF	SPTLC1	common_snp	REF	intron
common_snp|SPTLC1|9:92019109:C:T|ALT	SPTLC1	common_snp	ALT	intron
common_snp|SPTLC1|9:92019559:C:T|REF	SPTLC1	common_snp	REF	intron
common_snp|SPTLC1|9:92019559:C:T|ALT	SPTLC1	common_snp	ALT	intron
common_snp|SPTLC1|9:92020082:T:A|REF	SPTLC1	common_snp	REF	intron
common_snp|SPTLC1|9:92020082:T:A|ALT	SPTLC1	common_snp	ALT	intron
common_snp|SPTLC1|9:92020171:G:C|REF	SPTLC1	common_snp	REF	intron
common_snp|SPTLC1|9:92020171:G:C|ALT	SPTLC1	common_snp	ALT	intron
common_snp|SPTLC1|9:92021318:T:C|REF	SPTLC1	common_snp	REF	intron
common_snp|SPTLC1|9:92021318:T:C|ALT	SPTLC1	common_snp	ALT	intron
common_snp|SPTLC1|9:92021554:G:C|REF	SPTLC1	common_snp	REF	intron
common_snp|SPTLC1|9:92021554:G:C|ALT	SPTLC1	common_snp	ALT	intron
common_snp|SPTLC1|9:92021848:G:A|REF	SPTLC1	common_snp	REF	intron
common_snp|SPTLC1|9:92021848:G:A|ALT	SPTLC1	common_snp	ALT	intron
common_snp|SPTLC1|9:92022423:C:A|REF	SPTLC1	common_snp	REF	intron
common_snp|SPTLC1|9:92022423:C:A|ALT	SPTLC1	common_snp	ALT	intron
common_snp|SPTLC1|9:92022571:G:A|REF	SPTLC1	common_snp	REF	intron
common_snp|SPTLC1|9:92022571:G:A|ALT	SPTLC1	common_snp	ALT	intron
common_snp|SPTLC1|9:92024499:C:T|REF	SPTLC1	common_snp	REF	intron
common_snp|SPTLC1|9:92024499:C:T|ALT	SPTLC1	common_snp	ALT	intron
common_snp|SPTLC1|9:92024565:A:T|REF	SPTLC1	common_snp	REF	intron
common_snp|SPTLC1|9:92024565:A:T|ALT	SPTLC1	common_snp	ALT	intron
common_snp|SPTLC1|9:92024763:G:A|REF	SPTLC1	common_snp	REF	intron
common_snp|SPTLC1|9:92024763:G:A|ALT	SPTLC1	common_snp	ALT	intron
common_snp|SPTLC1|9:92025084:C:T|REF	SPTLC1	common_snp	REF	intron
common_snp|SPTLC1|9:92025084:C:T|ALT	SPTLC1	common_snp	ALT	intron
common_snp|SPTLC1|9:92025767:C:T|REF	SPTLC1	common_snp	REF	intron
common_snp|SPTLC1|9:92025767:C:T|ALT	SPTLC1	common_snp	ALT	intron
common_snp|SPTLC1|9:92029034:A:G|REF	SPTLC1	common_snp	REF	intron
common_snp|SPTLC1|9:92029034:A:G|ALT	SPTLC1	common_snp	ALT	intron
common_snp|SPTLC1|9:92029089:C:G|REF	SPTLC1	common_snp	REF	intron
common_snp|SPTLC1|9:92029089:C:G|ALT	SPTLC1	common_snp	ALT	intron
common_snp|SPTLC1|9:92029255:G:A|REF	SPTLC1	common_snp	REF	intron
common_snp|SPTLC1|9:92029255:G:A|ALT	SPTLC1	common_snp	ALT	intron
common_snp|SPTLC1|9:92029375:T:C|REF	SPTLC1	common_snp	REF	intron
common_snp|SPTLC1|9:92029375:T:C|ALT	SPTLC1	common_snp	ALT	intron
common_snp|SPTLC1|9:92029453:C:T|REF	SPTLC1	common_snp	REF	intron
common_snp|SPTLC1|9:92029453:C:T|ALT	SPTLC1	common_snp	ALT	intron
common_snp|SPTLC1|9:92029478:C:T|REF	SPTLC1	common_snp	REF	intron
common_snp|SPTLC1|9:92029478:C:T|ALT	SPTLC1	common_snp	ALT	intron
common_snp|SPTLC1|9:92029850:C:T|REF	SPTLC1	common_snp	REF	intron
common_snp|SPTLC1|9:92029850:C:T|ALT	SPTLC1	common_snp	ALT	intron
common_snp|SPTLC1|9:92029937:G:C|REF	SPTLC1	common_snp	REF	intron
common_snp|SPTLC1|9:92029937:G:C|ALT	SPTLC1	common_snp	ALT	intron
common_snp|SPTLC1|9:92030049:T:C|REF	SPTLC1	common_snp	REF	intron
common_snp|SPTLC1|9:92030049:T:C|ALT	SPTLC1	common_snp	ALT	intron
common_snp|SPTLC1|9:92030772:G:A|REF	SPTLC1	common_snp	REF	intron
common_snp|SPTLC1|9:92030772:G:A|ALT	SPTLC1	common_snp	ALT	intron
common_snp|SPTLC1|9:92030913:G:A|REF	SPTLC1	common_snp	REF	intron
common_snp|SPTLC1|9:92030913:G:A|ALT	SPTLC1	common_snp	ALT	intron
common_snp|SPTLC1|9:92031163:A:C|REF	SPTLC1	common_snp	REF	exon_nonCDS
common_snp|SPTLC1|9:92031163:A:C|ALT	SPTLC1	common_snp	ALT	exon_nonCDS
common_snp|SPTLC1|9:92032640:G:A|REF	SPTLC1	common_snp	REF	intron
common_snp|SPTLC1|9:92032640:G:A|ALT	SPTLC1	common_snp	ALT	intron
common_snp|SPTLC1|9:92032832:C:T|REF	SPTLC1	common_snp	REF	intron
common_snp|SPTLC1|9:92032832:C:T|ALT	SPTLC1	common_snp	ALT	intron
common_snp|SPTLC1|9:92033710:T:C|REF	SPTLC1	common_snp	REF	intron
common_snp|SPTLC1|9:92033710:T:C|ALT	SPTLC1	common_snp	ALT	intron
common_snp|SPTLC1|9:92033723:T:G|REF	SPTLC1	common_snp	REF	intron
common_snp|SPTLC1|9:92033723:T:G|ALT	SPTLC1	common_snp	ALT	intron
common_snp|SPTLC1|9:92033848:A:G|REF	SPTLC1	common_snp	REF	exon_nonCDS
common_snp|SPTLC1|9:92033848:A:G|ALT	SPTLC1	common_snp	ALT	exon_nonCDS
common_snp|SPTLC1|9:92034109:T:C|REF	SPTLC1	common_snp	REF	intron
common_snp|SPTLC1|9:92034109:T:C|ALT	SPTLC1	common_snp	ALT	intron
common_snp|SPTLC1|9:92034209:C:T|REF	SPTLC1	common_snp	REF	intron
common_snp|SPTLC1|9:92034209:C:T|ALT	SPTLC1	common_snp	ALT	intron
common_snp|SPTLC1|9:92036571:T:C|REF	SPTLC1	common_snp	REF	intron
common_snp|SPTLC1|9:92036571:T:C|ALT	SPTLC1	common_snp	ALT	intron
common_snp|SPTLC1|9:92036748:C:T|REF	SPTLC1	common_snp	REF	intron
common_snp|SPTLC1|9:92036748:C:T|ALT	SPTLC1	common_snp	ALT	intron
common_snp|SPTLC1|9:92037864:T:G|REF	SPTLC1	common_snp	REF	intron
common_snp|SPTLC1|9:92037864:T:G|ALT	SPTLC1	common_snp	ALT	intron
common_snp|SPTLC1|9:92038025:C:T|REF	SPTLC1	common_snp	REF	intron
common_snp|SPTLC1|9:92038025:C:T|ALT	SPTLC1	common_snp	ALT	intron
common_snp|SPTLC1|9:92038573:A:G|REF	SPTLC1	common_snp	REF	intron
common_snp|SPTLC1|9:92038573:A:G|ALT	SPTLC1	common_snp	ALT	intron
common_snp|SPTLC1|9:92039004:G:A|REF	SPTLC1	common_snp	REF	intron
common_snp|SPTLC1|9:92039004:G:A|ALT	SPTLC1	common_snp	ALT	intron
common_snp|SPTLC1|9:92040107:C:T|REF	SPTLC1	common_snp	REF	intron
common_snp|SPTLC1|9:92040107:C:T|ALT	SPTLC1	common_snp	ALT	intron
common_snp|SPTLC1|9:92040241:A:G|REF	SPTLC1	common_snp	REF	intron
common_snp|SPTLC1|9:92040241:A:G|ALT	SPTLC1	common_snp	ALT	intron
common_snp|SPTLC1|9:92040364:C:T|REF	SPTLC1	common_snp	REF	intron
common_snp|SPTLC1|9:92040364:C:T|ALT	SPTLC1	common_snp	ALT	intron
common_snp|SPTLC1|9:92043024:C:T|REF	SPTLC1	common_snp	REF	intron
common_snp|SPTLC1|9:92043024:C:T|ALT	SPTLC1	common_snp	ALT	intron
common_snp|SPTLC1|9:92043304:A:G|REF	SPTLC1	common_snp	REF	intron
common_snp|SPTLC1|9:92043304:A:G|ALT	SPTLC1	common_snp	ALT	intron
common_snp|SPTLC1|9:92044049:T:C|REF	SPTLC1	common_snp	REF	intron
common_snp|SPTLC1|9:92044049:T:C|ALT	SPTLC1	common_snp	ALT	intron
common_snp|SPTLC1|9:92044479:G:A|REF	SPTLC1	common_snp	REF	intron
common_snp|SPTLC1|9:92044479:G:A|ALT	SPTLC1	common_snp	ALT	intron
common_snp|SPTLC1|9:92045469:T:C|REF	SPTLC1	common_snp	REF	intron
common_snp|SPTLC1|9:92045469:T:C|ALT	SPTLC1	common_snp	ALT	intron
common_snp|SPTLC1|9:92046497:G:C|REF	SPTLC1	common_snp	REF	intron
common_snp|SPTLC1|9:92046497:G:C|ALT	SPTLC1	common_snp	ALT	intron
common_snp|SPTLC1|9:92046913:G:C|REF	SPTLC1	common_snp	REF	intron
common_snp|SPTLC1|9:92046913:G:C|ALT	SPTLC1	common_snp	ALT	intron
common_snp|SPTLC1|9:92047982:G:A|REF	SPTLC1	common_snp	REF	intron
common_snp|SPTLC1|9:92047982:G:A|ALT	SPTLC1	common_snp	ALT	intron
common_snp|SPTLC1|9:92048390:C:G|REF	SPTLC1	common_snp	REF	intron
common_snp|SPTLC1|9:92048390:C:G|ALT	SPTLC1	common_snp	ALT	intron
common_snp|SPTLC1|9:92049085:C:T|REF	SPTLC1	common_snp	REF	intron
common_snp|SPTLC1|9:92049085:C:T|ALT	SPTLC1	common_snp	ALT	intron
common_snp|SPTLC1|9:92049197:G:A|REF	SPTLC1	common_snp	REF	intron
common_snp|SPTLC1|9:92049197:G:A|ALT	SPTLC1	common_snp	ALT	intron
common_snp|SPTLC1|9:92049231:A:G|REF	SPTLC1	common_snp	REF	intron
common_snp|SPTLC1|9:92049231:A:G|ALT	SPTLC1	common_snp	ALT	intron
common_snp|SPTLC1|9:92049263:G:A|REF	SPTLC1	common_snp	REF	intron
common_snp|SPTLC1|9:92049263:G:A|ALT	SPTLC1	common_snp	ALT	intron
common_snp|SPTLC1|9:92049508:C:A|REF	SPTLC1	common_snp	REF	intron
common_snp|SPTLC1|9:92049508:C:A|ALT	SPTLC1	common_snp	ALT	intron
common_snp|SPTLC1|9:92049779:G:A|REF	SPTLC1	common_snp	REF	intron
common_snp|SPTLC1|9:92049779:G:A|ALT	SPTLC1	common_snp	ALT	intron
common_snp|SPTLC1|9:92051937:T:C|REF	SPTLC1	common_snp	REF	intron
common_snp|SPTLC1|9:92051937:T:C|ALT	SPTLC1	common_snp	ALT	intron
common_snp|SPTLC1|9:92052534:A:T|REF	SPTLC1	common_snp	REF	intron
common_snp|SPTLC1|9:92052534:A:T|ALT	SPTLC1	common_snp	ALT	intron
common_snp|SPTLC1|9:92052623:A:G|REF	SPTLC1	common_snp	REF	intron
common_snp|SPTLC1|9:92052623:A:G|ALT	SPTLC1	common_snp	ALT	intron
common_snp|SPTLC1|9:92053071:C:G|REF	SPTLC1	common_snp	REF	intron
common_snp|SPTLC1|9:92053071:C:G|ALT	SPTLC1	common_snp	ALT	intron
common_snp|SPTLC1|9:92053134:A:C|REF	SPTLC1	common_snp	REF	intron
common_snp|SPTLC1|9:92053134:A:C|ALT	SPTLC1	common_snp	ALT	intron
common_snp|SPTLC1|9:92053312:A:G|REF	SPTLC1	common_snp	REF	intron
common_snp|SPTLC1|9:92053312:A:G|ALT	SPTLC1	common_snp	ALT	intron
common_snp|SPTLC1|9:92053486:C:T|REF	SPTLC1	common_snp	REF	intron
common_snp|SPTLC1|9:92053486:C:T|ALT	SPTLC1	common_snp	ALT	intron
common_snp|SPTLC1|9:92053875:C:G|REF	SPTLC1	common_snp	REF	intron
common_snp|SPTLC1|9:92053875:C:G|ALT	SPTLC1	common_snp	ALT	intron
common_snp|SPTLC1|9:92054845:G:A|REF	SPTLC1	common_snp	REF	intron
common_snp|SPTLC1|9:92054845:G:A|ALT	SPTLC1	common_snp	ALT	intron
common_snp|SPTLC1|9:92054849:T:A|REF	SPTLC1	common_snp	REF	intron
common_snp|SPTLC1|9:92054849:T:A|ALT	SPTLC1	common_snp	ALT	intron
common_snp|SPTLC1|9:92054917:G:A|REF	SPTLC1	common_snp	REF	intron
common_snp|SPTLC1|9:92054917:G:A|ALT	SPTLC1	common_snp	ALT	intron
common_snp|SPTLC1|9:92056304:G:T|REF	SPTLC1	common_snp	REF	intron
common_snp|SPTLC1|9:92056304:G:T|ALT	SPTLC1	common_snp	ALT	intron
common_snp|SPTLC1|9:92058164:T:C|REF	SPTLC1	common_snp	REF	intron
common_snp|SPTLC1|9:92058164:T:C|ALT	SPTLC1	common_snp	ALT	intron
common_snp|SPTLC1|9:92058611:C:T|REF	SPTLC1	common_snp	REF	intron
common_snp|SPTLC1|9:92058611:C:T|ALT	SPTLC1	common_snp	ALT	intron
common_snp|SPTLC1|9:92058975:T:C|REF	SPTLC1	common_snp	REF	intron
common_snp|SPTLC1|9:92058975:T:C|ALT	SPTLC1	common_snp	ALT	intron
common_snp|SPTLC1|9:92059579:A:G|REF	SPTLC1	common_snp	REF	intron
common_snp|SPTLC1|9:92059579:A:G|ALT	SPTLC1	common_snp	ALT	intron
common_snp|SPTLC1|9:92059864:A:C|REF	SPTLC1	common_snp	REF	intron
common_snp|SPTLC1|9:92059864:A:C|ALT	SPTLC1	common_snp	ALT	intron
common_snp|SPTLC1|9:92060127:C:T|REF	SPTLC1	common_snp	REF	intron
common_snp|SPTLC1|9:92060127:C:T|ALT	SPTLC1	common_snp	ALT	intron
common_snp|SPTLC1|9:92060136:C:G|REF	SPTLC1	common_snp	REF	intron
common_snp|SPTLC1|9:92060136:C:G|ALT	SPTLC1	common_snp	ALT	intron
common_snp|SPTLC1|9:92060258:G:A|REF	SPTLC1	common_snp	REF	intron
common_snp|SPTLC1|9:92060258:G:A|ALT	SPTLC1	common_snp	ALT	intron
common_snp|SPTLC1|9:92060501:A:G|REF	SPTLC1	common_snp	REF	intron
common_snp|SPTLC1|9:92060501:A:G|ALT	SPTLC1	common_snp	ALT	intron
common_snp|SPTLC1|9:92060633:G:A|REF	SPTLC1	common_snp	REF	intron
common_snp|SPTLC1|9:92060633:G:A|ALT	SPTLC1	common_snp	ALT	intron
common_snp|SPTLC1|9:92060845:G:A|REF	SPTLC1	common_snp	REF	intron
common_snp|SPTLC1|9:92060845:G:A|ALT	SPTLC1	common_snp	ALT	intron
common_snp|SPTLC1|9:92061567:G:A|REF	SPTLC1	common_snp	REF	intron
common_snp|SPTLC1|9:92061567:G:A|ALT	SPTLC1	common_snp	ALT	intron
common_snp|SPTLC1|9:92062185:C:T|REF	SPTLC1	common_snp	REF	intron
common_snp|SPTLC1|9:92062185:C:T|ALT	SPTLC1	common_snp	ALT	intron
common_snp|SPTLC1|9:92062468:C:T|REF	SPTLC1	common_snp	REF	intron
common_snp|SPTLC1|9:92062468:C:T|ALT	SPTLC1	common_snp	ALT	intron
common_snp|SPTLC1|9:92063218:A:C|REF	SPTLC1	common_snp	REF	intron
common_snp|SPTLC1|9:92063218:A:C|ALT	SPTLC1	common_snp	ALT	intron
common_snp|SPTLC1|9:92063383:C:A|REF	SPTLC1	common_snp	REF	intron
common_snp|SPTLC1|9:92063383:C:A|ALT	SPTLC1	common_snp	ALT	intron
common_snp|SPTLC1|9:92063814:T:C|REF	SPTLC1	common_snp	REF	intron
common_snp|SPTLC1|9:92063814:T:C|ALT	SPTLC1	common_snp	ALT	intron
common_snp|SPTLC1|9:92063875:A:T|REF	SPTLC1	common_snp	REF	intron
common_snp|SPTLC1|9:92063875:A:T|ALT	SPTLC1	common_snp	ALT	intron
common_snp|SPTLC1|9:92064183:C:T|REF	SPTLC1	common_snp	REF	intron
common_snp|SPTLC1|9:92064183:C:T|ALT	SPTLC1	common_snp	ALT	intron
common_snp|SPTLC1|9:92064652:C:T|REF	SPTLC1	common_snp	REF	intron
common_snp|SPTLC1|9:92064652:C:T|ALT	SPTLC1	common_snp	ALT	intron
common_snp|SPTLC1|9:92066745:A:G|REF	SPTLC1	common_snp	REF	intron
common_snp|SPTLC1|9:92066745:A:G|ALT	SPTLC1	common_snp	ALT	intron
common_snp|SPTLC1|9:92066874:A:G|REF	SPTLC1	common_snp	REF	intron
common_snp|SPTLC1|9:92066874:A:G|ALT	SPTLC1	common_snp	ALT	intron
common_snp|SPTLC1|9:92067026:G:A|REF	SPTLC1	common_snp	REF	intron
common_snp|SPTLC1|9:92067026:G:A|ALT	SPTLC1	common_snp	ALT	intron
common_snp|SPTLC1|9:92067192:A:G|REF	SPTLC1	common_snp	REF	intron
common_snp|SPTLC1|9:92067192:A:G|ALT	SPTLC1	common_snp	ALT	intron
common_snp|SPTLC1|9:92067255:C:T|REF	SPTLC1	common_snp	REF	intron
common_snp|SPTLC1|9:92067255:C:T|ALT	SPTLC1	common_snp	ALT	intron
common_snp|SPTLC1|9:92067321:G:C|REF	SPTLC1	common_snp	REF	intron
common_snp|SPTLC1|9:92067321:G:C|ALT	SPTLC1	common_snp	ALT	intron
common_snp|SPTLC1|9:92067372:G:A|REF	SPTLC1	common_snp	REF	intron
common_snp|SPTLC1|9:92067372:G:A|ALT	SPTLC1	common_snp	ALT	intron
common_snp|SPTLC1|9:92067623:G:A|REF	SPTLC1	common_snp	REF	intron
common_snp|SPTLC1|9:92067623:G:A|ALT	SPTLC1	common_snp	ALT	intron
common_snp|SPTLC1|9:92067950:C:G|REF	SPTLC1	common_snp	REF	intron
common_snp|SPTLC1|9:92067950:C:G|ALT	SPTLC1	common_snp	ALT	intron
common_snp|SPTLC1|9:92068580:T:C|REF	SPTLC1	common_snp	REF	intron
common_snp|SPTLC1|9:92068580:T:C|ALT	SPTLC1	common_snp	ALT	intron
common_snp|SPTLC1|9:92068692:T:C|REF	SPTLC1	common_snp	REF	intron
common_snp|SPTLC1|9:92068692:T:C|ALT	SPTLC1	common_snp	ALT	intron
common_snp|SPTLC1|9:92069229:T:C|REF	SPTLC1	common_snp	REF	intron
common_snp|SPTLC1|9:92069229:T:C|ALT	SPTLC1	common_snp	ALT	intron
common_snp|SPTLC1|9:92069573:A:G|REF	SPTLC1	common_snp	REF	intron
common_snp|SPTLC1|9:92069573:A:G|ALT	SPTLC1	common_snp	ALT	intron
common_snp|SPTLC1|9:92069761:G:A|REF	SPTLC1	common_snp	REF	intron
common_snp|SPTLC1|9:92069761:G:A|ALT	SPTLC1	common_snp	ALT	intron
common_snp|SPTLC1|9:92070282:G:C|REF	SPTLC1	common_snp	REF	intron
common_snp|SPTLC1|9:92070282:G:C|ALT	SPTLC1	common_snp	ALT	intron
common_snp|SPTLC1|9:92071373:T:C|REF	SPTLC1	common_snp	REF	intron
common_snp|SPTLC1|9:92071373:T:C|ALT	SPTLC1	common_snp	ALT	intron
common_snp|SPTLC1|9:92071853:C:T|REF	SPTLC1	common_snp	REF	intron
common_snp|SPTLC1|9:92071853:C:T|ALT	SPTLC1	common_snp	ALT	intron
common_snp|SPTLC1|9:92072059:G:A|REF	SPTLC1	common_snp	REF	intron
common_snp|SPTLC1|9:92072059:G:A|ALT	SPTLC1	common_snp	ALT	intron
common_snp|SPTLC1|9:92072769:G:T|REF	SPTLC1	common_snp	REF	intron
common_snp|SPTLC1|9:92072769:G:T|ALT	SPTLC1	common_snp	ALT	intron
common_snp|SPTLC1|9:92072959:A:C|REF	SPTLC1	common_snp	REF	intron
common_snp|SPTLC1|9:92072959:A:C|ALT	SPTLC1	common_snp	ALT	intron
common_snp|SPTLC1|9:92073028:C:T|REF	SPTLC1	common_snp	REF	intron
common_snp|SPTLC1|9:92073028:C:T|ALT	SPTLC1	common_snp	ALT	intron
common_snp|SPTLC1|9:92073140:G:A|REF	SPTLC1	common_snp	REF	intron
common_snp|SPTLC1|9:92073140:G:A|ALT	SPTLC1	common_snp	ALT	intron
common_snp|SPTLC1|9:92073941:C:T|REF	SPTLC1	common_snp	REF	intron
common_snp|SPTLC1|9:92073941:C:T|ALT	SPTLC1	common_snp	ALT	intron
common_snp|SPTLC1|9:92074030:T:C|REF	SPTLC1	common_snp	REF	intron
common_snp|SPTLC1|9:92074030:T:C|ALT	SPTLC1	common_snp	ALT	intron
common_snp|SPTLC1|9:92074107:G:A|REF	SPTLC1	common_snp	REF	intron
common_snp|SPTLC1|9:92074107:G:A|ALT	SPTLC1	common_snp	ALT	intron
common_snp|SPTLC1|9:92074239:T:C|REF	SPTLC1	common_snp	REF	intron
common_snp|SPTLC1|9:92074239:T:C|ALT	SPTLC1	common_snp	ALT	intron
common_snp|SPTLC1|9:92075550:C:A|REF	SPTLC1	common_snp	REF	intron
common_snp|SPTLC1|9:92075550:C:A|ALT	SPTLC1	common_snp	ALT	intron
common_snp|SPTLC1|9:92076031:T:G|REF	SPTLC1	common_snp	REF	intron
common_snp|SPTLC1|9:92076031:T:G|ALT	SPTLC1	common_snp	ALT	intron
common_snp|SPTLC1|9:92076823:T:C|REF	SPTLC1	common_snp	REF	intron
common_snp|SPTLC1|9:92076823:T:C|ALT	SPTLC1	common_snp	ALT	intron
common_snp|SPTLC1|9:92076847:C:T|REF	SPTLC1	common_snp	REF	intron
common_snp|SPTLC1|9:92076847:C:T|ALT	SPTLC1	common_snp	ALT	intron
common_snp|SPTLC1|9:92077060:A:G|REF	SPTLC1	common_snp	REF	intron
common_snp|SPTLC1|9:92077060:A:G|ALT	SPTLC1	common_snp	ALT	intron
common_snp|SPTLC1|9:92077091:C:A|REF	SPTLC1	common_snp	REF	intron
common_snp|SPTLC1|9:92077091:C:A|ALT	SPTLC1	common_snp	ALT	intron
common_snp|SPTLC1|9:92077224:C:T|REF	SPTLC1	common_snp	REF	intron
common_snp|SPTLC1|9:92077224:C:T|ALT	SPTLC1	common_snp	ALT	intron
common_snp|SPTLC1|9:92077353:G:A|REF	SPTLC1	common_snp	REF	intron
common_snp|SPTLC1|9:92077353:G:A|ALT	SPTLC1	common_snp	ALT	intron
common_snp|SPTLC1|9:92077367:T:C|REF	SPTLC1	common_snp	REF	intron
common_snp|SPTLC1|9:92077367:T:C|ALT	SPTLC1	common_snp	ALT	intron
common_snp|SPTLC1|9:92077402:G:A|REF	SPTLC1	common_snp	REF	intron
common_snp|SPTLC1|9:92077402:G:A|ALT	SPTLC1	common_snp	ALT	intron
common_snp|SPTLC1|9:92077924:T:C|REF	SPTLC1	common_snp	REF	intron
common_snp|SPTLC1|9:92077924:T:C|ALT	SPTLC1	common_snp	ALT	intron
common_snp|SPTLC1|9:92078039:C:T|REF	SPTLC1	common_snp	REF	intron
common_snp|SPTLC1|9:92078039:C:T|ALT	SPTLC1	common_snp	ALT	intron
common_snp|SPTLC1|9:92078652:A:G|REF	SPTLC1	common_snp	REF	intron
common_snp|SPTLC1|9:92078652:A:G|ALT	SPTLC1	common_snp	ALT	intron
common_snp|SPTLC1|9:92078697:T:C|REF	SPTLC1	common_snp	REF	intron
common_snp|SPTLC1|9:92078697:T:C|ALT	SPTLC1	common_snp	ALT	intron
common_snp|SPTLC1|9:92078976:G:A|REF	SPTLC1	common_snp	REF	intron
common_snp|SPTLC1|9:92078976:G:A|ALT	SPTLC1	common_snp	ALT	intron
common_snp|SPTLC1|9:92079698:G:A|REF	SPTLC1	common_snp	REF	intron
common_snp|SPTLC1|9:92079698:G:A|ALT	SPTLC1	common_snp	ALT	intron
common_snp|SPTLC1|9:92080229:C:A|REF	SPTLC1	common_snp	REF	intron
common_snp|SPTLC1|9:92080229:C:A|ALT	SPTLC1	common_snp	ALT	intron
common_snp|SPTLC1|9:92080433:T:C|REF	SPTLC1	common_snp	REF	intron
common_snp|SPTLC1|9:92080433:T:C|ALT	SPTLC1	common_snp	ALT	intron
common_snp|SPTLC1|9:92081868:T:C|REF	SPTLC1	common_snp	REF	intron
common_snp|SPTLC1|9:92081868:T:C|ALT	SPTLC1	common_snp	ALT	intron
common_snp|SPTLC1|9:92082810:G:A|REF	SPTLC1	common_snp	REF	intron
common_snp|SPTLC1|9:92082810:G:A|ALT	SPTLC1	common_snp	ALT	intron
common_snp|SPTLC1|9:92083084:A:G|REF	SPTLC1	common_snp	REF	intron
common_snp|SPTLC1|9:92083084:A:G|ALT	SPTLC1	common_snp	ALT	intron
common_snp|SPTLC1|9:92083380:C:T|REF	SPTLC1	common_snp	REF	intron
common_snp|SPTLC1|9:92083380:C:T|ALT	SPTLC1	common_snp	ALT	intron
common_snp|SPTLC1|9:92083679:C:A|REF	SPTLC1	common_snp	REF	intron
common_snp|SPTLC1|9:92083679:C:A|ALT	SPTLC1	common_snp	ALT	intron
common_snp|SPTLC1|9:92084194:C:A|REF	SPTLC1	common_snp	REF	intron
common_snp|SPTLC1|9:92084194:C:A|ALT	SPTLC1	common_snp	ALT	intron
common_snp|SPTLC1|9:92084691:T:C|REF	SPTLC1	common_snp	REF	intron
common_snp|SPTLC1|9:92084691:T:C|ALT	SPTLC1	common_snp	ALT	intron
common_snp|SPTLC1|9:92084752:T:C|REF	SPTLC1	common_snp	REF	intron
common_snp|SPTLC1|9:92084752:T:C|ALT	SPTLC1	common_snp	ALT	intron
common_snp|SPTLC1|9:92084777:T:C|REF	SPTLC1	common_snp	REF	intron
common_snp|SPTLC1|9:92084777:T:C|ALT	SPTLC1	common_snp	ALT	intron
common_snp|SPTLC1|9:92084822:G:C|REF	SPTLC1	common_snp	REF	intron
common_snp|SPTLC1|9:92084822:G:C|ALT	SPTLC1	common_snp	ALT	intron
common_snp|SPTLC1|9:92085042:G:T|REF	SPTLC1	common_snp	REF	intron
common_snp|SPTLC1|9:92085042:G:T|ALT	SPTLC1	common_snp	ALT	intron
common_snp|SPTLC1|9:92085439:G:A|REF	SPTLC1	common_snp	REF	intron
common_snp|SPTLC1|9:92085439:G:A|ALT	SPTLC1	common_snp	ALT	intron
common_snp|SPTLC1|9:92085570:C:T|REF	SPTLC1	common_snp	REF	intron
common_snp|SPTLC1|9:92085570:C:T|ALT	SPTLC1	common_snp	ALT	intron
common_snp|SPTLC1|9:92086382:G:A|REF	SPTLC1	common_snp	REF	intron
common_snp|SPTLC1|9:92086382:G:A|ALT	SPTLC1	common_snp	ALT	intron
common_snp|SPTLC1|9:92086738:A:G|REF	SPTLC1	common_snp	REF	intron
common_snp|SPTLC1|9:92086738:A:G|ALT	SPTLC1	common_snp	ALT	intron
common_snp|SPTLC1|9:92087063:A:G|REF	SPTLC1	common_snp	REF	intron
common_snp|SPTLC1|9:92087063:A:G|ALT	SPTLC1	common_snp	ALT	intron
common_snp|SPTLC1|9:92087316:T:G|REF	SPTLC1	common_snp	REF	intron
common_snp|SPTLC1|9:92087316:T:G|ALT	SPTLC1	common_snp	ALT	intron
common_snp|SPTLC1|9:92087573:G:C|REF	SPTLC1	common_snp	REF	intron
common_snp|SPTLC1|9:92087573:G:C|ALT	SPTLC1	common_snp	ALT	intron
common_snp|SPTLC1|9:92088063:T:G|REF	SPTLC1	common_snp	REF	intron
common_snp|SPTLC1|9:92088063:T:G|ALT	SPTLC1	common_snp	ALT	intron
common_snp|SPTLC1|9:92088134:T:C|REF	SPTLC1	common_snp	REF	intron
common_snp|SPTLC1|9:92088134:T:C|ALT	SPTLC1	common_snp	ALT	intron
common_snp|SPTLC1|9:92088776:G:C|REF	SPTLC1	common_snp	REF	intron
common_snp|SPTLC1|9:92088776:G:C|ALT	SPTLC1	common_snp	ALT	intron
common_snp|SPTLC1|9:92089265:A:T|REF	SPTLC1	common_snp	REF	intron
common_snp|SPTLC1|9:92089265:A:T|ALT	SPTLC1	common_snp	ALT	intron
common_snp|SPTLC1|9:92089910:G:A|REF	SPTLC1	common_snp	REF	intron
common_snp|SPTLC1|9:92089910:G:A|ALT	SPTLC1	common_snp	ALT	intron
common_snp|SPTLC1|9:92090351:G:A|REF	SPTLC1	common_snp	REF	intron
common_snp|SPTLC1|9:92090351:G:A|ALT	SPTLC1	common_snp	ALT	intron
common_snp|SPTLC1|9:92090546:A:G|REF	SPTLC1	common_snp	REF	intron
common_snp|SPTLC1|9:92090546:A:G|ALT	SPTLC1	common_snp	ALT	intron
common_snp|SPTLC1|9:92090726:A:G|REF	SPTLC1	common_snp	REF	intron
common_snp|SPTLC1|9:92090726:A:G|ALT	SPTLC1	common_snp	ALT	intron
common_snp|SPTLC1|9:92092212:G:A|REF	SPTLC1	common_snp	REF	intron
common_snp|SPTLC1|9:92092212:G:A|ALT	SPTLC1	common_snp	ALT	intron
common_snp|SPTLC1|9:92092234:A:G|REF	SPTLC1	common_snp	REF	intron
common_snp|SPTLC1|9:92092234:A:G|ALT	SPTLC1	common_snp	ALT	intron
common_snp|SPTLC1|9:92092344:G:A|REF	SPTLC1	common_snp	REF	intron
common_snp|SPTLC1|9:92092344:G:A|ALT	SPTLC1	common_snp	ALT	intron
common_snp|SPTLC1|9:92092513:G:A|REF	SPTLC1	common_snp	REF	intron
common_snp|SPTLC1|9:92092513:G:A|ALT	SPTLC1	common_snp	ALT	intron
common_snp|SPTLC1|9:92093271:A:C|REF	SPTLC1	common_snp	REF	intron
common_snp|SPTLC1|9:92093271:A:C|ALT	SPTLC1	common_snp	ALT	intron
common_snp|SPTLC1|9:92093561:A:T|REF	SPTLC1	common_snp	REF	intron
common_snp|SPTLC1|9:92093561:A:T|ALT	SPTLC1	common_snp	ALT	intron
common_snp|SPTLC1|9:92094213:C:T|REF	SPTLC1	common_snp	REF	intron
common_snp|SPTLC1|9:92094213:C:T|ALT	SPTLC1	common_snp	ALT	intron
common_snp|SPTLC1|9:92094235:G:C|REF	SPTLC1	common_snp	REF	intron
common_snp|SPTLC1|9:92094235:G:C|ALT	SPTLC1	common_snp	ALT	intron
common_snp|SPTLC1|9:92094365:T:C|REF	SPTLC1	common_snp	REF	intron
common_snp|SPTLC1|9:92094365:T:C|ALT	SPTLC1	common_snp	ALT	intron
common_snp|SPTLC1|9:92094537:G:T|REF	SPTLC1	common_snp	REF	intron
common_snp|SPTLC1|9:92094537:G:T|ALT	SPTLC1	common_snp	ALT	intron
common_snp|SPTLC1|9:92095842:G:A|REF	SPTLC1	common_snp	REF	intron
common_snp|SPTLC1|9:92095842:G:A|ALT	SPTLC1	common_snp	ALT	intron
common_snp|SPTLC1|9:92097070:G:A|REF	SPTLC1	common_snp	REF	intron
common_snp|SPTLC1|9:92097070:G:A|ALT	SPTLC1	common_snp	ALT	intron
common_snp|SPTLC1|9:92097713:G:A|REF	SPTLC1	common_snp	REF	intron
common_snp|SPTLC1|9:92097713:G:A|ALT	SPTLC1	common_snp	ALT	intron
common_snp|SPTLC1|9:92098296:T:C|REF	SPTLC1	common_snp	REF	intron
common_snp|SPTLC1|9:92098296:T:C|ALT	SPTLC1	common_snp	ALT	intron
common_snp|SPTLC1|9:92098343:T:G|REF	SPTLC1	common_snp	REF	intron
common_snp|SPTLC1|9:92098343:T:G|ALT	SPTLC1	common_snp	ALT	intron
common_snp|SPTLC1|9:92098615:G:C|REF	SPTLC1	common_snp	REF	intron
common_snp|SPTLC1|9:92098615:G:C|ALT	SPTLC1	common_snp	ALT	intron
common_snp|SPTLC1|9:92098697:G:T|REF	SPTLC1	common_snp	REF	intron
common_snp|SPTLC1|9:92098697:G:T|ALT	SPTLC1	common_snp	ALT	intron
common_snp|SPTLC1|9:92100041:G:A|REF	SPTLC1	common_snp	REF	intron
common_snp|SPTLC1|9:92100041:G:A|ALT	SPTLC1	common_snp	ALT	intron
common_snp|SPTLC1|9:92100626:T:C|REF	SPTLC1	common_snp	REF	intron
common_snp|SPTLC1|9:92100626:T:C|ALT	SPTLC1	common_snp	ALT	intron
common_snp|SPTLC1|9:92100782:A:G|REF	SPTLC1	common_snp	REF	intron
common_snp|SPTLC1|9:92100782:A:G|ALT	SPTLC1	common_snp	ALT	intron
common_snp|SPTLC1|9:92102040:A:G|REF	SPTLC1	common_snp	REF	intron
common_snp|SPTLC1|9:92102040:A:G|ALT	SPTLC1	common_snp	ALT	intron
common_snp|SPTLC1|9:92102472:A:C|REF	SPTLC1	common_snp	REF	intron
common_snp|SPTLC1|9:92102472:A:C|ALT	SPTLC1	common_snp	ALT	intron
common_snp|SPTLC1|9:92103374:C:T|REF	SPTLC1	common_snp	REF	intron
common_snp|SPTLC1|9:92103374:C:T|ALT	SPTLC1	common_snp	ALT	intron
common_snp|SPTLC1|9:92103591:G:A|REF	SPTLC1	common_snp	REF	intron
common_snp|SPTLC1|9:92103591:G:A|ALT	SPTLC1	common_snp	ALT	intron
common_snp|SPTLC1|9:92103758:A:G|REF	SPTLC1	common_snp	REF	intron
common_snp|SPTLC1|9:92103758:A:G|ALT	SPTLC1	common_snp	ALT	intron
common_snp|SPTLC1|9:92103880:G:A|REF	SPTLC1	common_snp	REF	intron
common_snp|SPTLC1|9:92103880:G:A|ALT	SPTLC1	common_snp	ALT	intron
common_snp|SPTLC1|9:92104454:G:A|REF	SPTLC1	common_snp	REF	exon_nonCDS
common_snp|SPTLC1|9:92104454:G:A|ALT	SPTLC1	common_snp	ALT	exon_nonCDS
common_snp|SPTLC1|9:92105129:G:A|REF	SPTLC1	common_snp	REF	exon_nonCDS
common_snp|SPTLC1|9:92105129:G:A|ALT	SPTLC1	common_snp	ALT	exon_nonCDS
common_snp|SPTLC1|9:92105185:G:A|REF	SPTLC1	common_snp	REF	exon_nonCDS
common_snp|SPTLC1|9:92105185:G:A|ALT	SPTLC1	common_snp	ALT	exon_nonCDS
common_snp|SPTLC1|9:92105526:T:C|REF	SPTLC1	common_snp	REF	intron
common_snp|SPTLC1|9:92105526:T:C|ALT	SPTLC1	common_snp	ALT	intron
common_snp|SPTLC1|9:92105733:C:T|REF	SPTLC1	common_snp	REF	intron
common_snp|SPTLC1|9:92105733:C:T|ALT	SPTLC1	common_snp	ALT	intron
common_snp|SPTLC1|9:92105753:T:G|REF	SPTLC1	common_snp	REF	intron
common_snp|SPTLC1|9:92105753:T:G|ALT	SPTLC1	common_snp	ALT	intron
common_snp|SPTLC1|9:92105918:G:A|REF	SPTLC1	common_snp	REF	intron
common_snp|SPTLC1|9:92105918:G:A|ALT	SPTLC1	common_snp	ALT	intron
common_snp|SPTLC1|9:92106016:C:A|REF	SPTLC1	common_snp	REF	intron
common_snp|SPTLC1|9:92106016:C:A|ALT	SPTLC1	common_snp	ALT	intron
common_snp|SPTLC1|9:92106147:G:C|REF	SPTLC1	common_snp	REF	intron
common_snp|SPTLC1|9:92106147:G:C|ALT	SPTLC1	common_snp	ALT	intron
common_snp|SPTLC1|9:92106271:T:C|REF	SPTLC1	common_snp	REF	intron
common_snp|SPTLC1|9:92106271:T:C|ALT	SPTLC1	common_snp	ALT	intron
common_snp|SPTLC1|9:92106368:A:G|REF	SPTLC1	common_snp	REF	intron
common_snp|SPTLC1|9:92106368:A:G|ALT	SPTLC1	common_snp	ALT	intron
common_snp|SPTLC1|9:92107169:A:G|REF	SPTLC1	common_snp	REF	intron
common_snp|SPTLC1|9:92107169:A:G|ALT	SPTLC1	common_snp	ALT	intron
common_snp|SPTLC1|9:92107190:C:T|REF	SPTLC1	common_snp	REF	exon_nonCDS
common_snp|SPTLC1|9:92107190:C:T|ALT	SPTLC1	common_snp	ALT	exon_nonCDS
common_snp|SPTLC1|9:92107405:T:C|REF	SPTLC1	common_snp	REF	exon_nonCDS
common_snp|SPTLC1|9:92107405:T:C|ALT	SPTLC1	common_snp	ALT	exon_nonCDS
common_snp|SPTLC1|9:92107870:C:A|REF	SPTLC1	common_snp	REF	exon_nonCDS
common_snp|SPTLC1|9:92107870:C:A|ALT	SPTLC1	common_snp	ALT	exon_nonCDS
common_snp|SPTLC1|9:92108583:T:C|REF	SPTLC1	common_snp	REF	exon_nonCDS
common_snp|SPTLC1|9:92108583:T:C|ALT	SPTLC1	common_snp	ALT	exon_nonCDS
common_snp|SPTLC1|9:92109199:C:T|REF	SPTLC1	common_snp	REF	exon_nonCDS
common_snp|SPTLC1|9:92109199:C:T|ALT	SPTLC1	common_snp	ALT	exon_nonCDS
common_snp|SPTLC1|9:92109438:G:A|REF	SPTLC1	common_snp	REF	exon_nonCDS
common_snp|SPTLC1|9:92109438:G:A|ALT	SPTLC1	common_snp	ALT	exon_nonCDS
common_snp|SPTLC1|9:92109648:A:T|REF	SPTLC1	common_snp	REF	exon_nonCDS
common_snp|SPTLC1|9:92109648:A:T|ALT	SPTLC1	common_snp	ALT	exon_nonCDS
common_snp|SPTLC1|9:92109771:G:A|REF	SPTLC1	common_snp	REF	intron
common_snp|SPTLC1|9:92109771:G:A|ALT	SPTLC1	common_snp	ALT	intron
common_snp|SPTLC1|9:92109905:G:A|REF	SPTLC1	common_snp	REF	intron
common_snp|SPTLC1|9:92109905:G:A|ALT	SPTLC1	common_snp	ALT	intron
common_snp|SPTLC1|9:92109984:A:G|REF	SPTLC1	common_snp	REF	intron
common_snp|SPTLC1|9:92109984:A:G|ALT	SPTLC1	common_snp	ALT	intron
common_snp|SPTLC1|9:92110974:T:C|REF	SPTLC1	common_snp	REF	exon_nonCDS
common_snp|SPTLC1|9:92110974:T:C|ALT	SPTLC1	common_snp	ALT	exon_nonCDS
common_snp|SPTLC1|9:92111042:A:G|REF	SPTLC1	common_snp	REF	exon_nonCDS
common_snp|SPTLC1|9:92111042:A:G|ALT	SPTLC1	common_snp	ALT	exon_nonCDS
common_snp|SPTLC1|9:92111485:A:G|REF	SPTLC1	common_snp	REF	exon_nonCDS
common_snp|SPTLC1|9:92111485:A:G|ALT	SPTLC1	common_snp	ALT	exon_nonCDS
common_snp|SPTLC1|9:92111630:G:A|REF	SPTLC1	common_snp	REF	exon_nonCDS
common_snp|SPTLC1|9:92111630:G:A|ALT	SPTLC1	common_snp	ALT	exon_nonCDS
common_snp|SPTLC1|9:92111689:A:G|REF	SPTLC1	common_snp	REF	exon_nonCDS
common_snp|SPTLC1|9:92111689:A:G|ALT	SPTLC1	common_snp	ALT	exon_nonCDS
common_snp|SPTLC1|9:92112028:A:C|REF	SPTLC1	common_snp	REF	intron
common_snp|SPTLC1|9:92112028:A:C|ALT	SPTLC1	common_snp	ALT	intron
common_snp|SPTLC1|9:92112369:G:A|REF	SPTLC1	common_snp	REF	intron
common_snp|SPTLC1|9:92112369:G:A|ALT	SPTLC1	common_snp	ALT	intron
common_snp|SPTLC1|9:92113698:A:G|REF	SPTLC1	common_snp	REF	intron
common_snp|SPTLC1|9:92113698:A:G|ALT	SPTLC1	common_snp	ALT	intron
common_snp|SPTLC1|9:92114246:C:T|REF	SPTLC1	common_snp	REF	intron
common_snp|SPTLC1|9:92114246:C:T|ALT	SPTLC1	common_snp	ALT	intron
common_snp|SPTAN1|9:128555122:C:G|REF	SPTAN1	common_snp	REF	intron
common_snp|SPTAN1|9:128555122:C:G|ALT	SPTAN1	common_snp	ALT	intron
common_snp|SPTAN1|9:128558260:C:G|REF	SPTAN1	common_snp	REF	intron
common_snp|SPTAN1|9:128558260:C:G|ALT	SPTAN1	common_snp	ALT	intron
common_snp|SPTAN1|9:128558639:T:C|REF	SPTAN1	common_snp	REF	intron
common_snp|SPTAN1|9:128558639:T:C|ALT	SPTAN1	common_snp	ALT	intron
common_snp|SPTAN1|9:128559798:G:A|REF	SPTAN1	common_snp	REF	intron
common_snp|SPTAN1|9:128559798:G:A|ALT	SPTAN1	common_snp	ALT	intron
common_snp|SPTAN1|9:128560495:C:T|REF	SPTAN1	common_snp	REF	intron
common_snp|SPTAN1|9:128560495:C:T|ALT	SPTAN1	common_snp	ALT	intron
common_snp|SPTAN1|9:128560999:G:C|REF	SPTAN1	common_snp	REF	intron
common_snp|SPTAN1|9:128560999:G:C|ALT	SPTAN1	common_snp	ALT	intron
common_snp|SPTAN1|9:128562132:T:A|REF	SPTAN1	common_snp	REF	intron
common_snp|SPTAN1|9:128562132:T:A|ALT	SPTAN1	common_snp	ALT	intron
common_snp|SPTAN1|9:128562541:C:T|REF	SPTAN1	common_snp	REF	intron
common_snp|SPTAN1|9:128562541:C:T|ALT	SPTAN1	common_snp	ALT	intron
common_snp|SPTAN1|9:128562971:A:T|REF	SPTAN1	common_snp	REF	intron
common_snp|SPTAN1|9:128562971:A:T|ALT	SPTAN1	common_snp	ALT	intron
common_snp|SPTAN1|9:128563009:T:C|REF	SPTAN1	common_snp	REF	intron
common_snp|SPTAN1|9:128563009:T:C|ALT	SPTAN1	common_snp	ALT	intron
common_snp|SPTAN1|9:128564163:G:T|REF	SPTAN1	common_snp	REF	intron
common_snp|SPTAN1|9:128564163:G:T|ALT	SPTAN1	common_snp	ALT	intron
common_snp|SPTAN1|9:128564436:T:C|REF	SPTAN1	common_snp	REF	intron
common_snp|SPTAN1|9:128564436:T:C|ALT	SPTAN1	common_snp	ALT	intron
common_snp|SPTAN1|9:128565703:C:A|REF	SPTAN1	common_snp	REF	intron
common_snp|SPTAN1|9:128565703:C:A|ALT	SPTAN1	common_snp	ALT	intron
common_snp|SPTAN1|9:128567804:A:G|REF	SPTAN1	common_snp	REF	intron
common_snp|SPTAN1|9:128567804:A:G|ALT	SPTAN1	common_snp	ALT	intron
common_snp|SPTAN1|9:128568240:C:G|REF	SPTAN1	common_snp	REF	intron
common_snp|SPTAN1|9:128568240:C:G|ALT	SPTAN1	common_snp	ALT	intron
common_snp|SPTAN1|9:128568355:G:A|REF	SPTAN1	common_snp	REF	intron
common_snp|SPTAN1|9:128568355:G:A|ALT	SPTAN1	common_snp	ALT	intron
common_snp|SPTAN1|9:128569041:C:T|REF	SPTAN1	common_snp	REF	intron
common_snp|SPTAN1|9:128569041:C:T|ALT	SPTAN1	common_snp	ALT	intron
common_snp|SPTAN1|9:128569171:A:G|REF	SPTAN1	common_snp	REF	intron
common_snp|SPTAN1|9:128569171:A:G|ALT	SPTAN1	common_snp	ALT	intron
common_snp|SPTAN1|9:128570282:C:A|REF	SPTAN1	common_snp	REF	intron
common_snp|SPTAN1|9:128570282:C:A|ALT	SPTAN1	common_snp	ALT	intron
common_snp|SPTAN1|9:128570499:G:A|REF	SPTAN1	common_snp	REF	intron
common_snp|SPTAN1|9:128570499:G:A|ALT	SPTAN1	common_snp	ALT	intron
common_snp|SPTAN1|9:128570725:C:T|REF	SPTAN1	common_snp	REF	intron
common_snp|SPTAN1|9:128570725:C:T|ALT	SPTAN1	common_snp	ALT	intron
common_snp|SPTAN1|9:128572465:C:T|REF	SPTAN1	common_snp	REF	intron
common_snp|SPTAN1|9:128572465:C:T|ALT	SPTAN1	common_snp	ALT	intron
common_snp|SPTAN1|9:128572488:G:A|REF	SPTAN1	common_snp	REF	intron
common_snp|SPTAN1|9:128572488:G:A|ALT	SPTAN1	common_snp	ALT	intron
common_snp|SPTAN1|9:128573394:A:G|REF	SPTAN1	common_snp	REF	intron
common_snp|SPTAN1|9:128573394:A:G|ALT	SPTAN1	common_snp	ALT	intron
common_snp|SPTAN1|9:128573648:G:A|REF	SPTAN1	common_snp	REF	intron
common_snp|SPTAN1|9:128573648:G:A|ALT	SPTAN1	common_snp	ALT	intron
common_snp|SPTAN1|9:128573846:C:G|REF	SPTAN1	common_snp	REF	intron
common_snp|SPTAN1|9:128573846:C:G|ALT	SPTAN1	common_snp	ALT	intron
common_snp|SPTAN1|9:128574043:G:A|REF	SPTAN1	common_snp	REF	intron
common_snp|SPTAN1|9:128574043:G:A|ALT	SPTAN1	common_snp	ALT	intron
common_snp|SPTAN1|9:128574371:G:T|REF	SPTAN1	common_snp	REF	intron
common_snp|SPTAN1|9:128574371:G:T|ALT	SPTAN1	common_snp	ALT	intron
common_snp|SPTAN1|9:128575110:C:T|REF	SPTAN1	common_snp	REF	intron
common_snp|SPTAN1|9:128575110:C:T|ALT	SPTAN1	common_snp	ALT	intron
common_snp|SPTAN1|9:128575564:A:G|REF	SPTAN1	common_snp	REF	intron
common_snp|SPTAN1|9:128575564:A:G|ALT	SPTAN1	common_snp	ALT	intron
common_snp|SPTAN1|9:128578531:T:A|REF	SPTAN1	common_snp	REF	intron
common_snp|SPTAN1|9:128578531:T:A|ALT	SPTAN1	common_snp	ALT	intron
common_snp|SPTAN1|9:128578672:T:C|REF	SPTAN1	common_snp	REF	intron
common_snp|SPTAN1|9:128578672:T:C|ALT	SPTAN1	common_snp	ALT	intron
common_snp|SPTAN1|9:128579390:G:A|REF	SPTAN1	common_snp	REF	intron
common_snp|SPTAN1|9:128579390:G:A|ALT	SPTAN1	common_snp	ALT	intron
common_snp|SPTAN1|9:128584890:C:T|REF	SPTAN1	common_snp	REF	intron
common_snp|SPTAN1|9:128584890:C:T|ALT	SPTAN1	common_snp	ALT	intron
common_snp|SPTAN1|9:128586161:C:G|REF	SPTAN1	common_snp	REF	intron
common_snp|SPTAN1|9:128586161:C:G|ALT	SPTAN1	common_snp	ALT	intron
common_snp|SPTAN1|9:128586222:G:A|REF	SPTAN1	common_snp	REF	intron
common_snp|SPTAN1|9:128586222:G:A|ALT	SPTAN1	common_snp	ALT	intron
common_snp|SPTAN1|9:128586504:C:T|REF	SPTAN1	common_snp	REF	intron
common_snp|SPTAN1|9:128586504:C:T|ALT	SPTAN1	common_snp	ALT	intron
common_snp|SPTAN1|9:128587833:A:G|REF	SPTAN1	common_snp	REF	intron
common_snp|SPTAN1|9:128587833:A:G|ALT	SPTAN1	common_snp	ALT	intron
common_snp|SPTAN1|9:128590589:C:T|REF	SPTAN1	common_snp	REF	intron
common_snp|SPTAN1|9:128590589:C:T|ALT	SPTAN1	common_snp	ALT	intron
common_snp|SPTAN1|9:128590756:C:T|REF	SPTAN1	common_snp	REF	intron
common_snp|SPTAN1|9:128590756:C:T|ALT	SPTAN1	common_snp	ALT	intron
common_snp|SPTAN1|9:128590974:C:T|REF	SPTAN1	common_snp	REF	intron
common_snp|SPTAN1|9:128590974:C:T|ALT	SPTAN1	common_snp	ALT	intron
common_snp|SPTAN1|9:128596307:C:T|REF	SPTAN1	common_snp	REF	intron
common_snp|SPTAN1|9:128596307:C:T|ALT	SPTAN1	common_snp	ALT	intron
common_snp|SPTAN1|9:128596402:G:A|REF	SPTAN1	common_snp	REF	exon_nonCDS
common_snp|SPTAN1|9:128596402:G:A|ALT	SPTAN1	common_snp	ALT	exon_nonCDS
common_snp|SPTAN1|9:128596523:G:A|REF	SPTAN1	common_snp	REF	exon_nonCDS
common_snp|SPTAN1|9:128596523:G:A|ALT	SPTAN1	common_snp	ALT	exon_nonCDS
common_snp|SPTAN1|9:128597110:T:C|REF	SPTAN1	common_snp	REF	intron
common_snp|SPTAN1|9:128597110:T:C|ALT	SPTAN1	common_snp	ALT	intron
common_snp|SPTAN1|9:128597737:C:T|REF	SPTAN1	common_snp	REF	intron
common_snp|SPTAN1|9:128597737:C:T|ALT	SPTAN1	common_snp	ALT	intron
common_snp|SPTAN1|9:128598471:C:T|REF	SPTAN1	common_snp	REF	CDS
common_snp|SPTAN1|9:128598471:C:T|ALT	SPTAN1	common_snp	ALT	CDS
common_snp|SPTAN1|9:128600833:T:G|REF	SPTAN1	common_snp	REF	intron
common_snp|SPTAN1|9:128600833:T:G|ALT	SPTAN1	common_snp	ALT	intron
common_snp|SPTAN1|9:128602287:G:T|REF	SPTAN1	common_snp	REF	intron
common_snp|SPTAN1|9:128602287:G:T|ALT	SPTAN1	common_snp	ALT	intron
common_snp|SPTAN1|9:128602742:T:G|REF	SPTAN1	common_snp	REF	intron
common_snp|SPTAN1|9:128602742:T:G|ALT	SPTAN1	common_snp	ALT	intron
common_snp|SPTAN1|9:128603297:C:G|REF	SPTAN1	common_snp	REF	intron
common_snp|SPTAN1|9:128603297:C:G|ALT	SPTAN1	common_snp	ALT	intron
common_snp|SPTAN1|9:128603791:G:A|REF	SPTAN1	common_snp	REF	intron
common_snp|SPTAN1|9:128603791:G:A|ALT	SPTAN1	common_snp	ALT	intron
common_snp|SPTAN1|9:128606497:T:G|REF	SPTAN1	common_snp	REF	intron
common_snp|SPTAN1|9:128606497:T:G|ALT	SPTAN1	common_snp	ALT	intron
common_snp|SPTAN1|9:128606508:G:A|REF	SPTAN1	common_snp	REF	intron
common_snp|SPTAN1|9:128606508:G:A|ALT	SPTAN1	common_snp	ALT	intron
common_snp|SPTAN1|9:128606640:A:C|REF	SPTAN1	common_snp	REF	intron
common_snp|SPTAN1|9:128606640:A:C|ALT	SPTAN1	common_snp	ALT	intron
common_snp|SPTAN1|9:128608477:T:C|REF	SPTAN1	common_snp	REF	intron
common_snp|SPTAN1|9:128608477:T:C|ALT	SPTAN1	common_snp	ALT	intron
common_snp|SPTAN1|9:128609393:G:T|REF	SPTAN1	common_snp	REF	intron
common_snp|SPTAN1|9:128609393:G:T|ALT	SPTAN1	common_snp	ALT	intron
common_snp|SPTAN1|9:128614901:C:T|REF	SPTAN1	common_snp	REF	intron
common_snp|SPTAN1|9:128614901:C:T|ALT	SPTAN1	common_snp	ALT	intron
common_snp|SPTAN1|9:128616868:A:G|REF	SPTAN1	common_snp	REF	intron
common_snp|SPTAN1|9:128616868:A:G|ALT	SPTAN1	common_snp	ALT	intron
common_snp|SPTAN1|9:128617688:C:T|REF	SPTAN1	common_snp	REF	CDS
common_snp|SPTAN1|9:128617688:C:T|ALT	SPTAN1	common_snp	ALT	CDS
common_snp|SPTAN1|9:128617870:C:G|REF	SPTAN1	common_snp	REF	intron
common_snp|SPTAN1|9:128617870:C:G|ALT	SPTAN1	common_snp	ALT	intron
common_snp|SPTAN1|9:128617946:A:C|REF	SPTAN1	common_snp	REF	intron
common_snp|SPTAN1|9:128617946:A:C|ALT	SPTAN1	common_snp	ALT	intron
common_snp|SPTAN1|9:128619583:C:G|REF	SPTAN1	common_snp	REF	intron
common_snp|SPTAN1|9:128619583:C:G|ALT	SPTAN1	common_snp	ALT	intron
common_snp|SPTAN1|9:128619649:G:C|REF	SPTAN1	common_snp	REF	intron
common_snp|SPTAN1|9:128619649:G:C|ALT	SPTAN1	common_snp	ALT	intron
common_snp|SPTAN1|9:128619663:C:G|REF	SPTAN1	common_snp	REF	intron
common_snp|SPTAN1|9:128619663:C:G|ALT	SPTAN1	common_snp	ALT	intron
common_snp|SPTAN1|9:128623856:T:C|REF	SPTAN1	common_snp	REF	intron
common_snp|SPTAN1|9:128623856:T:C|ALT	SPTAN1	common_snp	ALT	intron
common_snp|SPTAN1|9:128626364:C:T|REF	SPTAN1	common_snp	REF	intron
common_snp|SPTAN1|9:128626364:C:T|ALT	SPTAN1	common_snp	ALT	intron
common_snp|SPTAN1|9:128626915:G:C|REF	SPTAN1	common_snp	REF	intron
common_snp|SPTAN1|9:128626915:G:C|ALT	SPTAN1	common_snp	ALT	intron
common_snp|SPTAN1|9:128626936:T:C|REF	SPTAN1	common_snp	REF	intron
common_snp|SPTAN1|9:128626936:T:C|ALT	SPTAN1	common_snp	ALT	intron
common_snp|SPTAN1|9:128627265:C:T|REF	SPTAN1	common_snp	REF	intron
common_snp|SPTAN1|9:128627265:C:T|ALT	SPTAN1	common_snp	ALT	intron
common_snp|SPTAN1|9:128628193:C:A|REF	SPTAN1	common_snp	REF	intron
common_snp|SPTAN1|9:128628193:C:A|ALT	SPTAN1	common_snp	ALT	intron
common_snp|SPTAN1|9:128628369:G:A|REF	SPTAN1	common_snp	REF	intron
common_snp|SPTAN1|9:128628369:G:A|ALT	SPTAN1	common_snp	ALT	intron
common_snp|SPTAN1|9:128632018:A:G|REF	SPTAN1	common_snp	REF	intron
common_snp|SPTAN1|9:128632018:A:G|ALT	SPTAN1	common_snp	ALT	intron
common_snp|KIF5B|10:32009912:C:T|REF	KIF5B	common_snp	REF	exon_nonCDS
common_snp|KIF5B|10:32009912:C:T|ALT	KIF5B	common_snp	ALT	exon_nonCDS
common_snp|KIF5B|10:32012332:G:A|REF	KIF5B	common_snp	REF	intron
common_snp|KIF5B|10:32012332:G:A|ALT	KIF5B	common_snp	ALT	intron
common_snp|KIF5B|10:32012362:C:A|REF	KIF5B	common_snp	REF	intron
common_snp|KIF5B|10:32012362:C:A|ALT	KIF5B	common_snp	ALT	intron
common_snp|KIF5B|10:32012750:T:C|REF	KIF5B	common_snp	REF	intron
common_snp|KIF5B|10:32012750:T:C|ALT	KIF5B	common_snp	ALT	intron
common_snp|KIF5B|10:32013067:G:A|REF	KIF5B	common_snp	REF	intron
common_snp|KIF5B|10:32013067:G:A|ALT	KIF5B	common_snp	ALT	intron
common_snp|KIF5B|10:32013371:G:C|REF	KIF5B	common_snp	REF	intron
common_snp|KIF5B|10:32013371:G:C|ALT	KIF5B	common_snp	ALT	intron
common_snp|KIF5B|10:32013993:G:A|REF	KIF5B	common_snp	REF	intron
common_snp|KIF5B|10:32013993:G:A|ALT	KIF5B	common_snp	ALT	intron
common_snp|KIF5B|10:32014321:G:A|REF	KIF5B	common_snp	REF	intron
common_snp|KIF5B|10:32014321:G:A|ALT	KIF5B	common_snp	ALT	intron
common_snp|KIF5B|10:32014830:G:A|REF	KIF5B	common_snp	REF	intron
common_snp|KIF5B|10:32014830:G:A|ALT	KIF5B	common_snp	ALT	intron
common_snp|KIF5B|10:32016194:T:C|REF	KIF5B	common_snp	REF	intron
common_snp|KIF5B|10:32016194:T:C|ALT	KIF5B	common_snp	ALT	intron
common_snp|KIF5B|10:32016690:A:G|REF	KIF5B	common_snp	REF	intron
common_snp|KIF5B|10:32016690:A:G|ALT	KIF5B	common_snp	ALT	intron
common_snp|KIF5B|10:32016811:C:T|REF	KIF5B	common_snp	REF	intron
common_snp|KIF5B|10:32016811:C:T|ALT	KIF5B	common_snp	ALT	intron
common_snp|KIF5B|10:32017944:G:A|REF	KIF5B	common_snp	REF	intron
common_snp|KIF5B|10:32017944:G:A|ALT	KIF5B	common_snp	ALT	intron
common_snp|KIF5B|10:32019043:T:C|REF	KIF5B	common_snp	REF	intron
common_snp|KIF5B|10:32019043:T:C|ALT	KIF5B	common_snp	ALT	intron
common_snp|KIF5B|10:32019466:A:C|REF	KIF5B	common_snp	REF	intron
common_snp|KIF5B|10:32019466:A:C|ALT	KIF5B	common_snp	ALT	intron
common_snp|KIF5B|10:32019638:A:C|REF	KIF5B	common_snp	REF	intron
common_snp|KIF5B|10:32019638:A:C|ALT	KIF5B	common_snp	ALT	intron
common_snp|KIF5B|10:32020077:A:G|REF	KIF5B	common_snp	REF	intron
common_snp|KIF5B|10:32020077:A:G|ALT	KIF5B	common_snp	ALT	intron
common_snp|KIF5B|10:32020232:C:G|REF	KIF5B	common_snp	REF	intron
common_snp|KIF5B|10:32020232:C:G|ALT	KIF5B	common_snp	ALT	intron
common_snp|KIF5B|10:32022613:A:G|REF	KIF5B	common_snp	REF	intron
common_snp|KIF5B|10:32022613:A:G|ALT	KIF5B	common_snp	ALT	intron
common_snp|KIF5B|10:32024224:G:A|REF	KIF5B	common_snp	REF	intron
common_snp|KIF5B|10:32024224:G:A|ALT	KIF5B	common_snp	ALT	intron
common_snp|KIF5B|10:32024593:A:C|REF	KIF5B	common_snp	REF	intron
common_snp|KIF5B|10:32024593:A:C|ALT	KIF5B	common_snp	ALT	intron
common_snp|KIF5B|10:32024592:A:G|REF	KIF5B	common_snp	REF	intron
common_snp|KIF5B|10:32024592:A:G|ALT	KIF5B	common_snp	ALT	intron
common_snp|KIF5B|10:32024716:G:A|REF	KIF5B	common_snp	REF	intron
common_snp|KIF5B|10:32024716:G:A|ALT	KIF5B	common_snp	ALT	intron
common_snp|KIF5B|10:32026867:G:A|REF	KIF5B	common_snp	REF	intron
common_snp|KIF5B|10:32026867:G:A|ALT	KIF5B	common_snp	ALT	intron
common_snp|KIF5B|10:32027432:A:C|REF	KIF5B	common_snp	REF	intron
common_snp|KIF5B|10:32027432:A:C|ALT	KIF5B	common_snp	ALT	intron
common_snp|KIF5B|10:32028945:G:A|REF	KIF5B	common_snp	REF	intron
common_snp|KIF5B|10:32028945:G:A|ALT	KIF5B	common_snp	ALT	intron
common_snp|KIF5B|10:32029753:A:G|REF	KIF5B	common_snp	REF	intron
common_snp|KIF5B|10:32029753:A:G|ALT	KIF5B	common_snp	ALT	intron
common_snp|KIF5B|10:32030182:T:C|REF	KIF5B	common_snp	REF	intron
common_snp|KIF5B|10:32030182:T:C|ALT	KIF5B	common_snp	ALT	intron
common_snp|KIF5B|10:32030186:C:T|REF	KIF5B	common_snp	REF	intron
common_snp|KIF5B|10:32030186:C:T|ALT	KIF5B	common_snp	ALT	intron
common_snp|KIF5B|10:32031633:G:A|REF	KIF5B	common_snp	REF	intron
common_snp|KIF5B|10:32031633:G:A|ALT	KIF5B	common_snp	ALT	intron
common_snp|KIF5B|10:32032567:C:T|REF	KIF5B	common_snp	REF	intron
common_snp|KIF5B|10:32032567:C:T|ALT	KIF5B	common_snp	ALT	intron
common_snp|KIF5B|10:32033524:C:T|REF	KIF5B	common_snp	REF	intron
common_snp|KIF5B|10:32033524:C:T|ALT	KIF5B	common_snp	ALT	intron
common_snp|KIF5B|10:32033678:C:T|REF	KIF5B	common_snp	REF	intron
common_snp|KIF5B|10:32033678:C:T|ALT	KIF5B	common_snp	ALT	intron
common_snp|KIF5B|10:32034663:G:T|REF	KIF5B	common_snp	REF	intron
common_snp|KIF5B|10:32034663:G:T|ALT	KIF5B	common_snp	ALT	intron
common_snp|KIF5B|10:32036424:G:T|REF	KIF5B	common_snp	REF	intron
common_snp|KIF5B|10:32036424:G:T|ALT	KIF5B	common_snp	ALT	intron
common_snp|KIF5B|10:32036506:G:A|REF	KIF5B	common_snp	REF	intron
common_snp|KIF5B|10:32036506:G:A|ALT	KIF5B	common_snp	ALT	intron
common_snp|KIF5B|10:32037109:G:A|REF	KIF5B	common_snp	REF	intron
common_snp|KIF5B|10:32037109:G:A|ALT	KIF5B	common_snp	ALT	intron
common_snp|KIF5B|10:32038616:A:G|REF	KIF5B	common_snp	REF	intron
common_snp|KIF5B|10:32038616:A:G|ALT	KIF5B	common_snp	ALT	intron
common_snp|KIF5B|10:32039598:G:C|REF	KIF5B	common_snp	REF	intron
common_snp|KIF5B|10:32039598:G:C|ALT	KIF5B	common_snp	ALT	intron
common_snp|KIF5B|10:32041060:C:T|REF	KIF5B	common_snp	REF	intron
common_snp|KIF5B|10:32041060:C:T|ALT	KIF5B	common_snp	ALT	intron
common_snp|KIF5B|10:32042233:G:C|REF	KIF5B	common_snp	REF	intron
common_snp|KIF5B|10:32042233:G:C|ALT	KIF5B	common_snp	ALT	intron
common_snp|KIF5B|10:32045303:T:C|REF	KIF5B	common_snp	REF	intron
common_snp|KIF5B|10:32045303:T:C|ALT	KIF5B	common_snp	ALT	intron
common_snp|KIF5B|10:32046238:G:A|REF	KIF5B	common_snp	REF	intron
common_snp|KIF5B|10:32046238:G:A|ALT	KIF5B	common_snp	ALT	intron
common_snp|KIF5B|10:32046913:A:G|REF	KIF5B	common_snp	REF	intron
common_snp|KIF5B|10:32046913:A:G|ALT	KIF5B	common_snp	ALT	intron
common_snp|KIF5B|10:32047034:G:A|REF	KIF5B	common_snp	REF	intron
common_snp|KIF5B|10:32047034:G:A|ALT	KIF5B	common_snp	ALT	intron
common_snp|KIF5B|10:32047831:A:G|REF	KIF5B	common_snp	REF	intron
common_snp|KIF5B|10:32047831:A:G|ALT	KIF5B	common_snp	ALT	intron
common_snp|KIF5B|10:32049427:C:T|REF	KIF5B	common_snp	REF	intron
common_snp|KIF5B|10:32049427:C:T|ALT	KIF5B	common_snp	ALT	intron
common_snp|KIF5B|10:32050864:T:C|REF	KIF5B	common_snp	REF	intron
common_snp|KIF5B|10:32050864:T:C|ALT	KIF5B	common_snp	ALT	intron
common_snp|KIF5B|10:32053590:A:G|REF	KIF5B	common_snp	REF	intron
common_snp|KIF5B|10:32053590:A:G|ALT	KIF5B	common_snp	ALT	intron
common_snp|KIF5B|10:32055410:C:G|REF	KIF5B	common_snp	REF	intron
common_snp|KIF5B|10:32055410:C:G|ALT	KIF5B	common_snp	ALT	intron
common_snp|KIF5B|10:32056210:A:G|REF	KIF5B	common_snp	REF	exon_nonCDS
common_snp|KIF5B|10:32056210:A:G|ALT	KIF5B	common_snp	ALT	exon_nonCDS
common_snp|KIF5B|10:32056417:T:C|REF	KIF5B	common_snp	REF	exon_nonCDS
common_snp|KIF5B|10:32056417:T:C|ALT	KIF5B	common_snp	ALT	exon_nonCDS
common_snp|KCNJ11|11:17365186:C:T|REF	KCNJ11	common_snp	REF	exon_nonCDS
common_snp|KCNJ11|11:17365186:C:T|ALT	KCNJ11	common_snp	ALT	exon_nonCDS
common_snp|KCNJ11|11:17365402:G:T|REF	KCNJ11	common_snp	REF	exon_nonCDS
common_snp|KCNJ11|11:17365402:G:T|ALT	KCNJ11	common_snp	ALT	exon_nonCDS
common_snp|KCNJ11|11:17365856:C:T|REF	KCNJ11	common_snp	REF	exon_nonCDS
common_snp|KCNJ11|11:17365856:C:T|ALT	KCNJ11	common_snp	ALT	exon_nonCDS
common_snp|KCNJ11|11:17366435:A:G|REF	KCNJ11	common_snp	REF	intron
common_snp|KCNJ11|11:17366435:A:G|ALT	KCNJ11	common_snp	ALT	intron
common_snp|KCNJ11|11:17366587:T:A|REF	KCNJ11	common_snp	REF	intron
common_snp|KCNJ11|11:17366587:T:A|ALT	KCNJ11	common_snp	ALT	intron
common_snp|KCNJ11|11:17367880:G:A|REF	KCNJ11	common_snp	REF	intron
common_snp|KCNJ11|11:17367880:G:A|ALT	KCNJ11	common_snp	ALT	intron
common_snp|KCNJ11|11:17368303:G:A|REF	KCNJ11	common_snp	REF	intron
common_snp|KCNJ11|11:17368303:G:A|ALT	KCNJ11	common_snp	ALT	intron
common_snp|KCNJ11|11:17369308:A:G|REF	KCNJ11	common_snp	REF	intron
common_snp|KCNJ11|11:17369308:A:G|ALT	KCNJ11	common_snp	ALT	intron
common_snp|KCNJ11|11:17370753:G:A|REF	KCNJ11	common_snp	REF	intron
common_snp|KCNJ11|11:17370753:G:A|ALT	KCNJ11	common_snp	ALT	intron
common_snp|KCNJ11|11:17371499:A:G|REF	KCNJ11	common_snp	REF	intron
common_snp|KCNJ11|11:17371499:A:G|ALT	KCNJ11	common_snp	ALT	intron
common_snp|KCNJ11|11:17371721:A:G|REF	KCNJ11	common_snp	REF	intron
common_snp|KCNJ11|11:17371721:A:G|ALT	KCNJ11	common_snp	ALT	intron
common_snp|KCNJ11|11:17372097:A:G|REF	KCNJ11	common_snp	REF	CDS
common_snp|KCNJ11|11:17372097:A:G|ALT	KCNJ11	common_snp	ALT	CDS
common_snp|KCNJ11|11:17372526:C:G|REF	KCNJ11	common_snp	REF	exon_nonCDS
common_snp|KCNJ11|11:17372526:C:G|ALT	KCNJ11	common_snp	ALT	exon_nonCDS
common_snp|KCNJ11|11:17373050:T:G|REF	KCNJ11	common_snp	REF	exon_nonCDS
common_snp|KCNJ11|11:17373050:T:G|ALT	KCNJ11	common_snp	ALT	exon_nonCDS
common_snp|KCNJ11|11:17373082:A:G|REF	KCNJ11	common_snp	REF	exon_nonCDS
common_snp|KCNJ11|11:17373082:A:G|ALT	KCNJ11	common_snp	ALT	exon_nonCDS
common_snp|KCNJ11|11:17373655:G:A|REF	KCNJ11	common_snp	REF	exon_nonCDS
common_snp|KCNJ11|11:17373655:G:A|ALT	KCNJ11	common_snp	ALT	exon_nonCDS
common_snp|KCNJ11|11:17373993:T:C|REF	KCNJ11	common_snp	REF	exon_nonCDS
common_snp|KCNJ11|11:17373993:T:C|ALT	KCNJ11	common_snp	ALT	exon_nonCDS
common_snp|KCNJ11|11:17374213:T:C|REF	KCNJ11	common_snp	REF	exon_nonCDS
common_snp|KCNJ11|11:17374213:T:C|ALT	KCNJ11	common_snp	ALT	exon_nonCDS
common_snp|KCNJ11|11:17374970:G:A|REF	KCNJ11	common_snp	REF	exon_nonCDS
common_snp|KCNJ11|11:17374970:G:A|ALT	KCNJ11	common_snp	ALT	exon_nonCDS
common_snp|KCNJ11|11:17375726:G:C|REF	KCNJ11	common_snp	REF	exon_nonCDS
common_snp|KCNJ11|11:17375726:G:C|ALT	KCNJ11	common_snp	ALT	exon_nonCDS
common_snp|KCNJ11|11:17376052:T:C|REF	KCNJ11	common_snp	REF	exon_nonCDS
common_snp|KCNJ11|11:17376052:T:C|ALT	KCNJ11	common_snp	ALT	exon_nonCDS
common_snp|KCNJ11|11:17377855:C:T|REF	KCNJ11	common_snp	REF	intron
common_snp|KCNJ11|11:17377855:C:T|ALT	KCNJ11	common_snp	ALT	intron
common_snp|KCNJ11|11:17378175:C:G|REF	KCNJ11	common_snp	REF	intron
common_snp|KCNJ11|11:17378175:C:G|ALT	KCNJ11	common_snp	ALT	intron
common_snp|KCNJ11|11:17378740:C:T|REF	KCNJ11	common_snp	REF	intron
common_snp|KCNJ11|11:17378740:C:T|ALT	KCNJ11	common_snp	ALT	intron
common_snp|KCNJ11|11:17378741:G:T|REF	KCNJ11	common_snp	REF	intron
common_snp|KCNJ11|11:17378741:G:T|ALT	KCNJ11	common_snp	ALT	intron
common_snp|KCNJ11|11:17379540:T:C|REF	KCNJ11	common_snp	REF	intron
common_snp|KCNJ11|11:17379540:T:C|ALT	KCNJ11	common_snp	ALT	intron
common_snp|KCNJ11|11:17379972:G:A|REF	KCNJ11	common_snp	REF	intron
common_snp|KCNJ11|11:17379972:G:A|ALT	KCNJ11	common_snp	ALT	intron
common_snp|KCNJ11|11:17380631:G:A|REF	KCNJ11	common_snp	REF	intron
common_snp|KCNJ11|11:17380631:G:A|ALT	KCNJ11	common_snp	ALT	intron
common_snp|KCNJ11|11:17381616:A:T|REF	KCNJ11	common_snp	REF	exon_nonCDS
common_snp|KCNJ11|11:17381616:A:T|ALT	KCNJ11	common_snp	ALT	exon_nonCDS
common_snp|KCNJ11|11:17382092:T:C|REF	KCNJ11	common_snp	REF	exon_nonCDS
common_snp|KCNJ11|11:17382092:T:C|ALT	KCNJ11	common_snp	ALT	exon_nonCDS
common_snp|KCNJ11|11:17382122:G:A|REF	KCNJ11	common_snp	REF	exon_nonCDS
common_snp|KCNJ11|11:17382122:G:A|ALT	KCNJ11	common_snp	ALT	exon_nonCDS
common_snp|KCNJ11|11:17382143:C:G|REF	KCNJ11	common_snp	REF	exon_nonCDS
common_snp|KCNJ11|11:17382143:C:G|ALT	KCNJ11	common_snp	ALT	exon_nonCDS
common_snp|KCNJ11|11:17382518:A:G|REF	KCNJ11	common_snp	REF	exon_nonCDS
common_snp|KCNJ11|11:17382518:A:G|ALT	KCNJ11	common_snp	ALT	exon_nonCDS
common_snp|KCNJ11|11:17382953:A:G|REF	KCNJ11	common_snp	REF	exon_nonCDS
common_snp|KCNJ11|11:17382953:A:G|ALT	KCNJ11	common_snp	ALT	exon_nonCDS
common_snp|KCNJ11|11:17383105:G:A|REF	KCNJ11	common_snp	REF	exon_nonCDS
common_snp|KCNJ11|11:17383105:G:A|ALT	KCNJ11	common_snp	ALT	exon_nonCDS
common_snp|KCNJ11|11:17383292:G:A|REF	KCNJ11	common_snp	REF	exon_nonCDS
common_snp|KCNJ11|11:17383292:G:A|ALT	KCNJ11	common_snp	ALT	exon_nonCDS
common_snp|KCNJ11|11:17383786:C:T|REF	KCNJ11	common_snp	REF	intron
common_snp|KCNJ11|11:17383786:C:T|ALT	KCNJ11	common_snp	ALT	intron
common_snp|KCNJ11|11:17383800:C:A|REF	KCNJ11	common_snp	REF	intron
common_snp|KCNJ11|11:17383800:C:A|ALT	KCNJ11	common_snp	ALT	intron
common_snp|KCNJ11|11:17383895:G:A|REF	KCNJ11	common_snp	REF	intron
common_snp|KCNJ11|11:17383895:G:A|ALT	KCNJ11	common_snp	ALT	intron
common_snp|KCNJ11|11:17384070:C:T|REF	KCNJ11	common_snp	REF	intron
common_snp|KCNJ11|11:17384070:C:T|ALT	KCNJ11	common_snp	ALT	intron
common_snp|KCNJ11|11:17384403:G:C|REF	KCNJ11	common_snp	REF	intron
common_snp|KCNJ11|11:17384403:G:C|ALT	KCNJ11	common_snp	ALT	intron
common_snp|KCNJ11|11:17384504:T:C|REF	KCNJ11	common_snp	REF	intron
common_snp|KCNJ11|11:17384504:T:C|ALT	KCNJ11	common_snp	ALT	intron
common_snp|KCNJ11|11:17385041:A:G|REF	KCNJ11	common_snp	REF	intron
common_snp|KCNJ11|11:17385041:A:G|ALT	KCNJ11	common_snp	ALT	intron
common_snp|KCNJ11|11:17385060:C:G|REF	KCNJ11	common_snp	REF	intron
common_snp|KCNJ11|11:17385060:C:G|ALT	KCNJ11	common_snp	ALT	intron
common_snp|KCNJ11|11:17385085:T:C|REF	KCNJ11	common_snp	REF	intron
common_snp|KCNJ11|11:17385085:T:C|ALT	KCNJ11	common_snp	ALT	intron
common_snp|KCNJ11|11:17386478:A:G|REF	KCNJ11	common_snp	REF	exon_nonCDS
common_snp|KCNJ11|11:17386478:A:G|ALT	KCNJ11	common_snp	ALT	exon_nonCDS
common_snp|KCNJ11|11:17386704:G:A|REF	KCNJ11	common_snp	REF	exon_nonCDS
common_snp|KCNJ11|11:17386704:G:A|ALT	KCNJ11	common_snp	ALT	exon_nonCDS
common_snp|KCNJ11|11:17386857:C:T|REF	KCNJ11	common_snp	REF	exon_nonCDS
common_snp|KCNJ11|11:17386857:C:T|ALT	KCNJ11	common_snp	ALT	exon_nonCDS
common_snp|KCNJ11|11:17387083:C:T|REF	KCNJ11	common_snp	REF	CDS
common_snp|KCNJ11|11:17387083:C:T|ALT	KCNJ11	common_snp	ALT	CDS
common_snp|KCNJ11|11:17387522:G:A|REF	KCNJ11	common_snp	REF	CDS
common_snp|KCNJ11|11:17387522:G:A|ALT	KCNJ11	common_snp	ALT	CDS
common_snp|KCNJ11|11:17388025:T:C|REF	KCNJ11	common_snp	REF	CDS
common_snp|KCNJ11|11:17388025:T:C|ALT	KCNJ11	common_snp	ALT	CDS
common_snp|KCNJ11|11:17388736:C:T|REF	KCNJ11	common_snp	REF	intron
common_snp|KCNJ11|11:17388736:C:T|ALT	KCNJ11	common_snp	ALT	intron
common_snp|ABCC8|11:17393168:T:C|REF	ABCC8	common_snp	REF	intron
common_snp|ABCC8|11:17393168:T:C|ALT	ABCC8	common_snp	ALT	intron
common_snp|ABCC8|11:17393210:C:T|REF	ABCC8	common_snp	REF	intron
common_snp|ABCC8|11:17393210:C:T|ALT	ABCC8	common_snp	ALT	intron
common_snp|ABCC8|11:17393596:A:C|REF	ABCC8	common_snp	REF	intron
common_snp|ABCC8|11:17393596:A:C|ALT	ABCC8	common_snp	ALT	intron
common_snp|ABCC8|11:17393643:C:G|REF	ABCC8	common_snp	REF	intron
common_snp|ABCC8|11:17393643:C:G|ALT	ABCC8	common_snp	ALT	intron
common_snp|ABCC8|11:17395957:A:G|REF	ABCC8	common_snp	REF	intron
common_snp|ABCC8|11:17395957:A:G|ALT	ABCC8	common_snp	ALT	intron
common_snp|ABCC8|11:17396823:C:A|REF	ABCC8	common_snp	REF	intron
common_snp|ABCC8|11:17396823:C:A|ALT	ABCC8	common_snp	ALT	intron
common_snp|ABCC8|11:17396930:C:A|REF	ABCC8	common_snp	REF	CDS
common_snp|ABCC8|11:17396930:C:A|ALT	ABCC8	common_snp	ALT	CDS
common_snp|ABCC8|11:17397732:C:T|REF	ABCC8	common_snp	REF	CDS
common_snp|ABCC8|11:17397732:C:T|ALT	ABCC8	common_snp	ALT	CDS
common_snp|ABCC8|11:17397953:G:A|REF	ABCC8	common_snp	REF	intron
common_snp|ABCC8|11:17397953:G:A|ALT	ABCC8	common_snp	ALT	intron
common_snp|ABCC8|11:17398670:T:C|REF	ABCC8	common_snp	REF	intron
common_snp|ABCC8|11:17398670:T:C|ALT	ABCC8	common_snp	ALT	intron
common_snp|ABCC8|11:17398990:C:T|REF	ABCC8	common_snp	REF	intron
common_snp|ABCC8|11:17398990:C:T|ALT	ABCC8	common_snp	ALT	intron
common_snp|ABCC8|11:17398997:G:A|REF	ABCC8	common_snp	REF	intron
common_snp|ABCC8|11:17398997:G:A|ALT	ABCC8	common_snp	ALT	intron
common_snp|ABCC8|11:17399006:C:G|REF	ABCC8	common_snp	REF	intron
common_snp|ABCC8|11:17399006:C:G|ALT	ABCC8	common_snp	ALT	intron
common_snp|ABCC8|11:17399091:G:A|REF	ABCC8	common_snp	REF	intron
common_snp|ABCC8|11:17399091:G:A|ALT	ABCC8	common_snp	ALT	intron
common_snp|ABCC8|11:17399186:T:G|REF	ABCC8	common_snp	REF	intron
common_snp|ABCC8|11:17399186:T:G|ALT	ABCC8	common_snp	ALT	intron
common_snp|ABCC8|11:17399301:A:C|REF	ABCC8	common_snp	REF	intron
common_snp|ABCC8|11:17399301:A:C|ALT	ABCC8	common_snp	ALT	intron
common_snp|ABCC8|11:17399546:G:A|REF	ABCC8	common_snp	REF	intron
common_snp|ABCC8|11:17399546:G:A|ALT	ABCC8	common_snp	ALT	intron
common_snp|ABCC8|11:17399819:G:T|REF	ABCC8	common_snp	REF	intron
common_snp|ABCC8|11:17399819:G:T|ALT	ABCC8	common_snp	ALT	intron
common_snp|ABCC8|11:17399926:G:A|REF	ABCC8	common_snp	REF	intron
common_snp|ABCC8|11:17399926:G:A|ALT	ABCC8	common_snp	ALT	intron
common_snp|ABCC8|11:17400167:G:T|REF	ABCC8	common_snp	REF	intron
common_snp|ABCC8|11:17400167:G:T|ALT	ABCC8	common_snp	ALT	intron
common_snp|ABCC8|11:17400243:G:A|REF	ABCC8	common_snp	REF	intron
common_snp|ABCC8|11:17400243:G:A|ALT	ABCC8	common_snp	ALT	intron
common_snp|ABCC8|11:17400313:A:G|REF	ABCC8	common_snp	REF	intron
common_snp|ABCC8|11:17400313:A:G|ALT	ABCC8	common_snp	ALT	intron
common_snp|ABCC8|11:17400339:T:C|REF	ABCC8	common_snp	REF	intron
common_snp|ABCC8|11:17400339:T:C|ALT	ABCC8	common_snp	ALT	intron
common_snp|ABCC8|11:17400552:T:C|REF	ABCC8	common_snp	REF	intron
common_snp|ABCC8|11:17400552:T:C|ALT	ABCC8	common_snp	ALT	intron
common_snp|ABCC8|11:17400872:A:G|REF	ABCC8	common_snp	REF	intron
common_snp|ABCC8|11:17400872:A:G|ALT	ABCC8	common_snp	ALT	intron
common_snp|ABCC8|11:17401072:T:C|REF	ABCC8	common_snp	REF	intron
common_snp|ABCC8|11:17401072:T:C|ALT	ABCC8	common_snp	ALT	intron
common_snp|ABCC8|11:17401408:C:A|REF	ABCC8	common_snp	REF	intron
common_snp|ABCC8|11:17401408:C:A|ALT	ABCC8	common_snp	ALT	intron
common_snp|ABCC8|11:17402088:C:T|REF	ABCC8	common_snp	REF	intron
common_snp|ABCC8|11:17402088:C:T|ALT	ABCC8	common_snp	ALT	intron
common_snp|ABCC8|11:17402848:G:A|REF	ABCC8	common_snp	REF	intron
common_snp|ABCC8|11:17402848:G:A|ALT	ABCC8	common_snp	ALT	intron
common_snp|ABCC8|11:17402986:A:T|REF	ABCC8	common_snp	REF	intron
common_snp|ABCC8|11:17402986:A:T|ALT	ABCC8	common_snp	ALT	intron
common_snp|ABCC8|11:17403164:C:T|REF	ABCC8	common_snp	REF	intron
common_snp|ABCC8|11:17403164:C:T|ALT	ABCC8	common_snp	ALT	intron
common_snp|ABCC8|11:17403441:C:T|REF	ABCC8	common_snp	REF	intron
common_snp|ABCC8|11:17403441:C:T|ALT	ABCC8	common_snp	ALT	intron
common_snp|ABCC8|11:17404149:G:T|REF	ABCC8	common_snp	REF	intron
common_snp|ABCC8|11:17404149:G:T|ALT	ABCC8	common_snp	ALT	intron
common_snp|ABCC8|11:17405789:G:C|REF	ABCC8	common_snp	REF	intron
common_snp|ABCC8|11:17405789:G:C|ALT	ABCC8	common_snp	ALT	intron
common_snp|ABCC8|11:17405816:C:T|REF	ABCC8	common_snp	REF	intron
common_snp|ABCC8|11:17405816:C:T|ALT	ABCC8	common_snp	ALT	intron
common_snp|ABCC8|11:17406010:T:C|REF	ABCC8	common_snp	REF	intron
common_snp|ABCC8|11:17406010:T:C|ALT	ABCC8	common_snp	ALT	intron
common_snp|ABCC8|11:17406275:T:C|REF	ABCC8	common_snp	REF	intron
common_snp|ABCC8|11:17406275:T:C|ALT	ABCC8	common_snp	ALT	intron
common_snp|ABCC8|11:17406315:G:A|REF	ABCC8	common_snp	REF	intron
common_snp|ABCC8|11:17406315:G:A|ALT	ABCC8	common_snp	ALT	intron
common_snp|ABCC8|11:17406354:C:G|REF	ABCC8	common_snp	REF	intron
common_snp|ABCC8|11:17406354:C:G|ALT	ABCC8	common_snp	ALT	intron
common_snp|ABCC8|11:17407811:G:A|REF	ABCC8	common_snp	REF	intron
common_snp|ABCC8|11:17407811:G:A|ALT	ABCC8	common_snp	ALT	intron
common_snp|ABCC8|11:17408325:G:A|REF	ABCC8	common_snp	REF	intron
common_snp|ABCC8|11:17408325:G:A|ALT	ABCC8	common_snp	ALT	intron
common_snp|ABCC8|11:17408375:T:C|REF	ABCC8	common_snp	REF	intron
common_snp|ABCC8|11:17408375:T:C|ALT	ABCC8	common_snp	ALT	intron
common_snp|ABCC8|11:17409101:C:T|REF	ABCC8	common_snp	REF	intron
common_snp|ABCC8|11:17409101:C:T|ALT	ABCC8	common_snp	ALT	intron
common_snp|ABCC8|11:17409350:G:A|REF	ABCC8	common_snp	REF	intron
common_snp|ABCC8|11:17409350:G:A|ALT	ABCC8	common_snp	ALT	intron
common_snp|ABCC8|11:17409386:A:G|REF	ABCC8	common_snp	REF	intron
common_snp|ABCC8|11:17409386:A:G|ALT	ABCC8	common_snp	ALT	intron
common_snp|ABCC8|11:17409663:A:G|REF	ABCC8	common_snp	REF	intron
common_snp|ABCC8|11:17409663:A:G|ALT	ABCC8	common_snp	ALT	intron
common_snp|ABCC8|11:17409814:G:A|REF	ABCC8	common_snp	REF	intron
common_snp|ABCC8|11:17409814:G:A|ALT	ABCC8	common_snp	ALT	intron
common_snp|ABCC8|11:17411541:A:C|REF	ABCC8	common_snp	REF	intron
common_snp|ABCC8|11:17411541:A:C|ALT	ABCC8	common_snp	ALT	intron
common_snp|ABCC8|11:17411744:G:T|REF	ABCC8	common_snp	REF	intron
common_snp|ABCC8|11:17411744:G:T|ALT	ABCC8	common_snp	ALT	intron
common_snp|ABCC8|11:17412017:G:C|REF	ABCC8	common_snp	REF	intron
common_snp|ABCC8|11:17412017:G:C|ALT	ABCC8	common_snp	ALT	intron
common_snp|ABCC8|11:17412084:G:C|REF	ABCC8	common_snp	REF	intron
common_snp|ABCC8|11:17412084:G:C|ALT	ABCC8	common_snp	ALT	intron
common_snp|ABCC8|11:17412190:C:T|REF	ABCC8	common_snp	REF	intron
common_snp|ABCC8|11:17412190:C:T|ALT	ABCC8	common_snp	ALT	intron
common_snp|ABCC8|11:17412315:A:G|REF	ABCC8	common_snp	REF	intron
common_snp|ABCC8|11:17412315:A:G|ALT	ABCC8	common_snp	ALT	intron
common_snp|ABCC8|11:17412737:G:A|REF	ABCC8	common_snp	REF	CDS
common_snp|ABCC8|11:17412737:G:A|ALT	ABCC8	common_snp	ALT	CDS
common_snp|ABCC8|11:17413056:C:T|REF	ABCC8	common_snp	REF	intron
common_snp|ABCC8|11:17413056:C:T|ALT	ABCC8	common_snp	ALT	intron
common_snp|ABCC8|11:17413667:G:A|REF	ABCC8	common_snp	REF	intron
common_snp|ABCC8|11:17413667:G:A|ALT	ABCC8	common_snp	ALT	intron
common_snp|ABCC8|11:17414389:G:A|REF	ABCC8	common_snp	REF	intron
common_snp|ABCC8|11:17414389:G:A|ALT	ABCC8	common_snp	ALT	intron
common_snp|ABCC8|11:17414419:G:A|REF	ABCC8	common_snp	REF	intron
common_snp|ABCC8|11:17414419:G:A|ALT	ABCC8	common_snp	ALT	intron
common_snp|ABCC8|11:17414644:A:G|REF	ABCC8	common_snp	REF	intron
common_snp|ABCC8|11:17414644:A:G|ALT	ABCC8	common_snp	ALT	intron
common_snp|ABCC8|11:17414646:G:A|REF	ABCC8	common_snp	REF	intron
common_snp|ABCC8|11:17414646:G:A|ALT	ABCC8	common_snp	ALT	intron
common_snp|ABCC8|11:17414724:G:A|REF	ABCC8	common_snp	REF	intron
common_snp|ABCC8|11:17414724:G:A|ALT	ABCC8	common_snp	ALT	intron
common_snp|ABCC8|11:17415021:A:T|REF	ABCC8	common_snp	REF	intron
common_snp|ABCC8|11:17415021:A:T|ALT	ABCC8	common_snp	ALT	intron
common_snp|ABCC8|11:17415404:C:T|REF	ABCC8	common_snp	REF	intron
common_snp|ABCC8|11:17415404:C:T|ALT	ABCC8	common_snp	ALT	intron
common_snp|ABCC8|11:17416238:T:C|REF	ABCC8	common_snp	REF	intron
common_snp|ABCC8|11:17416238:T:C|ALT	ABCC8	common_snp	ALT	intron
common_snp|ABCC8|11:17416279:T:C|REF	ABCC8	common_snp	REF	intron
common_snp|ABCC8|11:17416279:T:C|ALT	ABCC8	common_snp	ALT	intron
common_snp|ABCC8|11:17417343:A:C|REF	ABCC8	common_snp	REF	intron
common_snp|ABCC8|11:17417343:A:C|ALT	ABCC8	common_snp	ALT	intron
common_snp|ABCC8|11:17417896:C:T|REF	ABCC8	common_snp	REF	intron
common_snp|ABCC8|11:17417896:C:T|ALT	ABCC8	common_snp	ALT	intron
common_snp|ABCC8|11:17418043:C:T|REF	ABCC8	common_snp	REF	intron
common_snp|ABCC8|11:17418043:C:T|ALT	ABCC8	common_snp	ALT	intron
common_snp|ABCC8|11:17418108:C:T|REF	ABCC8	common_snp	REF	intron
common_snp|ABCC8|11:17418108:C:T|ALT	ABCC8	common_snp	ALT	intron
common_snp|ABCC8|11:17418114:G:A|REF	ABCC8	common_snp	REF	intron
common_snp|ABCC8|11:17418114:G:A|ALT	ABCC8	common_snp	ALT	intron
common_snp|ABCC8|11:17418682:A:G|REF	ABCC8	common_snp	REF	intron
common_snp|ABCC8|11:17418682:A:G|ALT	ABCC8	common_snp	ALT	intron
common_snp|ABCC8|11:17419233:G:C|REF	ABCC8	common_snp	REF	intron
common_snp|ABCC8|11:17419233:G:C|ALT	ABCC8	common_snp	ALT	intron
common_snp|ABCC8|11:17419443:G:C|REF	ABCC8	common_snp	REF	intron
common_snp|ABCC8|11:17419443:G:C|ALT	ABCC8	common_snp	ALT	intron
common_snp|ABCC8|11:17419681:A:G|REF	ABCC8	common_snp	REF	intron
common_snp|ABCC8|11:17419681:A:G|ALT	ABCC8	common_snp	ALT	intron
common_snp|ABCC8|11:17419838:C:T|REF	ABCC8	common_snp	REF	intron
common_snp|ABCC8|11:17419838:C:T|ALT	ABCC8	common_snp	ALT	intron
common_snp|ABCC8|11:17420281:G:A|REF	ABCC8	common_snp	REF	intron
common_snp|ABCC8|11:17420281:G:A|ALT	ABCC8	common_snp	ALT	intron
common_snp|ABCC8|11:17420375:A:G|REF	ABCC8	common_snp	REF	intron
common_snp|ABCC8|11:17420375:A:G|ALT	ABCC8	common_snp	ALT	intron
common_snp|ABCC8|11:17420913:T:A|REF	ABCC8	common_snp	REF	intron
common_snp|ABCC8|11:17420913:T:A|ALT	ABCC8	common_snp	ALT	intron
common_snp|ABCC8|11:17421111:T:C|REF	ABCC8	common_snp	REF	intron
common_snp|ABCC8|11:17421111:T:C|ALT	ABCC8	common_snp	ALT	intron
common_snp|ABCC8|11:17421198:T:G|REF	ABCC8	common_snp	REF	intron
common_snp|ABCC8|11:17421198:T:G|ALT	ABCC8	common_snp	ALT	intron
common_snp|ABCC8|11:17422040:G:A|REF	ABCC8	common_snp	REF	intron
common_snp|ABCC8|11:17422040:G:A|ALT	ABCC8	common_snp	ALT	intron
common_snp|ABCC8|11:17422477:A:G|REF	ABCC8	common_snp	REF	intron
common_snp|ABCC8|11:17422477:A:G|ALT	ABCC8	common_snp	ALT	intron
common_snp|ABCC8|11:17422587:T:C|REF	ABCC8	common_snp	REF	intron
common_snp|ABCC8|11:17422587:T:C|ALT	ABCC8	common_snp	ALT	intron
common_snp|ABCC8|11:17423043:C:T|REF	ABCC8	common_snp	REF	intron
common_snp|ABCC8|11:17423043:C:T|ALT	ABCC8	common_snp	ALT	intron
common_snp|ABCC8|11:17423105:T:G|REF	ABCC8	common_snp	REF	intron
common_snp|ABCC8|11:17423105:T:G|ALT	ABCC8	common_snp	ALT	intron
common_snp|ABCC8|11:17423479:C:T|REF	ABCC8	common_snp	REF	intron
common_snp|ABCC8|11:17423479:C:T|ALT	ABCC8	common_snp	ALT	intron
common_snp|ABCC8|11:17423592:A:G|REF	ABCC8	common_snp	REF	intron
common_snp|ABCC8|11:17423592:A:G|ALT	ABCC8	common_snp	ALT	intron
common_snp|ABCC8|11:17424149:T:C|REF	ABCC8	common_snp	REF	intron
common_snp|ABCC8|11:17424149:T:C|ALT	ABCC8	common_snp	ALT	intron
common_snp|ABCC8|11:17424198:C:A|REF	ABCC8	common_snp	REF	intron
common_snp|ABCC8|11:17424198:C:A|ALT	ABCC8	common_snp	ALT	intron
common_snp|ABCC8|11:17424210:A:G|REF	ABCC8	common_snp	REF	intron
common_snp|ABCC8|11:17424210:A:G|ALT	ABCC8	common_snp	ALT	intron
common_snp|ABCC8|11:17424391:T:C|REF	ABCC8	common_snp	REF	intron
common_snp|ABCC8|11:17424391:T:C|ALT	ABCC8	common_snp	ALT	intron
common_snp|ABCC8|11:17424474:T:C|REF	ABCC8	common_snp	REF	intron
common_snp|ABCC8|11:17424474:T:C|ALT	ABCC8	common_snp	ALT	intron
common_snp|ABCC8|11:17425560:A:C|REF	ABCC8	common_snp	REF	intron
common_snp|ABCC8|11:17425560:A:C|ALT	ABCC8	common_snp	ALT	intron
common_snp|ABCC8|11:17425931:T:C|REF	ABCC8	common_snp	REF	intron
common_snp|ABCC8|11:17425931:T:C|ALT	ABCC8	common_snp	ALT	intron
common_snp|ABCC8|11:17427157:G:A|REF	ABCC8	common_snp	REF	intron
common_snp|ABCC8|11:17427157:G:A|ALT	ABCC8	common_snp	ALT	intron
common_snp|ABCC8|11:17427455:A:G|REF	ABCC8	common_snp	REF	intron
common_snp|ABCC8|11:17427455:A:G|ALT	ABCC8	common_snp	ALT	intron
common_snp|ABCC8|11:17428382:C:T|REF	ABCC8	common_snp	REF	CDS
common_snp|ABCC8|11:17428382:C:T|ALT	ABCC8	common_snp	ALT	CDS
common_snp|ABCC8|11:17429444:G:C|REF	ABCC8	common_snp	REF	intron
common_snp|ABCC8|11:17429444:G:C|ALT	ABCC8	common_snp	ALT	intron
common_snp|ABCC8|11:17430458:C:A|REF	ABCC8	common_snp	REF	intron
common_snp|ABCC8|11:17430458:C:A|ALT	ABCC8	common_snp	ALT	intron
common_snp|ABCC8|11:17430547:G:T|REF	ABCC8	common_snp	REF	intron
common_snp|ABCC8|11:17430547:G:T|ALT	ABCC8	common_snp	ALT	intron
common_snp|ABCC8|11:17430945:G:A|REF	ABCC8	common_snp	REF	CDS
common_snp|ABCC8|11:17430945:G:A|ALT	ABCC8	common_snp	ALT	CDS
common_snp|ABCC8|11:17431033:C:T|REF	ABCC8	common_snp	REF	intron
common_snp|ABCC8|11:17431033:C:T|ALT	ABCC8	common_snp	ALT	intron
common_snp|ABCC8|11:17431896:C:T|REF	ABCC8	common_snp	REF	intron
common_snp|ABCC8|11:17431896:C:T|ALT	ABCC8	common_snp	ALT	intron
common_snp|ABCC8|11:17433824:G:A|REF	ABCC8	common_snp	REF	intron
common_snp|ABCC8|11:17433824:G:A|ALT	ABCC8	common_snp	ALT	intron
common_snp|ABCC8|11:17436589:T:C|REF	ABCC8	common_snp	REF	intron
common_snp|ABCC8|11:17436589:T:C|ALT	ABCC8	common_snp	ALT	intron
common_snp|ABCC8|11:17436752:G:A|REF	ABCC8	common_snp	REF	intron
common_snp|ABCC8|11:17436752:G:A|ALT	ABCC8	common_snp	ALT	intron
common_snp|ABCC8|11:17437183:A:G|REF	ABCC8	common_snp	REF	intron
common_snp|ABCC8|11:17437183:A:G|ALT	ABCC8	common_snp	ALT	intron
common_snp|ABCC8|11:17437560:G:A|REF	ABCC8	common_snp	REF	intron
common_snp|ABCC8|11:17437560:G:A|ALT	ABCC8	common_snp	ALT	intron
common_snp|ABCC8|11:17437571:A:T|REF	ABCC8	common_snp	REF	intron
common_snp|ABCC8|11:17437571:A:T|ALT	ABCC8	common_snp	ALT	intron
common_snp|ABCC8|11:17438096:A:G|REF	ABCC8	common_snp	REF	intron
common_snp|ABCC8|11:17438096:A:G|ALT	ABCC8	common_snp	ALT	intron
common_snp|ABCC8|11:17438384:T:C|REF	ABCC8	common_snp	REF	intron
common_snp|ABCC8|11:17438384:T:C|ALT	ABCC8	common_snp	ALT	intron
common_snp|ABCC8|11:17438537:T:A|REF	ABCC8	common_snp	REF	intron
common_snp|ABCC8|11:17438537:T:A|ALT	ABCC8	common_snp	ALT	intron
common_snp|ABCC8|11:17438634:A:G|REF	ABCC8	common_snp	REF	intron
common_snp|ABCC8|11:17438634:A:G|ALT	ABCC8	common_snp	ALT	intron
common_snp|ABCC8|11:17438732:A:G|REF	ABCC8	common_snp	REF	intron
common_snp|ABCC8|11:17438732:A:G|ALT	ABCC8	common_snp	ALT	intron
common_snp|ABCC8|11:17438755:T:C|REF	ABCC8	common_snp	REF	intron
common_snp|ABCC8|11:17438755:T:C|ALT	ABCC8	common_snp	ALT	intron
common_snp|ABCC8|11:17439165:C:T|REF	ABCC8	common_snp	REF	intron
common_snp|ABCC8|11:17439165:C:T|ALT	ABCC8	common_snp	ALT	intron
common_snp|ABCC8|11:17439352:T:C|REF	ABCC8	common_snp	REF	intron
common_snp|ABCC8|11:17439352:T:C|ALT	ABCC8	common_snp	ALT	intron
common_snp|ABCC8|11:17439782:C:G|REF	ABCC8	common_snp	REF	intron
common_snp|ABCC8|11:17439782:C:G|ALT	ABCC8	common_snp	ALT	intron
common_snp|ABCC8|11:17439996:T:C|REF	ABCC8	common_snp	REF	intron
common_snp|ABCC8|11:17439996:T:C|ALT	ABCC8	common_snp	ALT	intron
common_snp|ABCC8|11:17440673:A:G|REF	ABCC8	common_snp	REF	intron
common_snp|ABCC8|11:17440673:A:G|ALT	ABCC8	common_snp	ALT	intron
common_snp|ABCC8|11:17440757:A:C|REF	ABCC8	common_snp	REF	intron
common_snp|ABCC8|11:17440757:A:C|ALT	ABCC8	common_snp	ALT	intron
common_snp|ABCC8|11:17441180:G:A|REF	ABCC8	common_snp	REF	intron
common_snp|ABCC8|11:17441180:G:A|ALT	ABCC8	common_snp	ALT	intron
common_snp|ABCC8|11:17441311:T:C|REF	ABCC8	common_snp	REF	intron
common_snp|ABCC8|11:17441311:T:C|ALT	ABCC8	common_snp	ALT	intron
common_snp|ABCC8|11:17441662:C:T|REF	ABCC8	common_snp	REF	intron
common_snp|ABCC8|11:17441662:C:T|ALT	ABCC8	common_snp	ALT	intron
common_snp|ABCC8|11:17442987:T:C|REF	ABCC8	common_snp	REF	intron
common_snp|ABCC8|11:17442987:T:C|ALT	ABCC8	common_snp	ALT	intron
common_snp|ABCC8|11:17444498:A:C|REF	ABCC8	common_snp	REF	intron
common_snp|ABCC8|11:17444498:A:C|ALT	ABCC8	common_snp	ALT	intron
common_snp|ABCC8|11:17444721:A:C|REF	ABCC8	common_snp	REF	intron
common_snp|ABCC8|11:17444721:A:C|ALT	ABCC8	common_snp	ALT	intron
common_snp|ABCC8|11:17444976:A:G|REF	ABCC8	common_snp	REF	intron
common_snp|ABCC8|11:17444976:A:G|ALT	ABCC8	common_snp	ALT	intron
common_snp|ABCC8|11:17445441:T:G|REF	ABCC8	common_snp	REF	intron
common_snp|ABCC8|11:17445441:T:G|ALT	ABCC8	common_snp	ALT	intron
common_snp|ABCC8|11:17445506:T:G|REF	ABCC8	common_snp	REF	intron
common_snp|ABCC8|11:17445506:T:G|ALT	ABCC8	common_snp	ALT	intron
common_snp|ABCC8|11:17445656:T:C|REF	ABCC8	common_snp	REF	intron
common_snp|ABCC8|11:17445656:T:C|ALT	ABCC8	common_snp	ALT	intron
common_snp|ABCC8|11:17445790:T:C|REF	ABCC8	common_snp	REF	intron
common_snp|ABCC8|11:17445790:T:C|ALT	ABCC8	common_snp	ALT	intron
common_snp|ABCC8|11:17446770:T:C|REF	ABCC8	common_snp	REF	intron
common_snp|ABCC8|11:17446770:T:C|ALT	ABCC8	common_snp	ALT	intron
common_snp|ABCC8|11:17446946:A:C|REF	ABCC8	common_snp	REF	intron
common_snp|ABCC8|11:17446946:A:C|ALT	ABCC8	common_snp	ALT	intron
common_snp|ABCC8|11:17447065:G:T|REF	ABCC8	common_snp	REF	intron
common_snp|ABCC8|11:17447065:G:T|ALT	ABCC8	common_snp	ALT	intron
common_snp|ABCC8|11:17447558:T:C|REF	ABCC8	common_snp	REF	intron
common_snp|ABCC8|11:17447558:T:C|ALT	ABCC8	common_snp	ALT	intron
common_snp|ABCC8|11:17447919:T:C|REF	ABCC8	common_snp	REF	intron
common_snp|ABCC8|11:17447919:T:C|ALT	ABCC8	common_snp	ALT	intron
common_snp|ABCC8|11:17449037:A:G|REF	ABCC8	common_snp	REF	intron
common_snp|ABCC8|11:17449037:A:G|ALT	ABCC8	common_snp	ALT	intron
common_snp|ABCC8|11:17450455:T:C|REF	ABCC8	common_snp	REF	intron
common_snp|ABCC8|11:17450455:T:C|ALT	ABCC8	common_snp	ALT	intron
common_snp|ABCC8|11:17451166:T:G|REF	ABCC8	common_snp	REF	intron
common_snp|ABCC8|11:17451166:T:G|ALT	ABCC8	common_snp	ALT	intron
common_snp|ABCC8|11:17451875:T:C|REF	ABCC8	common_snp	REF	intron
common_snp|ABCC8|11:17451875:T:C|ALT	ABCC8	common_snp	ALT	intron
common_snp|ABCC8|11:17451890:C:T|REF	ABCC8	common_snp	REF	intron
common_snp|ABCC8|11:17451890:C:T|ALT	ABCC8	common_snp	ALT	intron
common_snp|ABCC8|11:17452771:T:G|REF	ABCC8	common_snp	REF	intron
common_snp|ABCC8|11:17452771:T:G|ALT	ABCC8	common_snp	ALT	intron
common_snp|ABCC8|11:17453736:G:A|REF	ABCC8	common_snp	REF	intron
common_snp|ABCC8|11:17453736:G:A|ALT	ABCC8	common_snp	ALT	intron
common_snp|ABCC8|11:17453896:G:A|REF	ABCC8	common_snp	REF	intron
common_snp|ABCC8|11:17453896:G:A|ALT	ABCC8	common_snp	ALT	intron
common_snp|ABCC8|11:17454470:A:G|REF	ABCC8	common_snp	REF	intron
common_snp|ABCC8|11:17454470:A:G|ALT	ABCC8	common_snp	ALT	intron
common_snp|ABCC8|11:17454841:C:T|REF	ABCC8	common_snp	REF	intron
common_snp|ABCC8|11:17454841:C:T|ALT	ABCC8	common_snp	ALT	intron
common_snp|ABCC8|11:17454969:T:G|REF	ABCC8	common_snp	REF	intron
common_snp|ABCC8|11:17454969:T:G|ALT	ABCC8	common_snp	ALT	intron
common_snp|ABCC8|11:17456283:C:T|REF	ABCC8	common_snp	REF	intron
common_snp|ABCC8|11:17456283:C:T|ALT	ABCC8	common_snp	ALT	intron
common_snp|ABCC8|11:17456610:C:T|REF	ABCC8	common_snp	REF	intron
common_snp|ABCC8|11:17456610:C:T|ALT	ABCC8	common_snp	ALT	intron
common_snp|ABCC8|11:17459288:T:C|REF	ABCC8	common_snp	REF	intron
common_snp|ABCC8|11:17459288:T:C|ALT	ABCC8	common_snp	ALT	intron
common_snp|ABCC8|11:17460401:T:C|REF	ABCC8	common_snp	REF	intron
common_snp|ABCC8|11:17460401:T:C|ALT	ABCC8	common_snp	ALT	intron
common_snp|ABCC8|11:17460781:T:C|REF	ABCC8	common_snp	REF	intron
common_snp|ABCC8|11:17460781:T:C|ALT	ABCC8	common_snp	ALT	intron
common_snp|ABCC8|11:17460782:G:A|REF	ABCC8	common_snp	REF	intron
common_snp|ABCC8|11:17460782:G:A|ALT	ABCC8	common_snp	ALT	intron
common_snp|ABCC8|11:17461072:A:G|REF	ABCC8	common_snp	REF	intron
common_snp|ABCC8|11:17461072:A:G|ALT	ABCC8	common_snp	ALT	intron
common_snp|ABCC8|11:17462767:T:A|REF	ABCC8	common_snp	REF	intron
common_snp|ABCC8|11:17462767:T:A|ALT	ABCC8	common_snp	ALT	intron
common_snp|ABCC8|11:17463081:C:G|REF	ABCC8	common_snp	REF	intron
common_snp|ABCC8|11:17463081:C:G|ALT	ABCC8	common_snp	ALT	intron
common_snp|ABCC8|11:17463184:C:T|REF	ABCC8	common_snp	REF	intron
common_snp|ABCC8|11:17463184:C:T|ALT	ABCC8	common_snp	ALT	intron
common_snp|ABCC8|11:17463234:C:G|REF	ABCC8	common_snp	REF	intron
common_snp|ABCC8|11:17463234:C:G|ALT	ABCC8	common_snp	ALT	intron
common_snp|ABCC8|11:17463424:G:A|REF	ABCC8	common_snp	REF	intron
common_snp|ABCC8|11:17463424:G:A|ALT	ABCC8	common_snp	ALT	intron
common_snp|ABCC8|11:17465081:T:G|REF	ABCC8	common_snp	REF	intron
common_snp|ABCC8|11:17465081:T:G|ALT	ABCC8	common_snp	ALT	intron
common_snp|ABCC8|11:17465097:G:C|REF	ABCC8	common_snp	REF	intron
common_snp|ABCC8|11:17465097:G:C|ALT	ABCC8	common_snp	ALT	intron
common_snp|ABCC8|11:17465131:T:C|REF	ABCC8	common_snp	REF	intron
common_snp|ABCC8|11:17465131:T:C|ALT	ABCC8	common_snp	ALT	intron
common_snp|ABCC8|11:17465190:C:T|REF	ABCC8	common_snp	REF	intron
common_snp|ABCC8|11:17465190:C:T|ALT	ABCC8	common_snp	ALT	intron
common_snp|ABCC8|11:17465306:A:G|REF	ABCC8	common_snp	REF	intron
common_snp|ABCC8|11:17465306:A:G|ALT	ABCC8	common_snp	ALT	intron
common_snp|ABCC8|11:17465421:C:G|REF	ABCC8	common_snp	REF	intron
common_snp|ABCC8|11:17465421:C:G|ALT	ABCC8	common_snp	ALT	intron
common_snp|ABCC8|11:17465532:C:T|REF	ABCC8	common_snp	REF	intron
common_snp|ABCC8|11:17465532:C:T|ALT	ABCC8	common_snp	ALT	intron
common_snp|ABCC8|11:17465731:C:A|REF	ABCC8	common_snp	REF	intron
common_snp|ABCC8|11:17465731:C:A|ALT	ABCC8	common_snp	ALT	intron
common_snp|ABCC8|11:17465802:G:A|REF	ABCC8	common_snp	REF	intron
common_snp|ABCC8|11:17465802:G:A|ALT	ABCC8	common_snp	ALT	intron
common_snp|ABCC8|11:17465898:C:T|REF	ABCC8	common_snp	REF	intron
common_snp|ABCC8|11:17465898:C:T|ALT	ABCC8	common_snp	ALT	intron
common_snp|ABCC8|11:17466260:G:A|REF	ABCC8	common_snp	REF	intron
common_snp|ABCC8|11:17466260:G:A|ALT	ABCC8	common_snp	ALT	intron
common_snp|ABCC8|11:17466286:T:C|REF	ABCC8	common_snp	REF	intron
common_snp|ABCC8|11:17466286:T:C|ALT	ABCC8	common_snp	ALT	intron
common_snp|ABCC8|11:17466340:G:A|REF	ABCC8	common_snp	REF	intron
common_snp|ABCC8|11:17466340:G:A|ALT	ABCC8	common_snp	ALT	intron
common_snp|ABCC8|11:17466478:A:G|REF	ABCC8	common_snp	REF	intron
common_snp|ABCC8|11:17466478:A:G|ALT	ABCC8	common_snp	ALT	intron
common_snp|ABCC8|11:17466554:C:T|REF	ABCC8	common_snp	REF	intron
common_snp|ABCC8|11:17466554:C:T|ALT	ABCC8	common_snp	ALT	intron
common_snp|ABCC8|11:17466864:G:C|REF	ABCC8	common_snp	REF	intron
common_snp|ABCC8|11:17466864:G:C|ALT	ABCC8	common_snp	ALT	intron
common_snp|ABCC8|11:17467114:A:C|REF	ABCC8	common_snp	REF	intron
common_snp|ABCC8|11:17467114:A:C|ALT	ABCC8	common_snp	ALT	intron
common_snp|ABCC8|11:17467139:G:C|REF	ABCC8	common_snp	REF	intron
common_snp|ABCC8|11:17467139:G:C|ALT	ABCC8	common_snp	ALT	intron
common_snp|ABCC8|11:17467156:C:T|REF	ABCC8	common_snp	REF	intron
common_snp|ABCC8|11:17467156:C:T|ALT	ABCC8	common_snp	ALT	intron
common_snp|ABCC8|11:17467559:C:T|REF	ABCC8	common_snp	REF	intron
common_snp|ABCC8|11:17467559:C:T|ALT	ABCC8	common_snp	ALT	intron
common_snp|ABCC8|11:17467720:T:C|REF	ABCC8	common_snp	REF	intron
common_snp|ABCC8|11:17467720:T:C|ALT	ABCC8	common_snp	ALT	intron
common_snp|ABCC8|11:17467732:C:T|REF	ABCC8	common_snp	REF	intron
common_snp|ABCC8|11:17467732:C:T|ALT	ABCC8	common_snp	ALT	intron
common_snp|ABCC8|11:17467743:T:G|REF	ABCC8	common_snp	REF	intron
common_snp|ABCC8|11:17467743:T:G|ALT	ABCC8	common_snp	ALT	intron
common_snp|ABCC8|11:17467746:T:C|REF	ABCC8	common_snp	REF	intron
common_snp|ABCC8|11:17467746:T:C|ALT	ABCC8	common_snp	ALT	intron
common_snp|ABCC8|11:17467790:G:C|REF	ABCC8	common_snp	REF	intron
common_snp|ABCC8|11:17467790:G:C|ALT	ABCC8	common_snp	ALT	intron
common_snp|ABCC8|11:17467816:T:C|REF	ABCC8	common_snp	REF	intron
common_snp|ABCC8|11:17467816:T:C|ALT	ABCC8	common_snp	ALT	intron
common_snp|ABCC8|11:17467898:C:T|REF	ABCC8	common_snp	REF	intron
common_snp|ABCC8|11:17467898:C:T|ALT	ABCC8	common_snp	ALT	intron
common_snp|ABCC8|11:17468145:G:A|REF	ABCC8	common_snp	REF	intron
common_snp|ABCC8|11:17468145:G:A|ALT	ABCC8	common_snp	ALT	intron
common_snp|ABCC8|11:17468717:T:C|REF	ABCC8	common_snp	REF	intron
common_snp|ABCC8|11:17468717:T:C|ALT	ABCC8	common_snp	ALT	intron
common_snp|ABCC8|11:17468954:C:T|REF	ABCC8	common_snp	REF	intron
common_snp|ABCC8|11:17468954:C:T|ALT	ABCC8	common_snp	ALT	intron
common_snp|ABCC8|11:17469024:C:T|REF	ABCC8	common_snp	REF	intron
common_snp|ABCC8|11:17469024:C:T|ALT	ABCC8	common_snp	ALT	intron
common_snp|ABCC8|11:17469079:C:T|REF	ABCC8	common_snp	REF	intron
common_snp|ABCC8|11:17469079:C:T|ALT	ABCC8	common_snp	ALT	intron
common_snp|ABCC8|11:17469326:C:T|REF	ABCC8	common_snp	REF	intron
common_snp|ABCC8|11:17469326:C:T|ALT	ABCC8	common_snp	ALT	intron
common_snp|ABCC8|11:17469582:T:A|REF	ABCC8	common_snp	REF	intron
common_snp|ABCC8|11:17469582:T:A|ALT	ABCC8	common_snp	ALT	intron
common_snp|ABCC8|11:17469652:G:T|REF	ABCC8	common_snp	REF	intron
common_snp|ABCC8|11:17469652:G:T|ALT	ABCC8	common_snp	ALT	intron
common_snp|ABCC8|11:17469789:T:G|REF	ABCC8	common_snp	REF	intron
common_snp|ABCC8|11:17469789:T:G|ALT	ABCC8	common_snp	ALT	intron
common_snp|ABCC8|11:17469839:A:T|REF	ABCC8	common_snp	REF	intron
common_snp|ABCC8|11:17469839:A:T|ALT	ABCC8	common_snp	ALT	intron
common_snp|ABCC8|11:17470024:C:T|REF	ABCC8	common_snp	REF	intron
common_snp|ABCC8|11:17470024:C:T|ALT	ABCC8	common_snp	ALT	intron
common_snp|ABCC8|11:17471117:T:C|REF	ABCC8	common_snp	REF	intron
common_snp|ABCC8|11:17471117:T:C|ALT	ABCC8	common_snp	ALT	intron
common_snp|ABCC8|11:17471635:A:G|REF	ABCC8	common_snp	REF	intron
common_snp|ABCC8|11:17471635:A:G|ALT	ABCC8	common_snp	ALT	intron
common_snp|ABCC8|11:17472277:T:C|REF	ABCC8	common_snp	REF	intron
common_snp|ABCC8|11:17472277:T:C|ALT	ABCC8	common_snp	ALT	intron
common_snp|ABCC8|11:17472515:A:T|REF	ABCC8	common_snp	REF	intron
common_snp|ABCC8|11:17472515:A:T|ALT	ABCC8	common_snp	ALT	intron
common_snp|ABCC8|11:17473504:A:G|REF	ABCC8	common_snp	REF	intron
common_snp|ABCC8|11:17473504:A:G|ALT	ABCC8	common_snp	ALT	intron
common_snp|ABCC8|11:17473633:G:A|REF	ABCC8	common_snp	REF	intron
common_snp|ABCC8|11:17473633:G:A|ALT	ABCC8	common_snp	ALT	intron
common_snp|ABCC8|11:17473883:G:T|REF	ABCC8	common_snp	REF	intron
common_snp|ABCC8|11:17473883:G:T|ALT	ABCC8	common_snp	ALT	intron
common_snp|ABCC8|11:17474426:G:A|REF	ABCC8	common_snp	REF	intron
common_snp|ABCC8|11:17474426:G:A|ALT	ABCC8	common_snp	ALT	intron
common_snp|ABCC8|11:17474969:A:G|REF	ABCC8	common_snp	REF	CDS
common_snp|ABCC8|11:17474969:A:G|ALT	ABCC8	common_snp	ALT	CDS
common_snp|ABCC8|11:17475417:T:C|REF	ABCC8	common_snp	REF	intron
common_snp|ABCC8|11:17475417:T:C|ALT	ABCC8	common_snp	ALT	intron
common_snp|ABCC8|11:17476247:C:G|REF	ABCC8	common_snp	REF	intron
common_snp|ABCC8|11:17476247:C:G|ALT	ABCC8	common_snp	ALT	intron
common_snp|ABCC8|11:17476510:G:A|REF	ABCC8	common_snp	REF	intron
common_snp|ABCC8|11:17476510:G:A|ALT	ABCC8	common_snp	ALT	intron
common_snp|RELA|11:65655120:C:T|REF	RELA	common_snp	REF	exon_nonCDS
common_snp|RELA|11:65655120:C:T|ALT	RELA	common_snp	ALT	exon_nonCDS
common_snp|RELA|11:65655382:A:C|REF	RELA	common_snp	REF	exon_nonCDS
common_snp|RELA|11:65655382:A:C|ALT	RELA	common_snp	ALT	exon_nonCDS
common_snp|RELA|11:65656459:C:T|REF	RELA	common_snp	REF	intron
common_snp|RELA|11:65656459:C:T|ALT	RELA	common_snp	ALT	intron
common_snp|RELA|11:65657696:C:G|REF	RELA	common_snp	REF	intron
common_snp|RELA|11:65657696:C:G|ALT	RELA	common_snp	ALT	intron
common_snp|RELA|11:65659875:G:A|REF	RELA	common_snp	REF	intron
common_snp|RELA|11:65659875:G:A|ALT	RELA	common_snp	ALT	intron
common_snp|RELA|11:65660707:C:T|REF	RELA	common_snp	REF	intron
common_snp|RELA|11:65660707:C:T|ALT	RELA	common_snp	ALT	intron
common_snp|RELA|11:65660831:G:T|REF	RELA	common_snp	REF	intron
common_snp|RELA|11:65660831:G:T|ALT	RELA	common_snp	ALT	intron
common_snp|RELA|11:65661235:T:C|REF	RELA	common_snp	REF	intron
common_snp|RELA|11:65661235:T:C|ALT	RELA	common_snp	ALT	intron
common_snp|RELA|11:65662465:T:C|REF	RELA	common_snp	REF	intron
common_snp|RELA|11:65662465:T:C|ALT	RELA	common_snp	ALT	intron
common_snp|COL2A1|12:47974046:G:A|REF	COL2A1	common_snp	REF	intron
common_snp|COL2A1|12:47974046:G:A|ALT	COL2A1	common_snp	ALT	intron
common_snp|COL2A1|12:47974193:C:T|REF	COL2A1	common_snp	REF	CDS
common_snp|COL2A1|12:47974193:C:T|ALT	COL2A1	common_snp	ALT	CDS
common_snp|COL2A1|12:47975110:C:T|REF	COL2A1	common_snp	REF	intron
common_snp|COL2A1|12:47975110:C:T|ALT	COL2A1	common_snp	ALT	intron
common_snp|COL2A1|12:47975206:A:C|REF	COL2A1	common_snp	REF	intron
common_snp|COL2A1|12:47975206:A:C|ALT	COL2A1	common_snp	ALT	intron
common_snp|COL2A1|12:47977812:G:A|REF	COL2A1	common_snp	REF	intron
common_snp|COL2A1|12:47977812:G:A|ALT	COL2A1	common_snp	ALT	intron
common_snp|COL2A1|12:47979398:A:G|REF	COL2A1	common_snp	REF	intron
common_snp|COL2A1|12:47979398:A:G|ALT	COL2A1	common_snp	ALT	intron
common_snp|COL2A1|12:47979787:G:T|REF	COL2A1	common_snp	REF	intron
common_snp|COL2A1|12:47979787:G:T|ALT	COL2A1	common_snp	ALT	intron
common_snp|COL2A1|12:47980833:T:C|REF	COL2A1	common_snp	REF	intron
common_snp|COL2A1|12:47980833:T:C|ALT	COL2A1	common_snp	ALT	intron
common_snp|COL2A1|12:47981043:T:G|REF	COL2A1	common_snp	REF	intron
common_snp|COL2A1|12:47981043:T:G|ALT	COL2A1	common_snp	ALT	intron
common_snp|COL2A1|12:47981692:C:G|REF	COL2A1	common_snp	REF	intron
common_snp|COL2A1|12:47981692:C:G|ALT	COL2A1	common_snp	ALT	intron
common_snp|COL2A1|12:47981785:A:G|REF	COL2A1	common_snp	REF	CDS
common_snp|COL2A1|12:47981785:A:G|ALT	COL2A1	common_snp	ALT	CDS
common_snp|COL2A1|12:47982182:C:T|REF	COL2A1	common_snp	REF	intron
common_snp|COL2A1|12:47982182:C:T|ALT	COL2A1	common_snp	ALT	intron
common_snp|COL2A1|12:47982192:A:G|REF	COL2A1	common_snp	REF	intron
common_snp|COL2A1|12:47982192:A:G|ALT	COL2A1	common_snp	ALT	intron
common_snp|COL2A1|12:47982354:G:A|REF	COL2A1	common_snp	REF	intron
common_snp|COL2A1|12:47982354:G:A|ALT	COL2A1	common_snp	ALT	intron
common_snp|COL2A1|12:47982430:G:A|REF	COL2A1	common_snp	REF	intron
common_snp|COL2A1|12:47982430:G:A|ALT	COL2A1	common_snp	ALT	intron
common_snp|COL2A1|12:47982508:G:A|REF	COL2A1	common_snp	REF	CDS
common_snp|COL2A1|12:47982508:G:A|ALT	COL2A1	common_snp	ALT	CDS
common_snp|COL2A1|12:47982664:A:G|REF	COL2A1	common_snp	REF	intron
common_snp|COL2A1|12:47982664:A:G|ALT	COL2A1	common_snp	ALT	intron
common_snp|COL2A1|12:47982720:C:T|REF	COL2A1	common_snp	REF	intron
common_snp|COL2A1|12:47982720:C:T|ALT	COL2A1	common_snp	ALT	intron
common_snp|COL2A1|12:47982747:C:A|REF	COL2A1	common_snp	REF	intron
common_snp|COL2A1|12:47982747:C:A|ALT	COL2A1	common_snp	ALT	intron
common_snp|COL2A1|12:47983186:C:A|REF	COL2A1	common_snp	REF	intron
common_snp|COL2A1|12:47983186:C:A|ALT	COL2A1	common_snp	ALT	intron
common_snp|COL2A1|12:47984187:A:G|REF	COL2A1	common_snp	REF	intron
common_snp|COL2A1|12:47984187:A:G|ALT	COL2A1	common_snp	ALT	intron
common_snp|COL2A1|12:47986027:G:A|REF	COL2A1	common_snp	REF	intron
common_snp|COL2A1|12:47986027:G:A|ALT	COL2A1	common_snp	ALT	intron
common_snp|COL2A1|12:47986073:T:C|REF	COL2A1	common_snp	REF	intron
common_snp|COL2A1|12:47986073:T:C|ALT	COL2A1	common_snp	ALT	intron
common_snp|COL2A1|12:47986178:A:C|REF	COL2A1	common_snp	REF	intron
common_snp|COL2A1|12:47986178:A:C|ALT	COL2A1	common_snp	ALT	intron
common_snp|COL2A1|12:47986181:A:G|REF	COL2A1	common_snp	REF	intron
common_snp|COL2A1|12:47986181:A:G|ALT	COL2A1	common_snp	ALT	intron
common_snp|COL2A1|12:47986248:A:G|REF	COL2A1	common_snp	REF	intron
common_snp|COL2A1|12:47986248:A:G|ALT	COL2A1	common_snp	ALT	intron
common_snp|COL2A1|12:47986899:G:A|REF	COL2A1	common_snp	REF	intron
common_snp|COL2A1|12:47986899:G:A|ALT	COL2A1	common_snp	ALT	intron
common_snp|COL2A1|12:47987973:G:C|REF	COL2A1	common_snp	REF	intron
common_snp|COL2A1|12:47987973:G:C|ALT	COL2A1	common_snp	ALT	intron
common_snp|COL2A1|12:47988499:A:C|REF	COL2A1	common_snp	REF	intron
common_snp|COL2A1|12:47988499:A:C|ALT	COL2A1	common_snp	ALT	intron
common_snp|COL2A1|12:47988694:G:T|REF	COL2A1	common_snp	REF	intron
common_snp|COL2A1|12:47988694:G:T|ALT	COL2A1	common_snp	ALT	intron
common_snp|COL2A1|12:47988790:G:C|REF	COL2A1	common_snp	REF	intron
common_snp|COL2A1|12:47988790:G:C|ALT	COL2A1	common_snp	ALT	intron
common_snp|COL2A1|12:47989452:A:G|REF	COL2A1	common_snp	REF	intron
common_snp|COL2A1|12:47989452:A:G|ALT	COL2A1	common_snp	ALT	intron
common_snp|COL2A1|12:47990014:G:T|REF	COL2A1	common_snp	REF	intron
common_snp|COL2A1|12:47990014:G:T|ALT	COL2A1	common_snp	ALT	intron
common_snp|COL2A1|12:47990031:G:A|REF	COL2A1	common_snp	REF	intron
common_snp|COL2A1|12:47990031:G:A|ALT	COL2A1	common_snp	ALT	intron
common_snp|COL2A1|12:47990170:T:A|REF	COL2A1	common_snp	REF	intron
common_snp|COL2A1|12:47990170:T:A|ALT	COL2A1	common_snp	ALT	intron
common_snp|COL2A1|12:47990339:T:C|REF	COL2A1	common_snp	REF	intron
common_snp|COL2A1|12:47990339:T:C|ALT	COL2A1	common_snp	ALT	intron
common_snp|COL2A1|12:47990653:C:T|REF	COL2A1	common_snp	REF	intron
common_snp|COL2A1|12:47990653:C:T|ALT	COL2A1	common_snp	ALT	intron
common_snp|COL2A1|12:47991161:A:T|REF	COL2A1	common_snp	REF	intron
common_snp|COL2A1|12:47991161:A:T|ALT	COL2A1	common_snp	ALT	intron
common_snp|COL2A1|12:47991793:A:G|REF	COL2A1	common_snp	REF	intron
common_snp|COL2A1|12:47991793:A:G|ALT	COL2A1	common_snp	ALT	intron
common_snp|COL2A1|12:47992162:A:G|REF	COL2A1	common_snp	REF	intron
common_snp|COL2A1|12:47992162:A:G|ALT	COL2A1	common_snp	ALT	intron
common_snp|COL2A1|12:47992277:T:C|REF	COL2A1	common_snp	REF	intron
common_snp|COL2A1|12:47992277:T:C|ALT	COL2A1	common_snp	ALT	intron
common_snp|COL2A1|12:47992458:A:G|REF	COL2A1	common_snp	REF	intron
common_snp|COL2A1|12:47992458:A:G|ALT	COL2A1	common_snp	ALT	intron
common_snp|COL2A1|12:47992770:A:G|REF	COL2A1	common_snp	REF	intron
common_snp|COL2A1|12:47992770:A:G|ALT	COL2A1	common_snp	ALT	intron
common_snp|COL2A1|12:47992794:G:T|REF	COL2A1	common_snp	REF	intron
common_snp|COL2A1|12:47992794:G:T|ALT	COL2A1	common_snp	ALT	intron
common_snp|COL2A1|12:47993136:A:G|REF	COL2A1	common_snp	REF	intron
common_snp|COL2A1|12:47993136:A:G|ALT	COL2A1	common_snp	ALT	intron
common_snp|COL2A1|12:47993242:T:A|REF	COL2A1	common_snp	REF	intron
common_snp|COL2A1|12:47993242:T:A|ALT	COL2A1	common_snp	ALT	intron
common_snp|COL2A1|12:47993269:A:C|REF	COL2A1	common_snp	REF	intron
common_snp|COL2A1|12:47993269:A:C|ALT	COL2A1	common_snp	ALT	intron
common_snp|COL2A1|12:47993274:G:C|REF	COL2A1	common_snp	REF	intron
common_snp|COL2A1|12:47993274:G:C|ALT	COL2A1	common_snp	ALT	intron
common_snp|COL2A1|12:47994829:T:C|REF	COL2A1	common_snp	REF	intron
common_snp|COL2A1|12:47994829:T:C|ALT	COL2A1	common_snp	ALT	intron
common_snp|COL2A1|12:47995047:C:T|REF	COL2A1	common_snp	REF	intron
common_snp|COL2A1|12:47995047:C:T|ALT	COL2A1	common_snp	ALT	intron
common_snp|COL2A1|12:47995073:A:C|REF	COL2A1	common_snp	REF	intron
common_snp|COL2A1|12:47995073:A:C|ALT	COL2A1	common_snp	ALT	intron
common_snp|COL2A1|12:47995240:C:T|REF	COL2A1	common_snp	REF	intron
common_snp|COL2A1|12:47995240:C:T|ALT	COL2A1	common_snp	ALT	intron
common_snp|COL2A1|12:47995462:C:T|REF	COL2A1	common_snp	REF	intron
common_snp|COL2A1|12:47995462:C:T|ALT	COL2A1	common_snp	ALT	intron
common_snp|COL2A1|12:47995550:C:G|REF	COL2A1	common_snp	REF	intron
common_snp|COL2A1|12:47995550:C:G|ALT	COL2A1	common_snp	ALT	intron
common_snp|COL2A1|12:47995860:A:C|REF	COL2A1	common_snp	REF	intron
common_snp|COL2A1|12:47995860:A:C|ALT	COL2A1	common_snp	ALT	intron
common_snp|COL2A1|12:47996802:T:A|REF	COL2A1	common_snp	REF	intron
common_snp|COL2A1|12:47996802:T:A|ALT	COL2A1	common_snp	ALT	intron
common_snp|COL2A1|12:47996939:A:G|REF	COL2A1	common_snp	REF	intron
common_snp|COL2A1|12:47996939:A:G|ALT	COL2A1	common_snp	ALT	intron
common_snp|COL2A1|12:47997056:T:G|REF	COL2A1	common_snp	REF	intron
common_snp|COL2A1|12:47997056:T:G|ALT	COL2A1	common_snp	ALT	intron
common_snp|COL2A1|12:47997272:G:A|REF	COL2A1	common_snp	REF	intron
common_snp|COL2A1|12:47997272:G:A|ALT	COL2A1	common_snp	ALT	intron
common_snp|COL2A1|12:47997311:C:T|REF	COL2A1	common_snp	REF	intron
common_snp|COL2A1|12:47997311:C:T|ALT	COL2A1	common_snp	ALT	intron
common_snp|COL2A1|12:47997344:C:T|REF	COL2A1	common_snp	REF	intron
common_snp|COL2A1|12:47997344:C:T|ALT	COL2A1	common_snp	ALT	intron
common_snp|COL2A1|12:47997633:G:T|REF	COL2A1	common_snp	REF	CDS
common_snp|COL2A1|12:47997633:G:T|ALT	COL2A1	common_snp	ALT	CDS
common_snp|COL2A1|12:47998650:A:G|REF	COL2A1	common_snp	REF	intron
common_snp|COL2A1|12:47998650:A:G|ALT	COL2A1	common_snp	ALT	intron
common_snp|COL2A1|12:47999041:C:G|REF	COL2A1	common_snp	REF	intron
common_snp|COL2A1|12:47999041:C:G|ALT	COL2A1	common_snp	ALT	intron
common_snp|COL2A1|12:47999131:C:G|REF	COL2A1	common_snp	REF	intron
common_snp|COL2A1|12:47999131:C:G|ALT	COL2A1	common_snp	ALT	intron
common_snp|COL2A1|12:47999315:G:A|REF	COL2A1	common_snp	REF	intron
common_snp|COL2A1|12:47999315:G:A|ALT	COL2A1	common_snp	ALT	intron
common_snp|COL2A1|12:47999323:G:T|REF	COL2A1	common_snp	REF	intron
common_snp|COL2A1|12:47999323:G:T|ALT	COL2A1	common_snp	ALT	intron
common_snp|COL2A1|12:47999354:C:T|REF	COL2A1	common_snp	REF	intron
common_snp|COL2A1|12:47999354:C:T|ALT	COL2A1	common_snp	ALT	intron
common_snp|COL2A1|12:47999537:G:A|REF	COL2A1	common_snp	REF	intron
common_snp|COL2A1|12:47999537:G:A|ALT	COL2A1	common_snp	ALT	intron
common_snp|COL2A1|12:47999661:C:T|REF	COL2A1	common_snp	REF	intron
common_snp|COL2A1|12:47999661:C:T|ALT	COL2A1	common_snp	ALT	intron
common_snp|COL2A1|12:47999743:G:A|REF	COL2A1	common_snp	REF	intron
common_snp|COL2A1|12:47999743:G:A|ALT	COL2A1	common_snp	ALT	intron
common_snp|COL2A1|12:48001040:G:T|REF	COL2A1	common_snp	REF	intron
common_snp|COL2A1|12:48001040:G:T|ALT	COL2A1	common_snp	ALT	intron
common_snp|COL2A1|12:48001319:T:G|REF	COL2A1	common_snp	REF	intron
common_snp|COL2A1|12:48001319:T:G|ALT	COL2A1	common_snp	ALT	intron
common_snp|COL2A1|12:48002117:C:T|REF	COL2A1	common_snp	REF	intron
common_snp|COL2A1|12:48002117:C:T|ALT	COL2A1	common_snp	ALT	intron
common_snp|COL2A1|12:48002427:C:T|REF	COL2A1	common_snp	REF	intron
common_snp|COL2A1|12:48002427:C:T|ALT	COL2A1	common_snp	ALT	intron
common_snp|COL2A1|12:48002581:G:C|REF	COL2A1	common_snp	REF	intron
common_snp|COL2A1|12:48002581:G:C|ALT	COL2A1	common_snp	ALT	intron
common_snp|COL2A1|12:48002667:G:T|REF	COL2A1	common_snp	REF	intron
common_snp|COL2A1|12:48002667:G:T|ALT	COL2A1	common_snp	ALT	intron
common_snp|COL2A1|12:48002722:G:T|REF	COL2A1	common_snp	REF	intron
common_snp|COL2A1|12:48002722:G:T|ALT	COL2A1	common_snp	ALT	intron
common_snp|COL2A1|12:48003002:C:T|REF	COL2A1	common_snp	REF	intron
common_snp|COL2A1|12:48003002:C:T|ALT	COL2A1	common_snp	ALT	intron
common_snp|COL2A1|12:48003137:G:T|REF	COL2A1	common_snp	REF	intron
common_snp|COL2A1|12:48003137:G:T|ALT	COL2A1	common_snp	ALT	intron
common_snp|COL2A1|12:48004219:G:C|REF	COL2A1	common_snp	REF	intron
common_snp|COL2A1|12:48004219:G:C|ALT	COL2A1	common_snp	ALT	intron
common_snp|COL2A1|12:48004297:T:A|REF	COL2A1	common_snp	REF	CDS
common_snp|COL2A1|12:48004297:T:A|ALT	COL2A1	common_snp	ALT	CDS
common_snp|COL2A1|12:48004440:G:A|REF	COL2A1	common_snp	REF	exon_nonCDS
common_snp|COL2A1|12:48004440:G:A|ALT	COL2A1	common_snp	ALT	exon_nonCDS
common_snp|SCN8A|12:51590565:T:C|REF	SCN8A	common_snp	REF	intron
common_snp|SCN8A|12:51590565:T:C|ALT	SCN8A	common_snp	ALT	intron
common_snp|SCN8A|12:51590852:C:A|REF	SCN8A	common_snp	REF	intron
common_snp|SCN8A|12:51590852:C:A|ALT	SCN8A	common_snp	ALT	intron
common_snp|SCN8A|12:51592766:C:T|REF	SCN8A	common_snp	REF	intron
common_snp|SCN8A|12:51592766:C:T|ALT	SCN8A	common_snp	ALT	intron
common_snp|SCN8A|12:51592964:T:A|REF	SCN8A	common_snp	REF	intron
common_snp|SCN8A|12:51592964:T:A|ALT	SCN8A	common_snp	ALT	intron
common_snp|SCN8A|12:51593555:T:A|REF	SCN8A	common_snp	REF	intron
common_snp|SCN8A|12:51593555:T:A|ALT	SCN8A	common_snp	ALT	intron
common_snp|SCN8A|12:51594077:A:G|REF	SCN8A	common_snp	REF	intron
common_snp|SCN8A|12:51594077:A:G|ALT	SCN8A	common_snp	ALT	intron
common_snp|SCN8A|12:51594734:A:C|REF	SCN8A	common_snp	REF	intron
common_snp|SCN8A|12:51594734:A:C|ALT	SCN8A	common_snp	ALT	intron
common_snp|SCN8A|12:51597548:C:T|REF	SCN8A	common_snp	REF	intron
common_snp|SCN8A|12:51597548:C:T|ALT	SCN8A	common_snp	ALT	intron
common_snp|SCN8A|12:51602773:T:G|REF	SCN8A	common_snp	REF	intron
common_snp|SCN8A|12:51602773:T:G|ALT	SCN8A	common_snp	ALT	intron
common_snp|SCN8A|12:51604906:A:G|REF	SCN8A	common_snp	REF	intron
common_snp|SCN8A|12:51604906:A:G|ALT	SCN8A	common_snp	ALT	intron
common_snp|SCN8A|12:51605010:A:C|REF	SCN8A	common_snp	REF	intron
common_snp|SCN8A|12:51605010:A:C|ALT	SCN8A	common_snp	ALT	intron
common_snp|SCN8A|12:51605044:C:G|REF	SCN8A	common_snp	REF	intron
common_snp|SCN8A|12:51605044:C:G|ALT	SCN8A	common_snp	ALT	intron
common_snp|SCN8A|12:51606908:T:A|REF	SCN8A	common_snp	REF	intron
common_snp|SCN8A|12:51606908:T:A|ALT	SCN8A	common_snp	ALT	intron
common_snp|SCN8A|12:51607075:G:T|REF	SCN8A	common_snp	REF	intron
common_snp|SCN8A|12:51607075:G:T|ALT	SCN8A	common_snp	ALT	intron
common_snp|SCN8A|12:51607674:G:A|REF	SCN8A	common_snp	REF	intron
common_snp|SCN8A|12:51607674:G:A|ALT	SCN8A	common_snp	ALT	intron
common_snp|SCN8A|12:51612991:A:G|REF	SCN8A	common_snp	REF	intron
common_snp|SCN8A|12:51612991:A:G|ALT	SCN8A	common_snp	ALT	intron
common_snp|SCN8A|12:51613219:A:G|REF	SCN8A	common_snp	REF	intron
common_snp|SCN8A|12:51613219:A:G|ALT	SCN8A	common_snp	ALT	intron
common_snp|SCN8A|12:51613676:G:A|REF	SCN8A	common_snp	REF	intron
common_snp|SCN8A|12:51613676:G:A|ALT	SCN8A	common_snp	ALT	intron
common_snp|SCN8A|12:51614495:T:G|REF	SCN8A	common_snp	REF	intron
common_snp|SCN8A|12:51614495:T:G|ALT	SCN8A	common_snp	ALT	intron
common_snp|SCN8A|12:51614768:T:G|REF	SCN8A	common_snp	REF	intron
common_snp|SCN8A|12:51614768:T:G|ALT	SCN8A	common_snp	ALT	intron
common_snp|SCN8A|12:51616534:C:G|REF	SCN8A	common_snp	REF	intron
common_snp|SCN8A|12:51616534:C:G|ALT	SCN8A	common_snp	ALT	intron
common_snp|SCN8A|12:51619749:A:G|REF	SCN8A	common_snp	REF	intron
common_snp|SCN8A|12:51619749:A:G|ALT	SCN8A	common_snp	ALT	intron
common_snp|SCN8A|12:51619799:G:T|REF	SCN8A	common_snp	REF	intron
common_snp|SCN8A|12:51619799:G:T|ALT	SCN8A	common_snp	ALT	intron
common_snp|SCN8A|12:51621184:G:A|REF	SCN8A	common_snp	REF	intron
common_snp|SCN8A|12:51621184:G:A|ALT	SCN8A	common_snp	ALT	intron
common_snp|SCN8A|12:51621979:A:G|REF	SCN8A	common_snp	REF	intron
common_snp|SCN8A|12:51621979:A:G|ALT	SCN8A	common_snp	ALT	intron
common_snp|SCN8A|12:51622393:T:C|REF	SCN8A	common_snp	REF	intron
common_snp|SCN8A|12:51622393:T:C|ALT	SCN8A	common_snp	ALT	intron
common_snp|SCN8A|12:51625375:C:T|REF	SCN8A	common_snp	REF	intron
common_snp|SCN8A|12:51625375:C:T|ALT	SCN8A	common_snp	ALT	intron
common_snp|SCN8A|12:51628112:A:G|REF	SCN8A	common_snp	REF	intron
common_snp|SCN8A|12:51628112:A:G|ALT	SCN8A	common_snp	ALT	intron
common_snp|SCN8A|12:51629035:G:T|REF	SCN8A	common_snp	REF	intron
common_snp|SCN8A|12:51629035:G:T|ALT	SCN8A	common_snp	ALT	intron
common_snp|SCN8A|12:51630385:G:A|REF	SCN8A	common_snp	REF	intron
common_snp|SCN8A|12:51630385:G:A|ALT	SCN8A	common_snp	ALT	intron
common_snp|SCN8A|12:51631150:T:C|REF	SCN8A	common_snp	REF	intron
common_snp|SCN8A|12:51631150:T:C|ALT	SCN8A	common_snp	ALT	intron
common_snp|SCN8A|12:51632567:C:T|REF	SCN8A	common_snp	REF	intron
common_snp|SCN8A|12:51632567:C:T|ALT	SCN8A	common_snp	ALT	intron
common_snp|SCN8A|12:51632760:T:C|REF	SCN8A	common_snp	REF	intron
common_snp|SCN8A|12:51632760:T:C|ALT	SCN8A	common_snp	ALT	intron
common_snp|SCN8A|12:51633420:A:T|REF	SCN8A	common_snp	REF	intron
common_snp|SCN8A|12:51633420:A:T|ALT	SCN8A	common_snp	ALT	intron
common_snp|SCN8A|12:51633641:T:C|REF	SCN8A	common_snp	REF	intron
common_snp|SCN8A|12:51633641:T:C|ALT	SCN8A	common_snp	ALT	intron
common_snp|SCN8A|12:51634254:T:C|REF	SCN8A	common_snp	REF	intron
common_snp|SCN8A|12:51634254:T:C|ALT	SCN8A	common_snp	ALT	intron
common_snp|SCN8A|12:51634657:A:T|REF	SCN8A	common_snp	REF	intron
common_snp|SCN8A|12:51634657:A:T|ALT	SCN8A	common_snp	ALT	intron
common_snp|SCN8A|12:51636590:G:T|REF	SCN8A	common_snp	REF	intron
common_snp|SCN8A|12:51636590:G:T|ALT	SCN8A	common_snp	ALT	intron
common_snp|SCN8A|12:51637315:G:A|REF	SCN8A	common_snp	REF	intron
common_snp|SCN8A|12:51637315:G:A|ALT	SCN8A	common_snp	ALT	intron
common_snp|SCN8A|12:51638951:A:G|REF	SCN8A	common_snp	REF	intron
common_snp|SCN8A|12:51638951:A:G|ALT	SCN8A	common_snp	ALT	intron
common_snp|SCN8A|12:51639234:C:T|REF	SCN8A	common_snp	REF	intron
common_snp|SCN8A|12:51639234:C:T|ALT	SCN8A	common_snp	ALT	intron
common_snp|SCN8A|12:51639294:C:A|REF	SCN8A	common_snp	REF	intron
common_snp|SCN8A|12:51639294:C:A|ALT	SCN8A	common_snp	ALT	intron
common_snp|SCN8A|12:51639463:G:A|REF	SCN8A	common_snp	REF	intron
common_snp|SCN8A|12:51639463:G:A|ALT	SCN8A	common_snp	ALT	intron
common_snp|SCN8A|12:51641864:C:A|REF	SCN8A	common_snp	REF	intron
common_snp|SCN8A|12:51641864:C:A|ALT	SCN8A	common_snp	ALT	intron
common_snp|SCN8A|12:51642078:G:A|REF	SCN8A	common_snp	REF	intron
common_snp|SCN8A|12:51642078:G:A|ALT	SCN8A	common_snp	ALT	intron
common_snp|SCN8A|12:51645009:C:A|REF	SCN8A	common_snp	REF	intron
common_snp|SCN8A|12:51645009:C:A|ALT	SCN8A	common_snp	ALT	intron
common_snp|SCN8A|12:51645476:C:T|REF	SCN8A	common_snp	REF	intron
common_snp|SCN8A|12:51645476:C:T|ALT	SCN8A	common_snp	ALT	intron
common_snp|SCN8A|12:51646598:T:A|REF	SCN8A	common_snp	REF	intron
common_snp|SCN8A|12:51646598:T:A|ALT	SCN8A	common_snp	ALT	intron
common_snp|SCN8A|12:51647073:G:C|REF	SCN8A	common_snp	REF	intron
common_snp|SCN8A|12:51647073:G:C|ALT	SCN8A	common_snp	ALT	intron
common_snp|SCN8A|12:51647088:A:G|REF	SCN8A	common_snp	REF	intron
common_snp|SCN8A|12:51647088:A:G|ALT	SCN8A	common_snp	ALT	intron
common_snp|SCN8A|12:51647434:G:T|REF	SCN8A	common_snp	REF	intron
common_snp|SCN8A|12:51647434:G:T|ALT	SCN8A	common_snp	ALT	intron
common_snp|SCN8A|12:51648358:C:T|REF	SCN8A	common_snp	REF	intron
common_snp|SCN8A|12:51648358:C:T|ALT	SCN8A	common_snp	ALT	intron
common_snp|SCN8A|12:51649573:G:T|REF	SCN8A	common_snp	REF	intron
common_snp|SCN8A|12:51649573:G:T|ALT	SCN8A	common_snp	ALT	intron
common_snp|SCN8A|12:51651447:T:C|REF	SCN8A	common_snp	REF	intron
common_snp|SCN8A|12:51651447:T:C|ALT	SCN8A	common_snp	ALT	intron
common_snp|SCN8A|12:51653522:A:G|REF	SCN8A	common_snp	REF	intron
common_snp|SCN8A|12:51653522:A:G|ALT	SCN8A	common_snp	ALT	intron
common_snp|SCN8A|12:51655737:C:T|REF	SCN8A	common_snp	REF	intron
common_snp|SCN8A|12:51655737:C:T|ALT	SCN8A	common_snp	ALT	intron
common_snp|SCN8A|12:51657207:G:A|REF	SCN8A	common_snp	REF	intron
common_snp|SCN8A|12:51657207:G:A|ALT	SCN8A	common_snp	ALT	intron
common_snp|SCN8A|12:51657346:T:C|REF	SCN8A	common_snp	REF	intron
common_snp|SCN8A|12:51657346:T:C|ALT	SCN8A	common_snp	ALT	intron
common_snp|SCN8A|12:51657663:T:G|REF	SCN8A	common_snp	REF	intron
common_snp|SCN8A|12:51657663:T:G|ALT	SCN8A	common_snp	ALT	intron
common_snp|SCN8A|12:51657767:C:T|REF	SCN8A	common_snp	REF	intron
common_snp|SCN8A|12:51657767:C:T|ALT	SCN8A	common_snp	ALT	intron
common_snp|SCN8A|12:51657952:T:C|REF	SCN8A	common_snp	REF	intron
common_snp|SCN8A|12:51657952:T:C|ALT	SCN8A	common_snp	ALT	intron
common_snp|SCN8A|12:51658428:A:G|REF	SCN8A	common_snp	REF	intron
common_snp|SCN8A|12:51658428:A:G|ALT	SCN8A	common_snp	ALT	intron
common_snp|SCN8A|12:51663876:C:T|REF	SCN8A	common_snp	REF	intron
common_snp|SCN8A|12:51663876:C:T|ALT	SCN8A	common_snp	ALT	intron
common_snp|SCN8A|12:51663930:A:G|REF	SCN8A	common_snp	REF	intron
common_snp|SCN8A|12:51663930:A:G|ALT	SCN8A	common_snp	ALT	intron
common_snp|SCN8A|12:51665829:T:C|REF	SCN8A	common_snp	REF	intron
common_snp|SCN8A|12:51665829:T:C|ALT	SCN8A	common_snp	ALT	intron
common_snp|SCN8A|12:51666575:C:T|REF	SCN8A	common_snp	REF	intron
common_snp|SCN8A|12:51666575:C:T|ALT	SCN8A	common_snp	ALT	intron
common_snp|SCN8A|12:51667370:A:G|REF	SCN8A	common_snp	REF	intron
common_snp|SCN8A|12:51667370:A:G|ALT	SCN8A	common_snp	ALT	intron
common_snp|SCN8A|12:51667981:T:C|REF	SCN8A	common_snp	REF	intron
common_snp|SCN8A|12:51667981:T:C|ALT	SCN8A	common_snp	ALT	intron
common_snp|SCN8A|12:51668304:A:G|REF	SCN8A	common_snp	REF	intron
common_snp|SCN8A|12:51668304:A:G|ALT	SCN8A	common_snp	ALT	intron
common_snp|SCN8A|12:51668880:G:A|REF	SCN8A	common_snp	REF	intron
common_snp|SCN8A|12:51668880:G:A|ALT	SCN8A	common_snp	ALT	intron
common_snp|SCN8A|12:51671578:A:G|REF	SCN8A	common_snp	REF	intron
common_snp|SCN8A|12:51671578:A:G|ALT	SCN8A	common_snp	ALT	intron
common_snp|SCN8A|12:51674212:A:G|REF	SCN8A	common_snp	REF	intron
common_snp|SCN8A|12:51674212:A:G|ALT	SCN8A	common_snp	ALT	intron
common_snp|SCN8A|12:51679747:A:G|REF	SCN8A	common_snp	REF	intron
common_snp|SCN8A|12:51679747:A:G|ALT	SCN8A	common_snp	ALT	intron
common_snp|SCN8A|12:51680178:C:T|REF	SCN8A	common_snp	REF	intron
common_snp|SCN8A|12:51680178:C:T|ALT	SCN8A	common_snp	ALT	intron
common_snp|SCN8A|12:51680788:A:G|REF	SCN8A	common_snp	REF	intron
common_snp|SCN8A|12:51680788:A:G|ALT	SCN8A	common_snp	ALT	intron
common_snp|SCN8A|12:51681049:T:C|REF	SCN8A	common_snp	REF	intron
common_snp|SCN8A|12:51681049:T:C|ALT	SCN8A	common_snp	ALT	intron
common_snp|SCN8A|12:51681413:G:A|REF	SCN8A	common_snp	REF	intron
common_snp|SCN8A|12:51681413:G:A|ALT	SCN8A	common_snp	ALT	intron
common_snp|SCN8A|12:51682924:C:T|REF	SCN8A	common_snp	REF	intron
common_snp|SCN8A|12:51682924:C:T|ALT	SCN8A	common_snp	ALT	intron
common_snp|SCN8A|12:51685140:G:T|REF	SCN8A	common_snp	REF	intron
common_snp|SCN8A|12:51685140:G:T|ALT	SCN8A	common_snp	ALT	intron
common_snp|SCN8A|12:51685722:A:C|REF	SCN8A	common_snp	REF	intron
common_snp|SCN8A|12:51685722:A:C|ALT	SCN8A	common_snp	ALT	intron
common_snp|SCN8A|12:51687181:C:T|REF	SCN8A	common_snp	REF	CDS
common_snp|SCN8A|12:51687181:C:T|ALT	SCN8A	common_snp	ALT	CDS
common_snp|SCN8A|12:51691082:C:T|REF	SCN8A	common_snp	REF	intron
common_snp|SCN8A|12:51691082:C:T|ALT	SCN8A	common_snp	ALT	intron
common_snp|SCN8A|12:51695473:A:G|REF	SCN8A	common_snp	REF	intron
common_snp|SCN8A|12:51695473:A:G|ALT	SCN8A	common_snp	ALT	intron
common_snp|SCN8A|12:51696589:G:T|REF	SCN8A	common_snp	REF	intron
common_snp|SCN8A|12:51696589:G:T|ALT	SCN8A	common_snp	ALT	intron
common_snp|SCN8A|12:51698146:T:G|REF	SCN8A	common_snp	REF	intron
common_snp|SCN8A|12:51698146:T:G|ALT	SCN8A	common_snp	ALT	intron
common_snp|SCN8A|12:51698207:C:A|REF	SCN8A	common_snp	REF	intron
common_snp|SCN8A|12:51698207:C:A|ALT	SCN8A	common_snp	ALT	intron
common_snp|SCN8A|12:51698280:A:G|REF	SCN8A	common_snp	REF	intron
common_snp|SCN8A|12:51698280:A:G|ALT	SCN8A	common_snp	ALT	intron
common_snp|SCN8A|12:51698295:T:C|REF	SCN8A	common_snp	REF	intron
common_snp|SCN8A|12:51698295:T:C|ALT	SCN8A	common_snp	ALT	intron
common_snp|SCN8A|12:51698742:G:C|REF	SCN8A	common_snp	REF	intron
common_snp|SCN8A|12:51698742:G:C|ALT	SCN8A	common_snp	ALT	intron
common_snp|SCN8A|12:51699024:A:G|REF	SCN8A	common_snp	REF	intron
common_snp|SCN8A|12:51699024:A:G|ALT	SCN8A	common_snp	ALT	intron
common_snp|SCN8A|12:51700182:C:A|REF	SCN8A	common_snp	REF	intron
common_snp|SCN8A|12:51700182:C:A|ALT	SCN8A	common_snp	ALT	intron
common_snp|SCN8A|12:51700183:A:C|REF	SCN8A	common_snp	REF	intron
common_snp|SCN8A|12:51700183:A:C|ALT	SCN8A	common_snp	ALT	intron
common_snp|SCN8A|12:51700731:A:G|REF	SCN8A	common_snp	REF	intron
common_snp|SCN8A|12:51700731:A:G|ALT	SCN8A	common_snp	ALT	intron
common_snp|SCN8A|12:51701586:G:A|REF	SCN8A	common_snp	REF	intron
common_snp|SCN8A|12:51701586:G:A|ALT	SCN8A	common_snp	ALT	intron
common_snp|SCN8A|12:51701773:A:G|REF	SCN8A	common_snp	REF	intron
common_snp|SCN8A|12:51701773:A:G|ALT	SCN8A	common_snp	ALT	intron
common_snp|SCN8A|12:51702024:T:C|REF	SCN8A	common_snp	REF	intron
common_snp|SCN8A|12:51702024:T:C|ALT	SCN8A	common_snp	ALT	intron
common_snp|SCN8A|12:51702358:G:A|REF	SCN8A	common_snp	REF	intron
common_snp|SCN8A|12:51702358:G:A|ALT	SCN8A	common_snp	ALT	intron
common_snp|SCN8A|12:51704249:C:T|REF	SCN8A	common_snp	REF	intron
common_snp|SCN8A|12:51704249:C:T|ALT	SCN8A	common_snp	ALT	intron
common_snp|SCN8A|12:51705369:C:T|REF	SCN8A	common_snp	REF	intron
common_snp|SCN8A|12:51705369:C:T|ALT	SCN8A	common_snp	ALT	intron
common_snp|SCN8A|12:51706782:G:A|REF	SCN8A	common_snp	REF	intron
common_snp|SCN8A|12:51706782:G:A|ALT	SCN8A	common_snp	ALT	intron
common_snp|SCN8A|12:51707865:G:A|REF	SCN8A	common_snp	REF	intron
common_snp|SCN8A|12:51707865:G:A|ALT	SCN8A	common_snp	ALT	intron
common_snp|SCN8A|12:51707885:G:A|REF	SCN8A	common_snp	REF	intron
common_snp|SCN8A|12:51707885:G:A|ALT	SCN8A	common_snp	ALT	intron
common_snp|SCN8A|12:51709290:G:A|REF	SCN8A	common_snp	REF	intron
common_snp|SCN8A|12:51709290:G:A|ALT	SCN8A	common_snp	ALT	intron
common_snp|SCN8A|12:51709637:G:T|REF	SCN8A	common_snp	REF	intron
common_snp|SCN8A|12:51709637:G:T|ALT	SCN8A	common_snp	ALT	intron
common_snp|SCN8A|12:51709923:C:G|REF	SCN8A	common_snp	REF	intron
common_snp|SCN8A|12:51709923:C:G|ALT	SCN8A	common_snp	ALT	intron
common_snp|SCN8A|12:51710670:G:A|REF	SCN8A	common_snp	REF	intron
common_snp|SCN8A|12:51710670:G:A|ALT	SCN8A	common_snp	ALT	intron
common_snp|SCN8A|12:51713076:A:G|REF	SCN8A	common_snp	REF	exon_nonCDS
common_snp|SCN8A|12:51713076:A:G|ALT	SCN8A	common_snp	ALT	exon_nonCDS
common_snp|SCN8A|12:51713592:T:C|REF	SCN8A	common_snp	REF	exon_nonCDS
common_snp|SCN8A|12:51713592:T:C|ALT	SCN8A	common_snp	ALT	exon_nonCDS
common_snp|SCN8A|12:51714246:C:T|REF	SCN8A	common_snp	REF	intron
common_snp|SCN8A|12:51714246:C:T|ALT	SCN8A	common_snp	ALT	intron
common_snp|SCN8A|12:51714465:A:G|REF	SCN8A	common_snp	REF	intron
common_snp|SCN8A|12:51714465:A:G|ALT	SCN8A	common_snp	ALT	intron
common_snp|SCN8A|12:51714914:A:G|REF	SCN8A	common_snp	REF	intron
common_snp|SCN8A|12:51714914:A:G|ALT	SCN8A	common_snp	ALT	intron
common_snp|SCN8A|12:51715043:G:T|REF	SCN8A	common_snp	REF	intron
common_snp|SCN8A|12:51715043:G:T|ALT	SCN8A	common_snp	ALT	intron
common_snp|SCN8A|12:51715645:A:G|REF	SCN8A	common_snp	REF	intron
common_snp|SCN8A|12:51715645:A:G|ALT	SCN8A	common_snp	ALT	intron
common_snp|SCN8A|12:51717373:C:T|REF	SCN8A	common_snp	REF	intron
common_snp|SCN8A|12:51717373:C:T|ALT	SCN8A	common_snp	ALT	intron
common_snp|SCN8A|12:51719040:A:T|REF	SCN8A	common_snp	REF	intron
common_snp|SCN8A|12:51719040:A:T|ALT	SCN8A	common_snp	ALT	intron
common_snp|SCN8A|12:51719301:A:G|REF	SCN8A	common_snp	REF	intron
common_snp|SCN8A|12:51719301:A:G|ALT	SCN8A	common_snp	ALT	intron
common_snp|SCN8A|12:51719558:G:A|REF	SCN8A	common_snp	REF	intron
common_snp|SCN8A|12:51719558:G:A|ALT	SCN8A	common_snp	ALT	intron
common_snp|SCN8A|12:51719803:G:A|REF	SCN8A	common_snp	REF	intron
common_snp|SCN8A|12:51719803:G:A|ALT	SCN8A	common_snp	ALT	intron
common_snp|SCN8A|12:51720159:A:G|REF	SCN8A	common_snp	REF	intron
common_snp|SCN8A|12:51720159:A:G|ALT	SCN8A	common_snp	ALT	intron
common_snp|SCN8A|12:51722702:T:G|REF	SCN8A	common_snp	REF	exon_nonCDS
common_snp|SCN8A|12:51722702:T:G|ALT	SCN8A	common_snp	ALT	exon_nonCDS
common_snp|SCN8A|12:51725848:T:G|REF	SCN8A	common_snp	REF	intron
common_snp|SCN8A|12:51725848:T:G|ALT	SCN8A	common_snp	ALT	intron
common_snp|SCN8A|12:51726479:C:T|REF	SCN8A	common_snp	REF	intron
common_snp|SCN8A|12:51726479:C:T|ALT	SCN8A	common_snp	ALT	intron
common_snp|SCN8A|12:51727418:C:A|REF	SCN8A	common_snp	REF	intron
common_snp|SCN8A|12:51727418:C:A|ALT	SCN8A	common_snp	ALT	intron
common_snp|SCN8A|12:51730007:A:G|REF	SCN8A	common_snp	REF	intron
common_snp|SCN8A|12:51730007:A:G|ALT	SCN8A	common_snp	ALT	intron
common_snp|SCN8A|12:51730934:C:A|REF	SCN8A	common_snp	REF	intron
common_snp|SCN8A|12:51730934:C:A|ALT	SCN8A	common_snp	ALT	intron
common_snp|SCN8A|12:51733035:G:A|REF	SCN8A	common_snp	REF	intron
common_snp|SCN8A|12:51733035:G:A|ALT	SCN8A	common_snp	ALT	intron
common_snp|SCN8A|12:51733079:C:T|REF	SCN8A	common_snp	REF	intron
common_snp|SCN8A|12:51733079:C:T|ALT	SCN8A	common_snp	ALT	intron
common_snp|SCN8A|12:51733485:G:A|REF	SCN8A	common_snp	REF	intron
common_snp|SCN8A|12:51733485:G:A|ALT	SCN8A	common_snp	ALT	intron
common_snp|SCN8A|12:51734277:G:A|REF	SCN8A	common_snp	REF	intron
common_snp|SCN8A|12:51734277:G:A|ALT	SCN8A	common_snp	ALT	intron
common_snp|SCN8A|12:51734320:A:G|REF	SCN8A	common_snp	REF	intron
common_snp|SCN8A|12:51734320:A:G|ALT	SCN8A	common_snp	ALT	intron
common_snp|SCN8A|12:51734379:A:G|REF	SCN8A	common_snp	REF	intron
common_snp|SCN8A|12:51734379:A:G|ALT	SCN8A	common_snp	ALT	intron
common_snp|SCN8A|12:51734918:G:A|REF	SCN8A	common_snp	REF	intron
common_snp|SCN8A|12:51734918:G:A|ALT	SCN8A	common_snp	ALT	intron
common_snp|SCN8A|12:51735879:A:G|REF	SCN8A	common_snp	REF	intron
common_snp|SCN8A|12:51735879:A:G|ALT	SCN8A	common_snp	ALT	intron
common_snp|SCN8A|12:51737363:G:A|REF	SCN8A	common_snp	REF	intron
common_snp|SCN8A|12:51737363:G:A|ALT	SCN8A	common_snp	ALT	intron
common_snp|SCN8A|12:51737401:T:C|REF	SCN8A	common_snp	REF	intron
common_snp|SCN8A|12:51737401:T:C|ALT	SCN8A	common_snp	ALT	intron
common_snp|SCN8A|12:51738401:G:A|REF	SCN8A	common_snp	REF	intron
common_snp|SCN8A|12:51738401:G:A|ALT	SCN8A	common_snp	ALT	intron
common_snp|SCN8A|12:51738505:A:G|REF	SCN8A	common_snp	REF	intron
common_snp|SCN8A|12:51738505:A:G|ALT	SCN8A	common_snp	ALT	intron
common_snp|SCN8A|12:51739132:T:C|REF	SCN8A	common_snp	REF	intron
common_snp|SCN8A|12:51739132:T:C|ALT	SCN8A	common_snp	ALT	intron
common_snp|SCN8A|12:51739375:T:C|REF	SCN8A	common_snp	REF	intron
common_snp|SCN8A|12:51739375:T:C|ALT	SCN8A	common_snp	ALT	intron
common_snp|SCN8A|12:51739628:G:A|REF	SCN8A	common_snp	REF	intron
common_snp|SCN8A|12:51739628:G:A|ALT	SCN8A	common_snp	ALT	intron
common_snp|SCN8A|12:51739773:G:A|REF	SCN8A	common_snp	REF	intron
common_snp|SCN8A|12:51739773:G:A|ALT	SCN8A	common_snp	ALT	intron
common_snp|SCN8A|12:51739905:G:A|REF	SCN8A	common_snp	REF	intron
common_snp|SCN8A|12:51739905:G:A|ALT	SCN8A	common_snp	ALT	intron
common_snp|SCN8A|12:51741779:C:T|REF	SCN8A	common_snp	REF	intron
common_snp|SCN8A|12:51741779:C:T|ALT	SCN8A	common_snp	ALT	intron
common_snp|SCN8A|12:51741892:C:T|REF	SCN8A	common_snp	REF	intron
common_snp|SCN8A|12:51741892:C:T|ALT	SCN8A	common_snp	ALT	intron
common_snp|SCN8A|12:51742247:A:G|REF	SCN8A	common_snp	REF	intron
common_snp|SCN8A|12:51742247:A:G|ALT	SCN8A	common_snp	ALT	intron
common_snp|SCN8A|12:51742808:C:T|REF	SCN8A	common_snp	REF	intron
common_snp|SCN8A|12:51742808:C:T|ALT	SCN8A	common_snp	ALT	intron
common_snp|SCN8A|12:51743686:G:A|REF	SCN8A	common_snp	REF	intron
common_snp|SCN8A|12:51743686:G:A|ALT	SCN8A	common_snp	ALT	intron
common_snp|SCN8A|12:51743789:G:T|REF	SCN8A	common_snp	REF	intron
common_snp|SCN8A|12:51743789:G:T|ALT	SCN8A	common_snp	ALT	intron
common_snp|SCN8A|12:51747089:A:G|REF	SCN8A	common_snp	REF	intron
common_snp|SCN8A|12:51747089:A:G|ALT	SCN8A	common_snp	ALT	intron
common_snp|SCN8A|12:51750288:T:C|REF	SCN8A	common_snp	REF	intron
common_snp|SCN8A|12:51750288:T:C|ALT	SCN8A	common_snp	ALT	intron
common_snp|SCN8A|12:51750944:G:A|REF	SCN8A	common_snp	REF	intron
common_snp|SCN8A|12:51750944:G:A|ALT	SCN8A	common_snp	ALT	intron
common_snp|SCN8A|12:51752184:C:T|REF	SCN8A	common_snp	REF	intron
common_snp|SCN8A|12:51752184:C:T|ALT	SCN8A	common_snp	ALT	intron
common_snp|SCN8A|12:51752838:T:C|REF	SCN8A	common_snp	REF	intron
common_snp|SCN8A|12:51752838:T:C|ALT	SCN8A	common_snp	ALT	intron
common_snp|SCN8A|12:51754412:A:G|REF	SCN8A	common_snp	REF	intron
common_snp|SCN8A|12:51754412:A:G|ALT	SCN8A	common_snp	ALT	intron
common_snp|SCN8A|12:51754853:C:T|REF	SCN8A	common_snp	REF	intron
common_snp|SCN8A|12:51754853:C:T|ALT	SCN8A	common_snp	ALT	intron
common_snp|SCN8A|12:51755216:A:G|REF	SCN8A	common_snp	REF	intron
common_snp|SCN8A|12:51755216:A:G|ALT	SCN8A	common_snp	ALT	intron
common_snp|SCN8A|12:51755627:C:G|REF	SCN8A	common_snp	REF	intron
common_snp|SCN8A|12:51755627:C:G|ALT	SCN8A	common_snp	ALT	intron
common_snp|SCN8A|12:51755628:T:A|REF	SCN8A	common_snp	REF	intron
common_snp|SCN8A|12:51755628:T:A|ALT	SCN8A	common_snp	ALT	intron
common_snp|SCN8A|12:51755860:A:G|REF	SCN8A	common_snp	REF	intron
common_snp|SCN8A|12:51755860:A:G|ALT	SCN8A	common_snp	ALT	intron
common_snp|SCN8A|12:51756082:G:A|REF	SCN8A	common_snp	REF	intron
common_snp|SCN8A|12:51756082:G:A|ALT	SCN8A	common_snp	ALT	intron
common_snp|SCN8A|12:51758032:C:T|REF	SCN8A	common_snp	REF	intron
common_snp|SCN8A|12:51758032:C:T|ALT	SCN8A	common_snp	ALT	intron
common_snp|SCN8A|12:51758280:C:G|REF	SCN8A	common_snp	REF	intron
common_snp|SCN8A|12:51758280:C:G|ALT	SCN8A	common_snp	ALT	intron
common_snp|SCN8A|12:51758408:G:A|REF	SCN8A	common_snp	REF	intron
common_snp|SCN8A|12:51758408:G:A|ALT	SCN8A	common_snp	ALT	intron
common_snp|SCN8A|12:51758541:G:A|REF	SCN8A	common_snp	REF	intron
common_snp|SCN8A|12:51758541:G:A|ALT	SCN8A	common_snp	ALT	intron
common_snp|SCN8A|12:51758731:C:G|REF	SCN8A	common_snp	REF	intron
common_snp|SCN8A|12:51758731:C:G|ALT	SCN8A	common_snp	ALT	intron
common_snp|SCN8A|12:51758984:A:G|REF	SCN8A	common_snp	REF	intron
common_snp|SCN8A|12:51758984:A:G|ALT	SCN8A	common_snp	ALT	intron
common_snp|SCN8A|12:51760788:T:C|REF	SCN8A	common_snp	REF	intron
common_snp|SCN8A|12:51760788:T:C|ALT	SCN8A	common_snp	ALT	intron
common_snp|SCN8A|12:51762471:A:C|REF	SCN8A	common_snp	REF	intron
common_snp|SCN8A|12:51762471:A:C|ALT	SCN8A	common_snp	ALT	intron
common_snp|SCN8A|12:51763440:C:T|REF	SCN8A	common_snp	REF	intron
common_snp|SCN8A|12:51763440:C:T|ALT	SCN8A	common_snp	ALT	intron
common_snp|SCN8A|12:51764165:A:C|REF	SCN8A	common_snp	REF	intron
common_snp|SCN8A|12:51764165:A:C|ALT	SCN8A	common_snp	ALT	intron
common_snp|SCN8A|12:51764657:A:G|REF	SCN8A	common_snp	REF	intron
common_snp|SCN8A|12:51764657:A:G|ALT	SCN8A	common_snp	ALT	intron
common_snp|SCN8A|12:51767116:A:G|REF	SCN8A	common_snp	REF	intron
common_snp|SCN8A|12:51767116:A:G|ALT	SCN8A	common_snp	ALT	intron
common_snp|SCN8A|12:51767630:A:T|REF	SCN8A	common_snp	REF	intron
common_snp|SCN8A|12:51767630:A:T|ALT	SCN8A	common_snp	ALT	intron
common_snp|SCN8A|12:51769464:A:G|REF	SCN8A	common_snp	REF	intron
common_snp|SCN8A|12:51769464:A:G|ALT	SCN8A	common_snp	ALT	intron
common_snp|SCN8A|12:51769538:G:C|REF	SCN8A	common_snp	REF	intron
common_snp|SCN8A|12:51769538:G:C|ALT	SCN8A	common_snp	ALT	intron
common_snp|SCN8A|12:51770005:G:A|REF	SCN8A	common_snp	REF	intron
common_snp|SCN8A|12:51770005:G:A|ALT	SCN8A	common_snp	ALT	intron
common_snp|SCN8A|12:51770243:G:A|REF	SCN8A	common_snp	REF	intron
common_snp|SCN8A|12:51770243:G:A|ALT	SCN8A	common_snp	ALT	intron
common_snp|SCN8A|12:51771900:G:A|REF	SCN8A	common_snp	REF	intron
common_snp|SCN8A|12:51771900:G:A|ALT	SCN8A	common_snp	ALT	intron
common_snp|SCN8A|12:51771929:A:G|REF	SCN8A	common_snp	REF	intron
common_snp|SCN8A|12:51771929:A:G|ALT	SCN8A	common_snp	ALT	intron
common_snp|SCN8A|12:51772719:A:G|REF	SCN8A	common_snp	REF	intron
common_snp|SCN8A|12:51772719:A:G|ALT	SCN8A	common_snp	ALT	intron
common_snp|SCN8A|12:51772746:T:C|REF	SCN8A	common_snp	REF	intron
common_snp|SCN8A|12:51772746:T:C|ALT	SCN8A	common_snp	ALT	intron
common_snp|SCN8A|12:51772849:T:G|REF	SCN8A	common_snp	REF	intron
common_snp|SCN8A|12:51772849:T:G|ALT	SCN8A	common_snp	ALT	intron
common_snp|SCN8A|12:51772924:A:G|REF	SCN8A	common_snp	REF	intron
common_snp|SCN8A|12:51772924:A:G|ALT	SCN8A	common_snp	ALT	intron
common_snp|SCN8A|12:51773112:G:A|REF	SCN8A	common_snp	REF	intron
common_snp|SCN8A|12:51773112:G:A|ALT	SCN8A	common_snp	ALT	intron
common_snp|SCN8A|12:51774913:G:A|REF	SCN8A	common_snp	REF	intron
common_snp|SCN8A|12:51774913:G:A|ALT	SCN8A	common_snp	ALT	intron
common_snp|SCN8A|12:51775359:T:C|REF	SCN8A	common_snp	REF	intron
common_snp|SCN8A|12:51775359:T:C|ALT	SCN8A	common_snp	ALT	intron
common_snp|SCN8A|12:51775613:C:T|REF	SCN8A	common_snp	REF	intron
common_snp|SCN8A|12:51775613:C:T|ALT	SCN8A	common_snp	ALT	intron
common_snp|SCN8A|12:51775647:A:G|REF	SCN8A	common_snp	REF	intron
common_snp|SCN8A|12:51775647:A:G|ALT	SCN8A	common_snp	ALT	intron
common_snp|SCN8A|12:51777542:G:T|REF	SCN8A	common_snp	REF	intron
common_snp|SCN8A|12:51777542:G:T|ALT	SCN8A	common_snp	ALT	intron
common_snp|SCN8A|12:51778488:C:T|REF	SCN8A	common_snp	REF	intron
common_snp|SCN8A|12:51778488:C:T|ALT	SCN8A	common_snp	ALT	intron
common_snp|SCN8A|12:51779066:T:C|REF	SCN8A	common_snp	REF	intron
common_snp|SCN8A|12:51779066:T:C|ALT	SCN8A	common_snp	ALT	intron
common_snp|SCN8A|12:51779155:A:G|REF	SCN8A	common_snp	REF	intron
common_snp|SCN8A|12:51779155:A:G|ALT	SCN8A	common_snp	ALT	intron
common_snp|SCN8A|12:51779543:T:C|REF	SCN8A	common_snp	REF	intron
common_snp|SCN8A|12:51779543:T:C|ALT	SCN8A	common_snp	ALT	intron
common_snp|SCN8A|12:51779917:T:A|REF	SCN8A	common_snp	REF	intron
common_snp|SCN8A|12:51779917:T:A|ALT	SCN8A	common_snp	ALT	intron
common_snp|SCN8A|12:51780447:A:G|REF	SCN8A	common_snp	REF	intron
common_snp|SCN8A|12:51780447:A:G|ALT	SCN8A	common_snp	ALT	intron
common_snp|SCN8A|12:51780517:G:T|REF	SCN8A	common_snp	REF	intron
common_snp|SCN8A|12:51780517:G:T|ALT	SCN8A	common_snp	ALT	intron
common_snp|SCN8A|12:51782451:A:G|REF	SCN8A	common_snp	REF	intron
common_snp|SCN8A|12:51782451:A:G|ALT	SCN8A	common_snp	ALT	intron
common_snp|SCN8A|12:51782682:C:G|REF	SCN8A	common_snp	REF	intron
common_snp|SCN8A|12:51782682:C:G|ALT	SCN8A	common_snp	ALT	intron
common_snp|SCN8A|12:51783856:T:C|REF	SCN8A	common_snp	REF	intron
common_snp|SCN8A|12:51783856:T:C|ALT	SCN8A	common_snp	ALT	intron
common_snp|SCN8A|12:51784352:T:C|REF	SCN8A	common_snp	REF	intron
common_snp|SCN8A|12:51784352:T:C|ALT	SCN8A	common_snp	ALT	intron
common_snp|SCN8A|12:51785839:G:A|REF	SCN8A	common_snp	REF	intron
common_snp|SCN8A|12:51785839:G:A|ALT	SCN8A	common_snp	ALT	intron
common_snp|SCN8A|12:51786334:G:A|REF	SCN8A	common_snp	REF	intron
common_snp|SCN8A|12:51786334:G:A|ALT	SCN8A	common_snp	ALT	intron
common_snp|SCN8A|12:51787414:C:G|REF	SCN8A	common_snp	REF	intron
common_snp|SCN8A|12:51787414:C:G|ALT	SCN8A	common_snp	ALT	intron
common_snp|SCN8A|12:51788268:A:G|REF	SCN8A	common_snp	REF	intron
common_snp|SCN8A|12:51788268:A:G|ALT	SCN8A	common_snp	ALT	intron
common_snp|SCN8A|12:51788668:C:T|REF	SCN8A	common_snp	REF	intron
common_snp|SCN8A|12:51788668:C:T|ALT	SCN8A	common_snp	ALT	intron
common_snp|SCN8A|12:51788761:A:G|REF	SCN8A	common_snp	REF	intron
common_snp|SCN8A|12:51788761:A:G|ALT	SCN8A	common_snp	ALT	intron
common_snp|SCN8A|12:51789701:C:T|REF	SCN8A	common_snp	REF	intron
common_snp|SCN8A|12:51789701:C:T|ALT	SCN8A	common_snp	ALT	intron
common_snp|SCN8A|12:51790487:T:C|REF	SCN8A	common_snp	REF	CDS
common_snp|SCN8A|12:51790487:T:C|ALT	SCN8A	common_snp	ALT	CDS
common_snp|SCN8A|12:51790558:A:G|REF	SCN8A	common_snp	REF	intron
common_snp|SCN8A|12:51790558:A:G|ALT	SCN8A	common_snp	ALT	intron
common_snp|SCN8A|12:51790756:T:C|REF	SCN8A	common_snp	REF	intron
common_snp|SCN8A|12:51790756:T:C|ALT	SCN8A	common_snp	ALT	intron
common_snp|SCN8A|12:51790801:G:A|REF	SCN8A	common_snp	REF	intron
common_snp|SCN8A|12:51790801:G:A|ALT	SCN8A	common_snp	ALT	intron
common_snp|SCN8A|12:51790993:G:C|REF	SCN8A	common_snp	REF	intron
common_snp|SCN8A|12:51790993:G:C|ALT	SCN8A	common_snp	ALT	intron
common_snp|SCN8A|12:51792038:G:A|REF	SCN8A	common_snp	REF	intron
common_snp|SCN8A|12:51792038:G:A|ALT	SCN8A	common_snp	ALT	intron
common_snp|SCN8A|12:51792593:G:A|REF	SCN8A	common_snp	REF	intron
common_snp|SCN8A|12:51792593:G:A|ALT	SCN8A	common_snp	ALT	intron
common_snp|SCN8A|12:51793144:T:G|REF	SCN8A	common_snp	REF	intron
common_snp|SCN8A|12:51793144:T:G|ALT	SCN8A	common_snp	ALT	intron
common_snp|SCN8A|12:51795782:G:A|REF	SCN8A	common_snp	REF	intron
common_snp|SCN8A|12:51795782:G:A|ALT	SCN8A	common_snp	ALT	intron
common_snp|SCN8A|12:51795917:C:T|REF	SCN8A	common_snp	REF	intron
common_snp|SCN8A|12:51795917:C:T|ALT	SCN8A	common_snp	ALT	intron
common_snp|SCN8A|12:51795969:C:T|REF	SCN8A	common_snp	REF	intron
common_snp|SCN8A|12:51795969:C:T|ALT	SCN8A	common_snp	ALT	intron
common_snp|SCN8A|12:51796869:A:G|REF	SCN8A	common_snp	REF	intron
common_snp|SCN8A|12:51796869:A:G|ALT	SCN8A	common_snp	ALT	intron
common_snp|SCN8A|12:51799831:C:T|REF	SCN8A	common_snp	REF	intron
common_snp|SCN8A|12:51799831:C:T|ALT	SCN8A	common_snp	ALT	intron
common_snp|SCN8A|12:51800099:G:A|REF	SCN8A	common_snp	REF	intron
common_snp|SCN8A|12:51800099:G:A|ALT	SCN8A	common_snp	ALT	intron
common_snp|SCN8A|12:51800698:T:C|REF	SCN8A	common_snp	REF	intron
common_snp|SCN8A|12:51800698:T:C|ALT	SCN8A	common_snp	ALT	intron
common_snp|SCN8A|12:51802548:C:T|REF	SCN8A	common_snp	REF	intron
common_snp|SCN8A|12:51802548:C:T|ALT	SCN8A	common_snp	ALT	intron
common_snp|SCN8A|12:51803276:G:A|REF	SCN8A	common_snp	REF	intron
common_snp|SCN8A|12:51803276:G:A|ALT	SCN8A	common_snp	ALT	intron
common_snp|SCN8A|12:51804328:T:A|REF	SCN8A	common_snp	REF	intron
common_snp|SCN8A|12:51804328:T:A|ALT	SCN8A	common_snp	ALT	intron
common_snp|SCN8A|12:51804894:A:G|REF	SCN8A	common_snp	REF	intron
common_snp|SCN8A|12:51804894:A:G|ALT	SCN8A	common_snp	ALT	intron
common_snp|SCN8A|12:51806244:C:A|REF	SCN8A	common_snp	REF	intron
common_snp|SCN8A|12:51806244:C:A|ALT	SCN8A	common_snp	ALT	intron
common_snp|SCN8A|12:51806958:C:A|REF	SCN8A	common_snp	REF	CDS
common_snp|SCN8A|12:51806958:C:A|ALT	SCN8A	common_snp	ALT	CDS
common_snp|SCN8A|12:51808240:T:C|REF	SCN8A	common_snp	REF	exon_nonCDS
common_snp|SCN8A|12:51808240:T:C|ALT	SCN8A	common_snp	ALT	exon_nonCDS
common_snp|SCN8A|12:51810462:T:C|REF	SCN8A	common_snp	REF	exon_nonCDS
common_snp|SCN8A|12:51810462:T:C|ALT	SCN8A	common_snp	ALT	exon_nonCDS
common_snp|SCN8A|12:51811804:G:A|REF	SCN8A	common_snp	REF	exon_nonCDS
common_snp|SCN8A|12:51811804:G:A|ALT	SCN8A	common_snp	ALT	exon_nonCDS
common_snp|AKT1|14:104771343:G:C|REF	AKT1	common_snp	REF	intron
common_snp|AKT1|14:104771343:G:C|ALT	AKT1	common_snp	ALT	intron
common_snp|AKT1|14:104772267:C:T|REF	AKT1	common_snp	REF	intron
common_snp|AKT1|14:104772267:C:T|ALT	AKT1	common_snp	ALT	intron
common_snp|AKT1|14:104772809:C:G|REF	AKT1	common_snp	REF	intron
common_snp|AKT1|14:104772809:C:G|ALT	AKT1	common_snp	ALT	intron
common_snp|AKT1|14:104772855:T:C|REF	AKT1	common_snp	REF	intron
common_snp|AKT1|14:104772855:T:C|ALT	AKT1	common_snp	ALT	intron
common_snp|AKT1|14:104773557:C:T|REF	AKT1	common_snp	REF	CDS
common_snp|AKT1|14:104773557:C:T|ALT	AKT1	common_snp	ALT	CDS
common_snp|AKT1|14:104774447:C:G|REF	AKT1	common_snp	REF	intron
common_snp|AKT1|14:104774447:C:G|ALT	AKT1	common_snp	ALT	intron
common_snp|AKT1|14:104774548:C:G|REF	AKT1	common_snp	REF	intron
common_snp|AKT1|14:104774548:C:G|ALT	AKT1	common_snp	ALT	intron
common_snp|AKT1|14:104775891:T:C|REF	AKT1	common_snp	REF	intron
common_snp|AKT1|14:104775891:T:C|ALT	AKT1	common_snp	ALT	intron
common_snp|AKT1|14:104776494:C:T|REF	AKT1	common_snp	REF	intron
common_snp|AKT1|14:104776494:C:T|ALT	AKT1	common_snp	ALT	intron
common_snp|AKT1|14:104776629:T:C|REF	AKT1	common_snp	REF	intron
common_snp|AKT1|14:104776629:T:C|ALT	AKT1	common_snp	ALT	intron
common_snp|AKT1|14:104776883:G:A|REF	AKT1	common_snp	REF	intron
common_snp|AKT1|14:104776883:G:A|ALT	AKT1	common_snp	ALT	intron
common_snp|AKT1|14:104777098:G:T|REF	AKT1	common_snp	REF	intron
common_snp|AKT1|14:104777098:G:T|ALT	AKT1	common_snp	ALT	intron
common_snp|AKT1|14:104777228:A:G|REF	AKT1	common_snp	REF	intron
common_snp|AKT1|14:104777228:A:G|ALT	AKT1	common_snp	ALT	intron
common_snp|AKT1|14:104778914:A:G|REF	AKT1	common_snp	REF	intron
common_snp|AKT1|14:104778914:A:G|ALT	AKT1	common_snp	ALT	intron
common_snp|AKT1|14:104779988:T:A|REF	AKT1	common_snp	REF	intron
common_snp|AKT1|14:104779988:T:A|ALT	AKT1	common_snp	ALT	intron
common_snp|AKT1|14:104780070:G:A|REF	AKT1	common_snp	REF	intron
common_snp|AKT1|14:104780070:G:A|ALT	AKT1	common_snp	ALT	intron
common_snp|AKT1|14:104780349:G:A|REF	AKT1	common_snp	REF	intron
common_snp|AKT1|14:104780349:G:A|ALT	AKT1	common_snp	ALT	intron
common_snp|AKT1|14:104780652:C:T|REF	AKT1	common_snp	REF	intron
common_snp|AKT1|14:104780652:C:T|ALT	AKT1	common_snp	ALT	intron
common_snp|AKT1|14:104780931:C:T|REF	AKT1	common_snp	REF	intron
common_snp|AKT1|14:104780931:C:T|ALT	AKT1	common_snp	ALT	intron
common_snp|AKT1|14:104781544:A:T|REF	AKT1	common_snp	REF	intron
common_snp|AKT1|14:104781544:A:T|ALT	AKT1	common_snp	ALT	intron
common_snp|AKT1|14:104782133:G:T|REF	AKT1	common_snp	REF	intron
common_snp|AKT1|14:104782133:G:T|ALT	AKT1	common_snp	ALT	intron
common_snp|AKT1|14:104782323:G:T|REF	AKT1	common_snp	REF	intron
common_snp|AKT1|14:104782323:G:T|ALT	AKT1	common_snp	ALT	intron
common_snp|AKT1|14:104782985:C:T|REF	AKT1	common_snp	REF	intron
common_snp|AKT1|14:104782985:C:T|ALT	AKT1	common_snp	ALT	intron
common_snp|AKT1|14:104783708:A:G|REF	AKT1	common_snp	REF	intron
common_snp|AKT1|14:104783708:A:G|ALT	AKT1	common_snp	ALT	intron
common_snp|AKT1|14:104784749:G:A|REF	AKT1	common_snp	REF	intron
common_snp|AKT1|14:104784749:G:A|ALT	AKT1	common_snp	ALT	intron
common_snp|AKT1|14:104784859:G:C|REF	AKT1	common_snp	REF	intron
common_snp|AKT1|14:104784859:G:C|ALT	AKT1	common_snp	ALT	intron
common_snp|AKT1|14:104785383:T:C|REF	AKT1	common_snp	REF	intron
common_snp|AKT1|14:104785383:T:C|ALT	AKT1	common_snp	ALT	intron
common_snp|AKT1|14:104785733:T:C|REF	AKT1	common_snp	REF	intron
common_snp|AKT1|14:104785733:T:C|ALT	AKT1	common_snp	ALT	intron
common_snp|AKT1|14:104786672:A:G|REF	AKT1	common_snp	REF	intron
common_snp|AKT1|14:104786672:A:G|ALT	AKT1	common_snp	ALT	intron
common_snp|AKT1|14:104787244:G:A|REF	AKT1	common_snp	REF	intron
common_snp|AKT1|14:104787244:G:A|ALT	AKT1	common_snp	ALT	intron
common_snp|AKT1|14:104788868:G:A|REF	AKT1	common_snp	REF	intron
common_snp|AKT1|14:104788868:G:A|ALT	AKT1	common_snp	ALT	intron
common_snp|AKT1|14:104789068:G:A|REF	AKT1	common_snp	REF	intron
common_snp|AKT1|14:104789068:G:A|ALT	AKT1	common_snp	ALT	intron
common_snp|AKT1|14:104789321:G:A|REF	AKT1	common_snp	REF	intron
common_snp|AKT1|14:104789321:G:A|ALT	AKT1	common_snp	ALT	intron
common_snp|AKT1|14:104789477:A:G|REF	AKT1	common_snp	REF	intron
common_snp|AKT1|14:104789477:A:G|ALT	AKT1	common_snp	ALT	intron
common_snp|AKT1|14:104789850:C:T|REF	AKT1	common_snp	REF	intron
common_snp|AKT1|14:104789850:C:T|ALT	AKT1	common_snp	ALT	intron
common_snp|AKT1|14:104790244:T:C|REF	AKT1	common_snp	REF	intron
common_snp|AKT1|14:104790244:T:C|ALT	AKT1	common_snp	ALT	intron
common_snp|AKT1|14:104790576:G:C|REF	AKT1	common_snp	REF	intron
common_snp|AKT1|14:104790576:G:C|ALT	AKT1	common_snp	ALT	intron
common_snp|AKT1|14:104791382:C:G|REF	AKT1	common_snp	REF	intron
common_snp|AKT1|14:104791382:C:G|ALT	AKT1	common_snp	ALT	intron
common_snp|AKT1|14:104792100:G:T|REF	AKT1	common_snp	REF	intron
common_snp|AKT1|14:104792100:G:T|ALT	AKT1	common_snp	ALT	intron
common_snp|AKT1|14:104792555:C:T|REF	AKT1	common_snp	REF	intron
common_snp|AKT1|14:104792555:C:T|ALT	AKT1	common_snp	ALT	intron
common_snp|AKT1|14:104792556:A:G|REF	AKT1	common_snp	REF	intron
common_snp|AKT1|14:104792556:A:G|ALT	AKT1	common_snp	ALT	intron
common_snp|AKT1|14:104793369:C:T|REF	AKT1	common_snp	REF	exon_nonCDS
common_snp|AKT1|14:104793369:C:T|ALT	AKT1	common_snp	ALT	exon_nonCDS
common_snp|AKT1|14:104793397:C:A|REF	AKT1	common_snp	REF	exon_nonCDS
common_snp|AKT1|14:104793397:C:A|ALT	AKT1	common_snp	ALT	exon_nonCDS
common_snp|AKT1|14:104795077:G:C|REF	AKT1	common_snp	REF	intron
common_snp|AKT1|14:104795077:G:C|ALT	AKT1	common_snp	ALT	intron
common_snp|STAT3|17:42313598:T:C|REF	STAT3	common_snp	REF	exon_nonCDS
common_snp|STAT3|17:42313598:T:C|ALT	STAT3	common_snp	ALT	exon_nonCDS
common_snp|STAT3|17:42313892:T:C|REF	STAT3	common_snp	REF	exon_nonCDS
common_snp|STAT3|17:42313892:T:C|ALT	STAT3	common_snp	ALT	exon_nonCDS
common_snp|STAT3|17:42314074:G:A|REF	STAT3	common_snp	REF	exon_nonCDS
common_snp|STAT3|17:42314074:G:A|ALT	STAT3	common_snp	ALT	exon_nonCDS
common_snp|STAT3|17:42314420:T:C|REF	STAT3	common_snp	REF	exon_nonCDS
common_snp|STAT3|17:42314420:T:C|ALT	STAT3	common_snp	ALT	exon_nonCDS
common_snp|STAT3|17:42316471:G:A|REF	STAT3	common_snp	REF	intron
common_snp|STAT3|17:42316471:G:A|ALT	STAT3	common_snp	ALT	intron
common_snp|STAT3|17:42317580:C:T|REF	STAT3	common_snp	REF	intron
common_snp|STAT3|17:42317580:C:T|ALT	STAT3	common_snp	ALT	intron
common_snp|STAT3|17:42318324:A:C|REF	STAT3	common_snp	REF	intron
common_snp|STAT3|17:42318324:A:C|ALT	STAT3	common_snp	ALT	intron
common_snp|STAT3|17:42319083:T:A|REF	STAT3	common_snp	REF	intron
common_snp|STAT3|17:42319083:T:A|ALT	STAT3	common_snp	ALT	intron
common_snp|STAT3|17:42319962:C:T|REF	STAT3	common_snp	REF	intron
common_snp|STAT3|17:42319962:C:T|ALT	STAT3	common_snp	ALT	intron
common_snp|STAT3|17:42321417:A:G|REF	STAT3	common_snp	REF	intron
common_snp|STAT3|17:42321417:A:G|ALT	STAT3	common_snp	ALT	intron
common_snp|STAT3|17:42321817:G:A|REF	STAT3	common_snp	REF	intron
common_snp|STAT3|17:42321817:G:A|ALT	STAT3	common_snp	ALT	intron
common_snp|STAT3|17:42322846:A:G|REF	STAT3	common_snp	REF	intron
common_snp|STAT3|17:42322846:A:G|ALT	STAT3	common_snp	ALT	intron
common_snp|STAT3|17:42322862:G:C|REF	STAT3	common_snp	REF	intron
common_snp|STAT3|17:42322862:G:C|ALT	STAT3	common_snp	ALT	intron
common_snp|STAT3|17:42324308:G:A|REF	STAT3	common_snp	REF	intron
common_snp|STAT3|17:42324308:G:A|ALT	STAT3	common_snp	ALT	intron
common_snp|STAT3|17:42324345:G:A|REF	STAT3	common_snp	REF	intron
common_snp|STAT3|17:42324345:G:A|ALT	STAT3	common_snp	ALT	intron
common_snp|STAT3|17:42325721:T:C|REF	STAT3	common_snp	REF	intron
common_snp|STAT3|17:42325721:T:C|ALT	STAT3	common_snp	ALT	intron
common_snp|STAT3|17:42326573:T:C|REF	STAT3	common_snp	REF	intron
common_snp|STAT3|17:42326573:T:C|ALT	STAT3	common_snp	ALT	intron
common_snp|STAT3|17:42327517:T:C|REF	STAT3	common_snp	REF	intron
common_snp|STAT3|17:42327517:T:C|ALT	STAT3	common_snp	ALT	intron
common_snp|STAT3|17:42328363:A:T|REF	STAT3	common_snp	REF	intron
common_snp|STAT3|17:42328363:A:T|ALT	STAT3	common_snp	ALT	intron
common_snp|STAT3|17:42328480:T:G|REF	STAT3	common_snp	REF	intron
common_snp|STAT3|17:42328480:T:G|ALT	STAT3	common_snp	ALT	intron
common_snp|STAT3|17:42328503:G:A|REF	STAT3	common_snp	REF	intron
common_snp|STAT3|17:42328503:G:A|ALT	STAT3	common_snp	ALT	intron
common_snp|STAT3|17:42329511:G:C|REF	STAT3	common_snp	REF	CDS
common_snp|STAT3|17:42329511:G:C|ALT	STAT3	common_snp	ALT	CDS
common_snp|STAT3|17:42331385:C:T|REF	STAT3	common_snp	REF	intron
common_snp|STAT3|17:42331385:C:T|ALT	STAT3	common_snp	ALT	intron
common_snp|STAT3|17:42334539:A:G|REF	STAT3	common_snp	REF	intron
common_snp|STAT3|17:42334539:A:G|ALT	STAT3	common_snp	ALT	intron
common_snp|STAT3|17:42339662:C:G|REF	STAT3	common_snp	REF	intron
common_snp|STAT3|17:42339662:C:G|ALT	STAT3	common_snp	ALT	intron
common_snp|STAT3|17:42340522:T:A|REF	STAT3	common_snp	REF	intron
common_snp|STAT3|17:42340522:T:A|ALT	STAT3	common_snp	ALT	intron
common_snp|STAT3|17:42340869:T:C|REF	STAT3	common_snp	REF	intron
common_snp|STAT3|17:42340869:T:C|ALT	STAT3	common_snp	ALT	intron
common_snp|STAT3|17:42342884:A:G|REF	STAT3	common_snp	REF	intron
common_snp|STAT3|17:42342884:A:G|ALT	STAT3	common_snp	ALT	intron
common_snp|STAT3|17:42343019:A:C|REF	STAT3	common_snp	REF	intron
common_snp|STAT3|17:42343019:A:C|ALT	STAT3	common_snp	ALT	intron
common_snp|STAT3|17:42343372:G:A|REF	STAT3	common_snp	REF	intron
common_snp|STAT3|17:42343372:G:A|ALT	STAT3	common_snp	ALT	intron
common_snp|STAT3|17:42344006:C:T|REF	STAT3	common_snp	REF	intron
common_snp|STAT3|17:42344006:C:T|ALT	STAT3	common_snp	ALT	intron
common_snp|STAT3|17:42344145:A:G|REF	STAT3	common_snp	REF	intron
common_snp|STAT3|17:42344145:A:G|ALT	STAT3	common_snp	ALT	intron
common_snp|STAT3|17:42344429:A:G|REF	STAT3	common_snp	REF	intron
common_snp|STAT3|17:42344429:A:G|ALT	STAT3	common_snp	ALT	intron
common_snp|STAT3|17:42344576:A:G|REF	STAT3	common_snp	REF	intron
common_snp|STAT3|17:42344576:A:G|ALT	STAT3	common_snp	ALT	intron
common_snp|STAT3|17:42344683:C:A|REF	STAT3	common_snp	REF	intron
common_snp|STAT3|17:42344683:C:A|ALT	STAT3	common_snp	ALT	intron
common_snp|STAT3|17:42345810:C:T|REF	STAT3	common_snp	REF	intron
common_snp|STAT3|17:42345810:C:T|ALT	STAT3	common_snp	ALT	intron
common_snp|STAT3|17:42345817:C:G|REF	STAT3	common_snp	REF	intron
common_snp|STAT3|17:42345817:C:G|ALT	STAT3	common_snp	ALT	intron
common_snp|STAT3|17:42345821:G:C|REF	STAT3	common_snp	REF	intron
common_snp|STAT3|17:42345821:G:C|ALT	STAT3	common_snp	ALT	intron
common_snp|STAT3|17:42346255:T:C|REF	STAT3	common_snp	REF	intron
common_snp|STAT3|17:42346255:T:C|ALT	STAT3	common_snp	ALT	intron
common_snp|STAT3|17:42346926:T:C|REF	STAT3	common_snp	REF	intron
common_snp|STAT3|17:42346926:T:C|ALT	STAT3	common_snp	ALT	intron
common_snp|STAT3|17:42347140:C:T|REF	STAT3	common_snp	REF	intron
common_snp|STAT3|17:42347140:C:T|ALT	STAT3	common_snp	ALT	intron
common_snp|STAT3|17:42347180:A:G|REF	STAT3	common_snp	REF	intron
common_snp|STAT3|17:42347180:A:G|ALT	STAT3	common_snp	ALT	intron
common_snp|STAT3|17:42347515:T:C|REF	STAT3	common_snp	REF	intron
common_snp|STAT3|17:42347515:T:C|ALT	STAT3	common_snp	ALT	intron
common_snp|STAT3|17:42347786:C:T|REF	STAT3	common_snp	REF	intron
common_snp|STAT3|17:42347786:C:T|ALT	STAT3	common_snp	ALT	intron
common_snp|STAT3|17:42348247:C:A|REF	STAT3	common_snp	REF	intron
common_snp|STAT3|17:42348247:C:A|ALT	STAT3	common_snp	ALT	intron
common_snp|STAT3|17:42349561:A:T|REF	STAT3	common_snp	REF	intron
common_snp|STAT3|17:42349561:A:T|ALT	STAT3	common_snp	ALT	intron
common_snp|STAT3|17:42351306:T:C|REF	STAT3	common_snp	REF	intron
common_snp|STAT3|17:42351306:T:C|ALT	STAT3	common_snp	ALT	intron
common_snp|STAT3|17:42352232:A:G|REF	STAT3	common_snp	REF	intron
common_snp|STAT3|17:42352232:A:G|ALT	STAT3	common_snp	ALT	intron
common_snp|STAT3|17:42353116:A:G|REF	STAT3	common_snp	REF	intron
common_snp|STAT3|17:42353116:A:G|ALT	STAT3	common_snp	ALT	intron
common_snp|STAT3|17:42353184:C:T|REF	STAT3	common_snp	REF	intron
common_snp|STAT3|17:42353184:C:T|ALT	STAT3	common_snp	ALT	intron
common_snp|STAT3|17:42353381:G:A|REF	STAT3	common_snp	REF	intron
common_snp|STAT3|17:42353381:G:A|ALT	STAT3	common_snp	ALT	intron
common_snp|STAT3|17:42355047:G:C|REF	STAT3	common_snp	REF	intron
common_snp|STAT3|17:42355047:G:C|ALT	STAT3	common_snp	ALT	intron
common_snp|STAT3|17:42355962:A:C|REF	STAT3	common_snp	REF	intron
common_snp|STAT3|17:42355962:A:C|ALT	STAT3	common_snp	ALT	intron
common_snp|STAT3|17:42356523:G:A|REF	STAT3	common_snp	REF	intron
common_snp|STAT3|17:42356523:G:A|ALT	STAT3	common_snp	ALT	intron
common_snp|STAT3|17:42356542:T:A|REF	STAT3	common_snp	REF	intron
common_snp|STAT3|17:42356542:T:A|ALT	STAT3	common_snp	ALT	intron
common_snp|STAT3|17:42358298:T:C|REF	STAT3	common_snp	REF	intron
common_snp|STAT3|17:42358298:T:C|ALT	STAT3	common_snp	ALT	intron
common_snp|STAT3|17:42358516:C:G|REF	STAT3	common_snp	REF	intron
common_snp|STAT3|17:42358516:C:G|ALT	STAT3	common_snp	ALT	intron
common_snp|STAT3|17:42359928:C:T|REF	STAT3	common_snp	REF	intron
common_snp|STAT3|17:42359928:C:T|ALT	STAT3	common_snp	ALT	intron
common_snp|STAT3|17:42362183:A:G|REF	STAT3	common_snp	REF	intron
common_snp|STAT3|17:42362183:A:G|ALT	STAT3	common_snp	ALT	intron
common_snp|STAT3|17:42363102:C:A|REF	STAT3	common_snp	REF	intron
common_snp|STAT3|17:42363102:C:A|ALT	STAT3	common_snp	ALT	intron
common_snp|STAT3|17:42363704:G:A|REF	STAT3	common_snp	REF	intron
common_snp|STAT3|17:42363704:G:A|ALT	STAT3	common_snp	ALT	intron
common_snp|STAT3|17:42363808:C:T|REF	STAT3	common_snp	REF	intron
common_snp|STAT3|17:42363808:C:T|ALT	STAT3	common_snp	ALT	intron
common_snp|STAT3|17:42365657:T:G|REF	STAT3	common_snp	REF	intron
common_snp|STAT3|17:42365657:T:G|ALT	STAT3	common_snp	ALT	intron
common_snp|STAT3|17:42367872:A:G|REF	STAT3	common_snp	REF	intron
common_snp|STAT3|17:42367872:A:G|ALT	STAT3	common_snp	ALT	intron
common_snp|STAT3|17:42367907:C:G|REF	STAT3	common_snp	REF	intron
common_snp|STAT3|17:42367907:C:G|ALT	STAT3	common_snp	ALT	intron
common_snp|STAT3|17:42368372:C:A|REF	STAT3	common_snp	REF	intron
common_snp|STAT3|17:42368372:C:A|ALT	STAT3	common_snp	ALT	intron
common_snp|STAT3|17:42368579:C:T|REF	STAT3	common_snp	REF	intron
common_snp|STAT3|17:42368579:C:T|ALT	STAT3	common_snp	ALT	intron
common_snp|STAT3|17:42368993:C:T|REF	STAT3	common_snp	REF	intron
common_snp|STAT3|17:42368993:C:T|ALT	STAT3	common_snp	ALT	intron
common_snp|STAT3|17:42369186:C:T|REF	STAT3	common_snp	REF	intron
common_snp|STAT3|17:42369186:C:T|ALT	STAT3	common_snp	ALT	intron
common_snp|STAT3|17:42369652:T:C|REF	STAT3	common_snp	REF	intron
common_snp|STAT3|17:42369652:T:C|ALT	STAT3	common_snp	ALT	intron
common_snp|STAT3|17:42369769:C:T|REF	STAT3	common_snp	REF	intron
common_snp|STAT3|17:42369769:C:T|ALT	STAT3	common_snp	ALT	intron
common_snp|STAT3|17:42371707:T:C|REF	STAT3	common_snp	REF	intron
common_snp|STAT3|17:42371707:T:C|ALT	STAT3	common_snp	ALT	intron
common_snp|STAT3|17:42373080:A:G|REF	STAT3	common_snp	REF	intron
common_snp|STAT3|17:42373080:A:G|ALT	STAT3	common_snp	ALT	intron
common_snp|STAT3|17:42373701:C:T|REF	STAT3	common_snp	REF	intron
common_snp|STAT3|17:42373701:C:T|ALT	STAT3	common_snp	ALT	intron
common_snp|STAT3|17:42373742:G:A|REF	STAT3	common_snp	REF	intron
common_snp|STAT3|17:42373742:G:A|ALT	STAT3	common_snp	ALT	intron
common_snp|STAT3|17:42374255:T:C|REF	STAT3	common_snp	REF	intron
common_snp|STAT3|17:42374255:T:C|ALT	STAT3	common_snp	ALT	intron
common_snp|STAT3|17:42375526:A:G|REF	STAT3	common_snp	REF	intron
common_snp|STAT3|17:42375526:A:G|ALT	STAT3	common_snp	ALT	intron
common_snp|STAT3|17:42376684:A:C|REF	STAT3	common_snp	REF	intron
common_snp|STAT3|17:42376684:A:C|ALT	STAT3	common_snp	ALT	intron
common_snp|STAT3|17:42376768:C:T|REF	STAT3	common_snp	REF	intron
common_snp|STAT3|17:42376768:C:T|ALT	STAT3	common_snp	ALT	intron
common_snp|STAT3|17:42377817:A:G|REF	STAT3	common_snp	REF	intron
common_snp|STAT3|17:42377817:A:G|ALT	STAT3	common_snp	ALT	intron
common_snp|STAT3|17:42378745:T:C|REF	STAT3	common_snp	REF	intron
common_snp|STAT3|17:42378745:T:C|ALT	STAT3	common_snp	ALT	intron
common_snp|STAT3|17:42378877:G:T|REF	STAT3	common_snp	REF	intron
common_snp|STAT3|17:42378877:G:T|ALT	STAT3	common_snp	ALT	intron
common_snp|STAT3|17:42379743:G:T|REF	STAT3	common_snp	REF	intron
common_snp|STAT3|17:42379743:G:T|ALT	STAT3	common_snp	ALT	intron
common_snp|STAT3|17:42380683:T:C|REF	STAT3	common_snp	REF	intron
common_snp|STAT3|17:42380683:T:C|ALT	STAT3	common_snp	ALT	intron
common_snp|STAT3|17:42382057:G:A|REF	STAT3	common_snp	REF	intron
common_snp|STAT3|17:42382057:G:A|ALT	STAT3	common_snp	ALT	intron
common_snp|STAT3|17:42383166:C:A|REF	STAT3	common_snp	REF	intron
common_snp|STAT3|17:42383166:C:A|ALT	STAT3	common_snp	ALT	intron
common_snp|STAT3|17:42383285:G:A|REF	STAT3	common_snp	REF	intron
common_snp|STAT3|17:42383285:G:A|ALT	STAT3	common_snp	ALT	intron
common_snp|STAT3|17:42384378:T:C|REF	STAT3	common_snp	REF	intron
common_snp|STAT3|17:42384378:T:C|ALT	STAT3	common_snp	ALT	intron
common_snp|STAT3|17:42384786:G:C|REF	STAT3	common_snp	REF	intron
common_snp|STAT3|17:42384786:G:C|ALT	STAT3	common_snp	ALT	intron
common_snp|STAT3|17:42384853:C:G|REF	STAT3	common_snp	REF	intron
common_snp|STAT3|17:42384853:C:G|ALT	STAT3	common_snp	ALT	intron
common_snp|STAT3|17:42387807:T:G|REF	STAT3	common_snp	REF	intron
common_snp|STAT3|17:42387807:T:G|ALT	STAT3	common_snp	ALT	intron
common_snp|COL1A1|17:50184491:A:G|REF	COL1A1	common_snp	REF	exon_nonCDS
common_snp|COL1A1|17:50184491:A:G|ALT	COL1A1	common_snp	ALT	exon_nonCDS
common_snp|COL1A1|17:50184758:G:A|REF	COL1A1	common_snp	REF	exon_nonCDS
common_snp|COL1A1|17:50184758:G:A|ALT	COL1A1	common_snp	ALT	exon_nonCDS
common_snp|COL1A1|17:50185414:A:G|REF	COL1A1	common_snp	REF	exon_nonCDS
common_snp|COL1A1|17:50185414:A:G|ALT	COL1A1	common_snp	ALT	exon_nonCDS
common_snp|COL1A1|17:50185660:C:T|REF	COL1A1	common_snp	REF	intron
common_snp|COL1A1|17:50185660:C:T|ALT	COL1A1	common_snp	ALT	intron
common_snp|COL1A1|17:50186542:A:G|REF	COL1A1	common_snp	REF	intron
common_snp|COL1A1|17:50186542:A:G|ALT	COL1A1	common_snp	ALT	intron
common_snp|COL1A1|17:50188065:A:G|REF	COL1A1	common_snp	REF	intron
common_snp|COL1A1|17:50188065:A:G|ALT	COL1A1	common_snp	ALT	intron
common_snp|COL1A1|17:50188367:C:A|REF	COL1A1	common_snp	REF	intron
common_snp|COL1A1|17:50188367:C:A|ALT	COL1A1	common_snp	ALT	intron
common_snp|COL1A1|17:50189930:G:C|REF	COL1A1	common_snp	REF	intron
common_snp|COL1A1|17:50189930:G:C|ALT	COL1A1	common_snp	ALT	intron
common_snp|COL1A1|17:50190224:A:C|REF	COL1A1	common_snp	REF	intron
common_snp|COL1A1|17:50190224:A:C|ALT	COL1A1	common_snp	ALT	intron
common_snp|COL1A1|17:50191082:G:T|REF	COL1A1	common_snp	REF	intron
common_snp|COL1A1|17:50191082:G:T|ALT	COL1A1	common_snp	ALT	intron
common_snp|COL1A1|17:50191660:C:G|REF	COL1A1	common_snp	REF	intron
common_snp|COL1A1|17:50191660:C:G|ALT	COL1A1	common_snp	ALT	intron
common_snp|COL1A1|17:50192065:C:T|REF	COL1A1	common_snp	REF	intron
common_snp|COL1A1|17:50192065:C:T|ALT	COL1A1	common_snp	ALT	intron
common_snp|COL1A1|17:50192542:A:G|REF	COL1A1	common_snp	REF	intron
common_snp|COL1A1|17:50192542:A:G|ALT	COL1A1	common_snp	ALT	intron
common_snp|COL1A1|17:50194072:A:G|REF	COL1A1	common_snp	REF	intron
common_snp|COL1A1|17:50194072:A:G|ALT	COL1A1	common_snp	ALT	intron
common_snp|COL1A1|17:50194694:C:T|REF	COL1A1	common_snp	REF	intron
common_snp|COL1A1|17:50194694:C:T|ALT	COL1A1	common_snp	ALT	intron
common_snp|COL1A1|17:50195794:A:C|REF	COL1A1	common_snp	REF	intron
common_snp|COL1A1|17:50195794:A:C|ALT	COL1A1	common_snp	ALT	intron
common_snp|COL1A1|17:50196078:T:C|REF	COL1A1	common_snp	REF	intron
common_snp|COL1A1|17:50196078:T:C|ALT	COL1A1	common_snp	ALT	intron
common_snp|COL1A1|17:50196103:T:C|REF	COL1A1	common_snp	REF	intron
common_snp|COL1A1|17:50196103:T:C|ALT	COL1A1	common_snp	ALT	intron
common_snp|COL1A1|17:50196930:T:G|REF	COL1A1	common_snp	REF	intron
common_snp|COL1A1|17:50196930:T:G|ALT	COL1A1	common_snp	ALT	intron
common_snp|COL1A1|17:50196948:T:C|REF	COL1A1	common_snp	REF	intron
common_snp|COL1A1|17:50196948:T:C|ALT	COL1A1	common_snp	ALT	intron
common_snp|COL1A1|17:50197263:T:C|REF	COL1A1	common_snp	REF	intron
common_snp|COL1A1|17:50197263:T:C|ALT	COL1A1	common_snp	ALT	intron
common_snp|COL1A1|17:50197866:G:A|REF	COL1A1	common_snp	REF	intron
common_snp|COL1A1|17:50197866:G:A|ALT	COL1A1	common_snp	ALT	intron
common_snp|COL1A1|17:50197931:T:G|REF	COL1A1	common_snp	REF	intron
common_snp|COL1A1|17:50197931:T:G|ALT	COL1A1	common_snp	ALT	intron
common_snp|COL1A1|17:50198089:T:C|REF	COL1A1	common_snp	REF	intron
common_snp|COL1A1|17:50198089:T:C|ALT	COL1A1	common_snp	ALT	intron
common_snp|COL1A1|17:50198128:A:G|REF	COL1A1	common_snp	REF	intron
common_snp|COL1A1|17:50198128:A:G|ALT	COL1A1	common_snp	ALT	intron
common_snp|COL1A1|17:50198801:C:T|REF	COL1A1	common_snp	REF	intron
common_snp|COL1A1|17:50198801:C:T|ALT	COL1A1	common_snp	ALT	intron
common_snp|COL1A1|17:50198891:A:G|REF	COL1A1	common_snp	REF	intron
common_snp|COL1A1|17:50198891:A:G|ALT	COL1A1	common_snp	ALT	intron
common_snp|COL1A1|17:50199610:G:C|REF	COL1A1	common_snp	REF	intron
common_snp|COL1A1|17:50199610:G:C|ALT	COL1A1	common_snp	ALT	intron
common_snp|COL1A1|17:50201146:C:T|REF	COL1A1	common_snp	REF	intron
common_snp|COL1A1|17:50201146:C:T|ALT	COL1A1	common_snp	ALT	intron
common_snp|KCNQ2|20:63400682:C:A|REF	KCNQ2	common_snp	REF	CDS
common_snp|KCNQ2|20:63400682:C:A|ALT	KCNQ2	common_snp	ALT	CDS
common_snp|KCNQ2|20:63401266:G:T|REF	KCNQ2	common_snp	REF	exon_nonCDS
common_snp|KCNQ2|20:63401266:G:T|ALT	KCNQ2	common_snp	ALT	exon_nonCDS
common_snp|KCNQ2|20:63401270:A:G|REF	KCNQ2	common_snp	REF	exon_nonCDS
common_snp|KCNQ2|20:63401270:A:G|ALT	KCNQ2	common_snp	ALT	exon_nonCDS
common_snp|KCNQ2|20:63401318:G:A|REF	KCNQ2	common_snp	REF	exon_nonCDS
common_snp|KCNQ2|20:63401318:G:A|ALT	KCNQ2	common_snp	ALT	exon_nonCDS
common_snp|KCNQ2|20:63401437:C:A|REF	KCNQ2	common_snp	REF	exon_nonCDS
common_snp|KCNQ2|20:63401437:C:A|ALT	KCNQ2	common_snp	ALT	exon_nonCDS
common_snp|KCNQ2|20:63401582:C:T|REF	KCNQ2	common_snp	REF	exon_nonCDS
common_snp|KCNQ2|20:63401582:C:T|ALT	KCNQ2	common_snp	ALT	exon_nonCDS
common_snp|KCNQ2|20:63401789:A:G|REF	KCNQ2	common_snp	REF	exon_nonCDS
common_snp|KCNQ2|20:63401789:A:G|ALT	KCNQ2	common_snp	ALT	exon_nonCDS
common_snp|KCNQ2|20:63401811:T:C|REF	KCNQ2	common_snp	REF	exon_nonCDS
common_snp|KCNQ2|20:63401811:T:C|ALT	KCNQ2	common_snp	ALT	exon_nonCDS
common_snp|KCNQ2|20:63401855:C:G|REF	KCNQ2	common_snp	REF	exon_nonCDS
common_snp|KCNQ2|20:63401855:C:G|ALT	KCNQ2	common_snp	ALT	exon_nonCDS
common_snp|KCNQ2|20:63402263:G:A|REF	KCNQ2	common_snp	REF	exon_nonCDS
common_snp|KCNQ2|20:63402263:G:A|ALT	KCNQ2	common_snp	ALT	exon_nonCDS
common_snp|KCNQ2|20:63402822:C:T|REF	KCNQ2	common_snp	REF	exon_nonCDS
common_snp|KCNQ2|20:63402822:C:T|ALT	KCNQ2	common_snp	ALT	exon_nonCDS
common_snp|KCNQ2|20:63402905:C:A|REF	KCNQ2	common_snp	REF	exon_nonCDS
common_snp|KCNQ2|20:63402905:C:A|ALT	KCNQ2	common_snp	ALT	exon_nonCDS
common_snp|KCNQ2|20:63403020:C:T|REF	KCNQ2	common_snp	REF	exon_nonCDS
common_snp|KCNQ2|20:63403020:C:T|ALT	KCNQ2	common_snp	ALT	exon_nonCDS
common_snp|KCNQ2|20:63403750:C:T|REF	KCNQ2	common_snp	REF	exon_nonCDS
common_snp|KCNQ2|20:63403750:C:T|ALT	KCNQ2	common_snp	ALT	exon_nonCDS
common_snp|KCNQ2|20:63404250:C:A|REF	KCNQ2	common_snp	REF	exon_nonCDS
common_snp|KCNQ2|20:63404250:C:A|ALT	KCNQ2	common_snp	ALT	exon_nonCDS
common_snp|KCNQ2|20:63404353:G:T|REF	KCNQ2	common_snp	REF	exon_nonCDS
common_snp|KCNQ2|20:63404353:G:T|ALT	KCNQ2	common_snp	ALT	exon_nonCDS
common_snp|KCNQ2|20:63404443:T:C|REF	KCNQ2	common_snp	REF	exon_nonCDS
common_snp|KCNQ2|20:63404443:T:C|ALT	KCNQ2	common_snp	ALT	exon_nonCDS
common_snp|KCNQ2|20:63406139:C:G|REF	KCNQ2	common_snp	REF	exon_nonCDS
common_snp|KCNQ2|20:63406139:C:G|ALT	KCNQ2	common_snp	ALT	exon_nonCDS
common_snp|KCNQ2|20:63406924:T:G|REF	KCNQ2	common_snp	REF	CDS
common_snp|KCNQ2|20:63406924:T:G|ALT	KCNQ2	common_snp	ALT	CDS
common_snp|KCNQ2|20:63407025:A:T|REF	KCNQ2	common_snp	REF	CDS
common_snp|KCNQ2|20:63407025:A:T|ALT	KCNQ2	common_snp	ALT	CDS
common_snp|KCNQ2|20:63407457:G:C|REF	KCNQ2	common_snp	REF	intron
common_snp|KCNQ2|20:63407457:G:C|ALT	KCNQ2	common_snp	ALT	intron
common_snp|KCNQ2|20:63407513:G:C|REF	KCNQ2	common_snp	REF	intron
common_snp|KCNQ2|20:63407513:G:C|ALT	KCNQ2	common_snp	ALT	intron
common_snp|KCNQ2|20:63407570:G:C|REF	KCNQ2	common_snp	REF	intron
common_snp|KCNQ2|20:63407570:G:C|ALT	KCNQ2	common_snp	ALT	intron
common_snp|KCNQ2|20:63408263:A:G|REF	KCNQ2	common_snp	REF	intron
common_snp|KCNQ2|20:63408263:A:G|ALT	KCNQ2	common_snp	ALT	intron
common_snp|KCNQ2|20:63408669:T:C|REF	KCNQ2	common_snp	REF	intron
common_snp|KCNQ2|20:63408669:T:C|ALT	KCNQ2	common_snp	ALT	intron
common_snp|KCNQ2|20:63408819:G:A|REF	KCNQ2	common_snp	REF	intron
common_snp|KCNQ2|20:63408819:G:A|ALT	KCNQ2	common_snp	ALT	intron
common_snp|KCNQ2|20:63409602:G:T|REF	KCNQ2	common_snp	REF	intron
common_snp|KCNQ2|20:63409602:G:T|ALT	KCNQ2	common_snp	ALT	intron
common_snp|KCNQ2|20:63412999:A:C|REF	KCNQ2	common_snp	REF	intron
common_snp|KCNQ2|20:63412999:A:C|ALT	KCNQ2	common_snp	ALT	intron
common_snp|KCNQ2|20:63413016:T:G|REF	KCNQ2	common_snp	REF	intron
common_snp|KCNQ2|20:63413016:T:G|ALT	KCNQ2	common_snp	ALT	intron
common_snp|KCNQ2|20:63413947:G:A|REF	KCNQ2	common_snp	REF	intron
common_snp|KCNQ2|20:63413947:G:A|ALT	KCNQ2	common_snp	ALT	intron
common_snp|KCNQ2|20:63414356:C:T|REF	KCNQ2	common_snp	REF	intron
common_snp|KCNQ2|20:63414356:C:T|ALT	KCNQ2	common_snp	ALT	intron
common_snp|KCNQ2|20:63416572:T:C|REF	KCNQ2	common_snp	REF	intron
common_snp|KCNQ2|20:63416572:T:C|ALT	KCNQ2	common_snp	ALT	intron
common_snp|KCNQ2|20:63416594:C:A|REF	KCNQ2	common_snp	REF	intron
common_snp|KCNQ2|20:63416594:C:A|ALT	KCNQ2	common_snp	ALT	intron
common_snp|KCNQ2|20:63416733:C:T|REF	KCNQ2	common_snp	REF	intron
common_snp|KCNQ2|20:63416733:C:T|ALT	KCNQ2	common_snp	ALT	intron
common_snp|KCNQ2|20:63416734:G:C|REF	KCNQ2	common_snp	REF	intron
common_snp|KCNQ2|20:63416734:G:C|ALT	KCNQ2	common_snp	ALT	intron
common_snp|KCNQ2|20:63417301:C:T|REF	KCNQ2	common_snp	REF	intron
common_snp|KCNQ2|20:63417301:C:T|ALT	KCNQ2	common_snp	ALT	intron
common_snp|KCNQ2|20:63417357:C:G|REF	KCNQ2	common_snp	REF	intron
common_snp|KCNQ2|20:63417357:C:G|ALT	KCNQ2	common_snp	ALT	intron
common_snp|KCNQ2|20:63417403:G:A|REF	KCNQ2	common_snp	REF	intron
common_snp|KCNQ2|20:63417403:G:A|ALT	KCNQ2	common_snp	ALT	intron
common_snp|KCNQ2|20:63417594:G:A|REF	KCNQ2	common_snp	REF	intron
common_snp|KCNQ2|20:63417594:G:A|ALT	KCNQ2	common_snp	ALT	intron
common_snp|KCNQ2|20:63418142:T:G|REF	KCNQ2	common_snp	REF	intron
common_snp|KCNQ2|20:63418142:T:G|ALT	KCNQ2	common_snp	ALT	intron
common_snp|KCNQ2|20:63418334:G:A|REF	KCNQ2	common_snp	REF	intron
common_snp|KCNQ2|20:63418334:G:A|ALT	KCNQ2	common_snp	ALT	intron
common_snp|KCNQ2|20:63418440:G:C|REF	KCNQ2	common_snp	REF	intron
common_snp|KCNQ2|20:63418440:G:C|ALT	KCNQ2	common_snp	ALT	intron
common_snp|KCNQ2|20:63418652:A:C|REF	KCNQ2	common_snp	REF	intron
common_snp|KCNQ2|20:63418652:A:C|ALT	KCNQ2	common_snp	ALT	intron
common_snp|KCNQ2|20:63418691:A:G|REF	KCNQ2	common_snp	REF	intron
common_snp|KCNQ2|20:63418691:A:G|ALT	KCNQ2	common_snp	ALT	intron
common_snp|KCNQ2|20:63418710:C:A|REF	KCNQ2	common_snp	REF	intron
common_snp|KCNQ2|20:63418710:C:A|ALT	KCNQ2	common_snp	ALT	intron
common_snp|KCNQ2|20:63418907:A:G|REF	KCNQ2	common_snp	REF	intron
common_snp|KCNQ2|20:63418907:A:G|ALT	KCNQ2	common_snp	ALT	intron
common_snp|KCNQ2|20:63418926:A:G|REF	KCNQ2	common_snp	REF	intron
common_snp|KCNQ2|20:63418926:A:G|ALT	KCNQ2	common_snp	ALT	intron
common_snp|KCNQ2|20:63418943:A:G|REF	KCNQ2	common_snp	REF	intron
common_snp|KCNQ2|20:63418943:A:G|ALT	KCNQ2	common_snp	ALT	intron
common_snp|KCNQ2|20:63419026:G:A|REF	KCNQ2	common_snp	REF	intron
common_snp|KCNQ2|20:63419026:G:A|ALT	KCNQ2	common_snp	ALT	intron
common_snp|KCNQ2|20:63419230:T:G|REF	KCNQ2	common_snp	REF	intron
common_snp|KCNQ2|20:63419230:T:G|ALT	KCNQ2	common_snp	ALT	intron
common_snp|KCNQ2|20:63420102:C:G|REF	KCNQ2	common_snp	REF	intron
common_snp|KCNQ2|20:63420102:C:G|ALT	KCNQ2	common_snp	ALT	intron
common_snp|KCNQ2|20:63420512:G:A|REF	KCNQ2	common_snp	REF	intron
common_snp|KCNQ2|20:63420512:G:A|ALT	KCNQ2	common_snp	ALT	intron
common_snp|KCNQ2|20:63420621:G:A|REF	KCNQ2	common_snp	REF	intron
common_snp|KCNQ2|20:63420621:G:A|ALT	KCNQ2	common_snp	ALT	intron
common_snp|KCNQ2|20:63420901:T:C|REF	KCNQ2	common_snp	REF	intron
common_snp|KCNQ2|20:63420901:T:C|ALT	KCNQ2	common_snp	ALT	intron
common_snp|KCNQ2|20:63421342:T:C|REF	KCNQ2	common_snp	REF	intron
common_snp|KCNQ2|20:63421342:T:C|ALT	KCNQ2	common_snp	ALT	intron
common_snp|KCNQ2|20:63421413:G:A|REF	KCNQ2	common_snp	REF	intron
common_snp|KCNQ2|20:63421413:G:A|ALT	KCNQ2	common_snp	ALT	intron
common_snp|KCNQ2|20:63421682:A:C|REF	KCNQ2	common_snp	REF	intron
common_snp|KCNQ2|20:63421682:A:C|ALT	KCNQ2	common_snp	ALT	intron
common_snp|KCNQ2|20:63421764:T:G|REF	KCNQ2	common_snp	REF	intron
common_snp|KCNQ2|20:63421764:T:G|ALT	KCNQ2	common_snp	ALT	intron
common_snp|KCNQ2|20:63421820:C:T|REF	KCNQ2	common_snp	REF	intron
common_snp|KCNQ2|20:63421820:C:T|ALT	KCNQ2	common_snp	ALT	intron
common_snp|KCNQ2|20:63421846:G:A|REF	KCNQ2	common_snp	REF	intron
common_snp|KCNQ2|20:63421846:G:A|ALT	KCNQ2	common_snp	ALT	intron
common_snp|KCNQ2|20:63422401:C:T|REF	KCNQ2	common_snp	REF	intron
common_snp|KCNQ2|20:63422401:C:T|ALT	KCNQ2	common_snp	ALT	intron
common_snp|KCNQ2|20:63422849:G:C|REF	KCNQ2	common_snp	REF	intron
common_snp|KCNQ2|20:63422849:G:C|ALT	KCNQ2	common_snp	ALT	intron
common_snp|KCNQ2|20:63423548:G:A|REF	KCNQ2	common_snp	REF	exon_nonCDS
common_snp|KCNQ2|20:63423548:G:A|ALT	KCNQ2	common_snp	ALT	exon_nonCDS
common_snp|KCNQ2|20:63423684:C:T|REF	KCNQ2	common_snp	REF	exon_nonCDS
common_snp|KCNQ2|20:63423684:C:T|ALT	KCNQ2	common_snp	ALT	exon_nonCDS
common_snp|KCNQ2|20:63423701:G:A|REF	KCNQ2	common_snp	REF	exon_nonCDS
common_snp|KCNQ2|20:63423701:G:A|ALT	KCNQ2	common_snp	ALT	exon_nonCDS
common_snp|KCNQ2|20:63423807:C:G|REF	KCNQ2	common_snp	REF	intron
common_snp|KCNQ2|20:63423807:C:G|ALT	KCNQ2	common_snp	ALT	intron
common_snp|KCNQ2|20:63423847:C:A|REF	KCNQ2	common_snp	REF	intron
common_snp|KCNQ2|20:63423847:C:A|ALT	KCNQ2	common_snp	ALT	intron
common_snp|KCNQ2|20:63424064:G:A|REF	KCNQ2	common_snp	REF	intron
common_snp|KCNQ2|20:63424064:G:A|ALT	KCNQ2	common_snp	ALT	intron
common_snp|KCNQ2|20:63424386:C:T|REF	KCNQ2	common_snp	REF	intron
common_snp|KCNQ2|20:63424386:C:T|ALT	KCNQ2	common_snp	ALT	intron
common_snp|KCNQ2|20:63424660:G:A|REF	KCNQ2	common_snp	REF	intron
common_snp|KCNQ2|20:63424660:G:A|ALT	KCNQ2	common_snp	ALT	intron
common_snp|KCNQ2|20:63424770:C:T|REF	KCNQ2	common_snp	REF	intron
common_snp|KCNQ2|20:63424770:C:T|ALT	KCNQ2	common_snp	ALT	intron
common_snp|KCNQ2|20:63424980:C:G|REF	KCNQ2	common_snp	REF	intron
common_snp|KCNQ2|20:63424980:C:G|ALT	KCNQ2	common_snp	ALT	intron
common_snp|KCNQ2|20:63425576:C:T|REF	KCNQ2	common_snp	REF	intron
common_snp|KCNQ2|20:63425576:C:T|ALT	KCNQ2	common_snp	ALT	intron
common_snp|KCNQ2|20:63427019:C:G|REF	KCNQ2	common_snp	REF	intron
common_snp|KCNQ2|20:63427019:C:G|ALT	KCNQ2	common_snp	ALT	intron
common_snp|KCNQ2|20:63427327:A:G|REF	KCNQ2	common_snp	REF	intron
common_snp|KCNQ2|20:63427327:A:G|ALT	KCNQ2	common_snp	ALT	intron
common_snp|KCNQ2|20:63427378:A:G|REF	KCNQ2	common_snp	REF	intron
common_snp|KCNQ2|20:63427378:A:G|ALT	KCNQ2	common_snp	ALT	intron
common_snp|KCNQ2|20:63427399:C:G|REF	KCNQ2	common_snp	REF	intron
common_snp|KCNQ2|20:63427399:C:G|ALT	KCNQ2	common_snp	ALT	intron
common_snp|KCNQ2|20:63427634:A:G|REF	KCNQ2	common_snp	REF	intron
common_snp|KCNQ2|20:63427634:A:G|ALT	KCNQ2	common_snp	ALT	intron
common_snp|KCNQ2|20:63427896:G:A|REF	KCNQ2	common_snp	REF	intron
common_snp|KCNQ2|20:63427896:G:A|ALT	KCNQ2	common_snp	ALT	intron
common_snp|KCNQ2|20:63428069:G:A|REF	KCNQ2	common_snp	REF	intron
common_snp|KCNQ2|20:63428069:G:A|ALT	KCNQ2	common_snp	ALT	intron
common_snp|KCNQ2|20:63428152:G:A|REF	KCNQ2	common_snp	REF	intron
common_snp|KCNQ2|20:63428152:G:A|ALT	KCNQ2	common_snp	ALT	intron
common_snp|KCNQ2|20:63429411:C:T|REF	KCNQ2	common_snp	REF	intron
common_snp|KCNQ2|20:63429411:C:T|ALT	KCNQ2	common_snp	ALT	intron
common_snp|KCNQ2|20:63430236:G:A|REF	KCNQ2	common_snp	REF	intron
common_snp|KCNQ2|20:63430236:G:A|ALT	KCNQ2	common_snp	ALT	intron
common_snp|KCNQ2|20:63430292:T:A|REF	KCNQ2	common_snp	REF	intron
common_snp|KCNQ2|20:63430292:T:A|ALT	KCNQ2	common_snp	ALT	intron
common_snp|KCNQ2|20:63431530:G:A|REF	KCNQ2	common_snp	REF	intron
common_snp|KCNQ2|20:63431530:G:A|ALT	KCNQ2	common_snp	ALT	intron
common_snp|KCNQ2|20:63431980:G:A|REF	KCNQ2	common_snp	REF	intron
common_snp|KCNQ2|20:63431980:G:A|ALT	KCNQ2	common_snp	ALT	intron
common_snp|KCNQ2|20:63432239:A:C|REF	KCNQ2	common_snp	REF	intron
common_snp|KCNQ2|20:63432239:A:C|ALT	KCNQ2	common_snp	ALT	intron
common_snp|KCNQ2|20:63432277:T:G|REF	KCNQ2	common_snp	REF	intron
common_snp|KCNQ2|20:63432277:T:G|ALT	KCNQ2	common_snp	ALT	intron
common_snp|KCNQ2|20:63433209:A:G|REF	KCNQ2	common_snp	REF	intron
common_snp|KCNQ2|20:63433209:A:G|ALT	KCNQ2	common_snp	ALT	intron
common_snp|KCNQ2|20:63434067:C:T|REF	KCNQ2	common_snp	REF	exon_nonCDS
common_snp|KCNQ2|20:63434067:C:T|ALT	KCNQ2	common_snp	ALT	exon_nonCDS
common_snp|KCNQ2|20:63434107:G:A|REF	KCNQ2	common_snp	REF	intron
common_snp|KCNQ2|20:63434107:G:A|ALT	KCNQ2	common_snp	ALT	intron
common_snp|KCNQ2|20:63434704:G:A|REF	KCNQ2	common_snp	REF	intron
common_snp|KCNQ2|20:63434704:G:A|ALT	KCNQ2	common_snp	ALT	intron
common_snp|KCNQ2|20:63435060:G:C|REF	KCNQ2	common_snp	REF	exon_nonCDS
common_snp|KCNQ2|20:63435060:G:C|ALT	KCNQ2	common_snp	ALT	exon_nonCDS
common_snp|KCNQ2|20:63435070:A:C|REF	KCNQ2	common_snp	REF	exon_nonCDS
common_snp|KCNQ2|20:63435070:A:C|ALT	KCNQ2	common_snp	ALT	exon_nonCDS
common_snp|KCNQ2|20:63435168:C:G|REF	KCNQ2	common_snp	REF	exon_nonCDS
common_snp|KCNQ2|20:63435168:C:G|ALT	KCNQ2	common_snp	ALT	exon_nonCDS
common_snp|KCNQ2|20:63435393:C:A|REF	KCNQ2	common_snp	REF	exon_nonCDS
common_snp|KCNQ2|20:63435393:C:A|ALT	KCNQ2	common_snp	ALT	exon_nonCDS
common_snp|KCNQ2|20:63435396:C:A|REF	KCNQ2	common_snp	REF	exon_nonCDS
common_snp|KCNQ2|20:63435396:C:A|ALT	KCNQ2	common_snp	ALT	exon_nonCDS
common_snp|KCNQ2|20:63435440:G:T|REF	KCNQ2	common_snp	REF	intron
common_snp|KCNQ2|20:63435440:G:T|ALT	KCNQ2	common_snp	ALT	intron
common_snp|KCNQ2|20:63435601:G:A|REF	KCNQ2	common_snp	REF	intron
common_snp|KCNQ2|20:63435601:G:A|ALT	KCNQ2	common_snp	ALT	intron
common_snp|KCNQ2|20:63436256:G:A|REF	KCNQ2	common_snp	REF	intron
common_snp|KCNQ2|20:63436256:G:A|ALT	KCNQ2	common_snp	ALT	intron
common_snp|KCNQ2|20:63436303:G:A|REF	KCNQ2	common_snp	REF	intron
common_snp|KCNQ2|20:63436303:G:A|ALT	KCNQ2	common_snp	ALT	intron
common_snp|KCNQ2|20:63436421:C:T|REF	KCNQ2	common_snp	REF	intron
common_snp|KCNQ2|20:63436421:C:T|ALT	KCNQ2	common_snp	ALT	intron
common_snp|KCNQ2|20:63437551:C:T|REF	KCNQ2	common_snp	REF	intron
common_snp|KCNQ2|20:63437551:C:T|ALT	KCNQ2	common_snp	ALT	intron
common_snp|KCNQ2|20:63437913:G:A|REF	KCNQ2	common_snp	REF	intron
common_snp|KCNQ2|20:63437913:G:A|ALT	KCNQ2	common_snp	ALT	intron
common_snp|KCNQ2|20:63438258:C:T|REF	KCNQ2	common_snp	REF	exon_nonCDS
common_snp|KCNQ2|20:63438258:C:T|ALT	KCNQ2	common_snp	ALT	exon_nonCDS
common_snp|KCNQ2|20:63438948:C:T|REF	KCNQ2	common_snp	REF	intron
common_snp|KCNQ2|20:63438948:C:T|ALT	KCNQ2	common_snp	ALT	intron
common_snp|KCNQ2|20:63439051:C:T|REF	KCNQ2	common_snp	REF	intron
common_snp|KCNQ2|20:63439051:C:T|ALT	KCNQ2	common_snp	ALT	intron
common_snp|KCNQ2|20:63439084:A:G|REF	KCNQ2	common_snp	REF	intron
common_snp|KCNQ2|20:63439084:A:G|ALT	KCNQ2	common_snp	ALT	intron
common_snp|KCNQ2|20:63439138:G:C|REF	KCNQ2	common_snp	REF	intron
common_snp|KCNQ2|20:63439138:G:C|ALT	KCNQ2	common_snp	ALT	intron
common_snp|KCNQ2|20:63439613:G:A|REF	KCNQ2	common_snp	REF	CDS
common_snp|KCNQ2|20:63439613:G:A|ALT	KCNQ2	common_snp	ALT	CDS
common_snp|KCNQ2|20:63440305:G:A|REF	KCNQ2	common_snp	REF	intron
common_snp|KCNQ2|20:63440305:G:A|ALT	KCNQ2	common_snp	ALT	intron
common_snp|KCNQ2|20:63440590:A:G|REF	KCNQ2	common_snp	REF	intron
common_snp|KCNQ2|20:63440590:A:G|ALT	KCNQ2	common_snp	ALT	intron
common_snp|KCNQ2|20:63440803:G:A|REF	KCNQ2	common_snp	REF	intron
common_snp|KCNQ2|20:63440803:G:A|ALT	KCNQ2	common_snp	ALT	intron
common_snp|KCNQ2|20:63441110:G:A|REF	KCNQ2	common_snp	REF	intron
common_snp|KCNQ2|20:63441110:G:A|ALT	KCNQ2	common_snp	ALT	intron
common_snp|KCNQ2|20:63441702:G:A|REF	KCNQ2	common_snp	REF	intron
common_snp|KCNQ2|20:63441702:G:A|ALT	KCNQ2	common_snp	ALT	intron
common_snp|KCNQ2|20:63441709:G:A|REF	KCNQ2	common_snp	REF	intron
common_snp|KCNQ2|20:63441709:G:A|ALT	KCNQ2	common_snp	ALT	intron
common_snp|KCNQ2|20:63441881:G:A|REF	KCNQ2	common_snp	REF	intron
common_snp|KCNQ2|20:63441881:G:A|ALT	KCNQ2	common_snp	ALT	intron
common_snp|KCNQ2|20:63442072:C:T|REF	KCNQ2	common_snp	REF	intron
common_snp|KCNQ2|20:63442072:C:T|ALT	KCNQ2	common_snp	ALT	intron
common_snp|KCNQ2|20:63443545:G:C|REF	KCNQ2	common_snp	REF	intron
common_snp|KCNQ2|20:63443545:G:C|ALT	KCNQ2	common_snp	ALT	intron
common_snp|KCNQ2|20:63443554:G:C|REF	KCNQ2	common_snp	REF	intron
common_snp|KCNQ2|20:63443554:G:C|ALT	KCNQ2	common_snp	ALT	intron
common_snp|KCNQ2|20:63443745:T:C|REF	KCNQ2	common_snp	REF	intron
common_snp|KCNQ2|20:63443745:T:C|ALT	KCNQ2	common_snp	ALT	intron
common_snp|KCNQ2|20:63443850:C:T|REF	KCNQ2	common_snp	REF	intron
common_snp|KCNQ2|20:63443850:C:T|ALT	KCNQ2	common_snp	ALT	intron
common_snp|KCNQ2|20:63443914:A:G|REF	KCNQ2	common_snp	REF	intron
common_snp|KCNQ2|20:63443914:A:G|ALT	KCNQ2	common_snp	ALT	intron
common_snp|KCNQ2|20:63443958:G:A|REF	KCNQ2	common_snp	REF	intron
common_snp|KCNQ2|20:63443958:G:A|ALT	KCNQ2	common_snp	ALT	intron
common_snp|KCNQ2|20:63443967:T:C|REF	KCNQ2	common_snp	REF	intron
common_snp|KCNQ2|20:63443967:T:C|ALT	KCNQ2	common_snp	ALT	intron
common_snp|KCNQ2|20:63443983:A:G|REF	KCNQ2	common_snp	REF	intron
common_snp|KCNQ2|20:63443983:A:G|ALT	KCNQ2	common_snp	ALT	intron
common_snp|KCNQ2|20:63444910:G:A|REF	KCNQ2	common_snp	REF	intron
common_snp|KCNQ2|20:63444910:G:A|ALT	KCNQ2	common_snp	ALT	intron
common_snp|KCNQ2|20:63444985:G:A|REF	KCNQ2	common_snp	REF	intron
common_snp|KCNQ2|20:63444985:G:A|ALT	KCNQ2	common_snp	ALT	intron
common_snp|KCNQ2|20:63444998:G:A|REF	KCNQ2	common_snp	REF	intron
common_snp|KCNQ2|20:63444998:G:A|ALT	KCNQ2	common_snp	ALT	intron
common_snp|KCNQ2|20:63445390:C:A|REF	KCNQ2	common_snp	REF	intron
common_snp|KCNQ2|20:63445390:C:A|ALT	KCNQ2	common_snp	ALT	intron
common_snp|KCNQ2|20:63446177:C:A|REF	KCNQ2	common_snp	REF	intron
common_snp|KCNQ2|20:63446177:C:A|ALT	KCNQ2	common_snp	ALT	intron
common_snp|KCNQ2|20:63447007:G:A|REF	KCNQ2	common_snp	REF	intron
common_snp|KCNQ2|20:63447007:G:A|ALT	KCNQ2	common_snp	ALT	intron
common_snp|KCNQ2|20:63447134:T:C|REF	KCNQ2	common_snp	REF	intron
common_snp|KCNQ2|20:63447134:T:C|ALT	KCNQ2	common_snp	ALT	intron
common_snp|KCNQ2|20:63448237:G:C|REF	KCNQ2	common_snp	REF	exon_nonCDS
common_snp|KCNQ2|20:63448237:G:C|ALT	KCNQ2	common_snp	ALT	exon_nonCDS
common_snp|KCNQ2|20:63448386:G:A|REF	KCNQ2	common_snp	REF	exon_nonCDS
common_snp|KCNQ2|20:63448386:G:A|ALT	KCNQ2	common_snp	ALT	exon_nonCDS
common_snp|KCNQ2|20:63448506:G:A|REF	KCNQ2	common_snp	REF	exon_nonCDS
common_snp|KCNQ2|20:63448506:G:A|ALT	KCNQ2	common_snp	ALT	exon_nonCDS
common_snp|KCNQ2|20:63449293:A:G|REF	KCNQ2	common_snp	REF	exon_nonCDS
common_snp|KCNQ2|20:63449293:A:G|ALT	KCNQ2	common_snp	ALT	exon_nonCDS
common_snp|KCNQ2|20:63450096:C:T|REF	KCNQ2	common_snp	REF	intron
common_snp|KCNQ2|20:63450096:C:T|ALT	KCNQ2	common_snp	ALT	intron
common_snp|KCNQ2|20:63450300:G:A|REF	KCNQ2	common_snp	REF	intron
common_snp|KCNQ2|20:63450300:G:A|ALT	KCNQ2	common_snp	ALT	intron
common_snp|KCNQ2|20:63451154:G:C|REF	KCNQ2	common_snp	REF	intron
common_snp|KCNQ2|20:63451154:G:C|ALT	KCNQ2	common_snp	ALT	intron
common_snp|KCNQ2|20:63453163:G:A|REF	KCNQ2	common_snp	REF	intron
common_snp|KCNQ2|20:63453163:G:A|ALT	KCNQ2	common_snp	ALT	intron
common_snp|KCNQ2|20:63453367:T:C|REF	KCNQ2	common_snp	REF	intron
common_snp|KCNQ2|20:63453367:T:C|ALT	KCNQ2	common_snp	ALT	intron
common_snp|KCNQ2|20:63453456:C:T|REF	KCNQ2	common_snp	REF	intron
common_snp|KCNQ2|20:63453456:C:T|ALT	KCNQ2	common_snp	ALT	intron
common_snp|KCNQ2|20:63453620:G:A|REF	KCNQ2	common_snp	REF	intron
common_snp|KCNQ2|20:63453620:G:A|ALT	KCNQ2	common_snp	ALT	intron
common_snp|KCNQ2|20:63453708:G:A|REF	KCNQ2	common_snp	REF	intron
common_snp|KCNQ2|20:63453708:G:A|ALT	KCNQ2	common_snp	ALT	intron
common_snp|KCNQ2|20:63453764:G:A|REF	KCNQ2	common_snp	REF	intron
common_snp|KCNQ2|20:63453764:G:A|ALT	KCNQ2	common_snp	ALT	intron
common_snp|KCNQ2|20:63453834:A:G|REF	KCNQ2	common_snp	REF	intron
common_snp|KCNQ2|20:63453834:A:G|ALT	KCNQ2	common_snp	ALT	intron
common_snp|KCNQ2|20:63453869:C:T|REF	KCNQ2	common_snp	REF	intron
common_snp|KCNQ2|20:63453869:C:T|ALT	KCNQ2	common_snp	ALT	intron
common_snp|KCNQ2|20:63454036:C:T|REF	KCNQ2	common_snp	REF	intron
common_snp|KCNQ2|20:63454036:C:T|ALT	KCNQ2	common_snp	ALT	intron
common_snp|KCNQ2|20:63454081:C:T|REF	KCNQ2	common_snp	REF	intron
common_snp|KCNQ2|20:63454081:C:T|ALT	KCNQ2	common_snp	ALT	intron
common_snp|KCNQ2|20:63454385:G:A|REF	KCNQ2	common_snp	REF	intron
common_snp|KCNQ2|20:63454385:G:A|ALT	KCNQ2	common_snp	ALT	intron
common_snp|KCNQ2|20:63454625:T:C|REF	KCNQ2	common_snp	REF	intron
common_snp|KCNQ2|20:63454625:T:C|ALT	KCNQ2	common_snp	ALT	intron
common_snp|KCNQ2|20:63455113:C:T|REF	KCNQ2	common_snp	REF	intron
common_snp|KCNQ2|20:63455113:C:T|ALT	KCNQ2	common_snp	ALT	intron
common_snp|KCNQ2|20:63456140:A:G|REF	KCNQ2	common_snp	REF	intron
common_snp|KCNQ2|20:63456140:A:G|ALT	KCNQ2	common_snp	ALT	intron
common_snp|KCNQ2|20:63456330:A:G|REF	KCNQ2	common_snp	REF	intron
common_snp|KCNQ2|20:63456330:A:G|ALT	KCNQ2	common_snp	ALT	intron
common_snp|KCNQ2|20:63456522:A:G|REF	KCNQ2	common_snp	REF	intron
common_snp|KCNQ2|20:63456522:A:G|ALT	KCNQ2	common_snp	ALT	intron
common_snp|KCNQ2|20:63456556:A:T|REF	KCNQ2	common_snp	REF	intron
common_snp|KCNQ2|20:63456556:A:T|ALT	KCNQ2	common_snp	ALT	intron
common_snp|KCNQ2|20:63458343:C:T|REF	KCNQ2	common_snp	REF	intron
common_snp|KCNQ2|20:63458343:C:T|ALT	KCNQ2	common_snp	ALT	intron
common_snp|KCNQ2|20:63458404:G:A|REF	KCNQ2	common_snp	REF	intron
common_snp|KCNQ2|20:63458404:G:A|ALT	KCNQ2	common_snp	ALT	intron
common_snp|KCNQ2|20:63458800:T:C|REF	KCNQ2	common_snp	REF	intron
common_snp|KCNQ2|20:63458800:T:C|ALT	KCNQ2	common_snp	ALT	intron
common_snp|KCNQ2|20:63459528:A:T|REF	KCNQ2	common_snp	REF	intron
common_snp|KCNQ2|20:63459528:A:T|ALT	KCNQ2	common_snp	ALT	intron
common_snp|KCNQ2|20:63459705:C:G|REF	KCNQ2	common_snp	REF	intron
common_snp|KCNQ2|20:63459705:C:G|ALT	KCNQ2	common_snp	ALT	intron
common_snp|KCNQ2|20:63460141:T:A|REF	KCNQ2	common_snp	REF	intron
common_snp|KCNQ2|20:63460141:T:A|ALT	KCNQ2	common_snp	ALT	intron
common_snp|KCNQ2|20:63460454:C:A|REF	KCNQ2	common_snp	REF	intron
common_snp|KCNQ2|20:63460454:C:A|ALT	KCNQ2	common_snp	ALT	intron
common_snp|KCNQ2|20:63460989:G:A|REF	KCNQ2	common_snp	REF	intron
common_snp|KCNQ2|20:63460989:G:A|ALT	KCNQ2	common_snp	ALT	intron
common_snp|KCNQ2|20:63461042:A:C|REF	KCNQ2	common_snp	REF	intron
common_snp|KCNQ2|20:63461042:A:C|ALT	KCNQ2	common_snp	ALT	intron
common_snp|KCNQ2|20:63463677:C:G|REF	KCNQ2	common_snp	REF	intron
common_snp|KCNQ2|20:63463677:C:G|ALT	KCNQ2	common_snp	ALT	intron
common_snp|KCNQ2|20:63464205:C:A|REF	KCNQ2	common_snp	REF	intron
common_snp|KCNQ2|20:63464205:C:A|ALT	KCNQ2	common_snp	ALT	intron
common_snp|KCNQ2|20:63464400:G:A|REF	KCNQ2	common_snp	REF	intron
common_snp|KCNQ2|20:63464400:G:A|ALT	KCNQ2	common_snp	ALT	intron
common_snp|KCNQ2|20:63464452:C:T|REF	KCNQ2	common_snp	REF	intron
common_snp|KCNQ2|20:63464452:C:T|ALT	KCNQ2	common_snp	ALT	intron
common_snp|KCNQ2|20:63464906:G:A|REF	KCNQ2	common_snp	REF	intron
common_snp|KCNQ2|20:63464906:G:A|ALT	KCNQ2	common_snp	ALT	intron
common_snp|KCNQ2|20:63465298:C:G|REF	KCNQ2	common_snp	REF	intron
common_snp|KCNQ2|20:63465298:C:G|ALT	KCNQ2	common_snp	ALT	intron
common_snp|KCNQ2|20:63465388:C:T|REF	KCNQ2	common_snp	REF	intron
common_snp|KCNQ2|20:63465388:C:T|ALT	KCNQ2	common_snp	ALT	intron
common_snp|KCNQ2|20:63465627:G:A|REF	KCNQ2	common_snp	REF	intron
common_snp|KCNQ2|20:63465627:G:A|ALT	KCNQ2	common_snp	ALT	intron
common_snp|KCNQ2|20:63466117:C:T|REF	KCNQ2	common_snp	REF	intron
common_snp|KCNQ2|20:63466117:C:T|ALT	KCNQ2	common_snp	ALT	intron
common_snp|KCNQ2|20:63466638:G:A|REF	KCNQ2	common_snp	REF	intron
common_snp|KCNQ2|20:63466638:G:A|ALT	KCNQ2	common_snp	ALT	intron
common_snp|KCNQ2|20:63466649:C:T|REF	KCNQ2	common_snp	REF	intron
common_snp|KCNQ2|20:63466649:C:T|ALT	KCNQ2	common_snp	ALT	intron
common_snp|KCNQ2|20:63467130:C:G|REF	KCNQ2	common_snp	REF	intron
common_snp|KCNQ2|20:63467130:C:G|ALT	KCNQ2	common_snp	ALT	intron
common_snp|KCNQ2|20:63467153:C:A|REF	KCNQ2	common_snp	REF	intron
common_snp|KCNQ2|20:63467153:C:A|ALT	KCNQ2	common_snp	ALT	intron
common_snp|KCNQ2|20:63467570:G:A|REF	KCNQ2	common_snp	REF	intron
common_snp|KCNQ2|20:63467570:G:A|ALT	KCNQ2	common_snp	ALT	intron
common_snp|KCNQ2|20:63467867:G:A|REF	KCNQ2	common_snp	REF	intron
common_snp|KCNQ2|20:63467867:G:A|ALT	KCNQ2	common_snp	ALT	intron
common_snp|KCNQ2|20:63467943:C:T|REF	KCNQ2	common_snp	REF	intron
common_snp|KCNQ2|20:63467943:C:T|ALT	KCNQ2	common_snp	ALT	intron
common_snp|KCNQ2|20:63468033:T:C|REF	KCNQ2	common_snp	REF	intron
common_snp|KCNQ2|20:63468033:T:C|ALT	KCNQ2	common_snp	ALT	intron
common_snp|KCNQ2|20:63468154:C:A|REF	KCNQ2	common_snp	REF	intron
common_snp|KCNQ2|20:63468154:C:A|ALT	KCNQ2	common_snp	ALT	intron
common_snp|KCNQ2|20:63468155:C:G|REF	KCNQ2	common_snp	REF	intron
common_snp|KCNQ2|20:63468155:C:G|ALT	KCNQ2	common_snp	ALT	intron
common_snp|KCNQ2|20:63468294:G:A|REF	KCNQ2	common_snp	REF	intron
common_snp|KCNQ2|20:63468294:G:A|ALT	KCNQ2	common_snp	ALT	intron
common_snp|KCNQ2|20:63468674:A:G|REF	KCNQ2	common_snp	REF	intron
common_snp|KCNQ2|20:63468674:A:G|ALT	KCNQ2	common_snp	ALT	intron
common_snp|KCNQ2|20:63468713:G:A|REF	KCNQ2	common_snp	REF	intron
common_snp|KCNQ2|20:63468713:G:A|ALT	KCNQ2	common_snp	ALT	intron
common_snp|KCNQ2|20:63468864:G:A|REF	KCNQ2	common_snp	REF	intron
common_snp|KCNQ2|20:63468864:G:A|ALT	KCNQ2	common_snp	ALT	intron
common_snp|KCNQ2|20:63468913:T:G|REF	KCNQ2	common_snp	REF	intron
common_snp|KCNQ2|20:63468913:T:G|ALT	KCNQ2	common_snp	ALT	intron
common_snp|KCNQ2|20:63469275:G:A|REF	KCNQ2	common_snp	REF	intron
common_snp|KCNQ2|20:63469275:G:A|ALT	KCNQ2	common_snp	ALT	intron
common_snp|KCNQ2|20:63469603:C:T|REF	KCNQ2	common_snp	REF	intron
common_snp|KCNQ2|20:63469603:C:T|ALT	KCNQ2	common_snp	ALT	intron
common_snp|KCNQ2|20:63469739:G:A|REF	KCNQ2	common_snp	REF	intron
common_snp|KCNQ2|20:63469739:G:A|ALT	KCNQ2	common_snp	ALT	intron
common_snp|KCNQ2|20:63469820:T:C|REF	KCNQ2	common_snp	REF	intron
common_snp|KCNQ2|20:63469820:T:C|ALT	KCNQ2	common_snp	ALT	intron
common_snp|KCNQ2|20:63469953:A:G|REF	KCNQ2	common_snp	REF	intron
common_snp|KCNQ2|20:63469953:A:G|ALT	KCNQ2	common_snp	ALT	intron
common_snp|KCNQ2|20:63470194:A:C|REF	KCNQ2	common_snp	REF	intron
common_snp|KCNQ2|20:63470194:A:C|ALT	KCNQ2	common_snp	ALT	intron
common_snp|KCNQ2|20:63470260:C:T|REF	KCNQ2	common_snp	REF	intron
common_snp|KCNQ2|20:63470260:C:T|ALT	KCNQ2	common_snp	ALT	intron
common_snp|KCNQ2|20:63470262:T:C|REF	KCNQ2	common_snp	REF	intron
common_snp|KCNQ2|20:63470262:T:C|ALT	KCNQ2	common_snp	ALT	intron
common_snp|KCNQ2|20:63470277:A:T|REF	KCNQ2	common_snp	REF	intron
common_snp|KCNQ2|20:63470277:A:T|ALT	KCNQ2	common_snp	ALT	intron
common_snp|KCNQ2|20:63470615:C:A|REF	KCNQ2	common_snp	REF	intron
common_snp|KCNQ2|20:63470615:C:A|ALT	KCNQ2	common_snp	ALT	intron
common_snp|KCNQ2|20:63470988:C:T|REF	KCNQ2	common_snp	REF	intron
common_snp|KCNQ2|20:63470988:C:T|ALT	KCNQ2	common_snp	ALT	intron
common_snp|KCNQ2|20:63471022:T:C|REF	KCNQ2	common_snp	REF	intron
common_snp|KCNQ2|20:63471022:T:C|ALT	KCNQ2	common_snp	ALT	intron
common_snp|KCNQ2|20:63471050:A:G|REF	KCNQ2	common_snp	REF	intron
common_snp|KCNQ2|20:63471050:A:G|ALT	KCNQ2	common_snp	ALT	intron
common_snp|KCNQ2|20:63471382:T:G|REF	KCNQ2	common_snp	REF	intron
common_snp|KCNQ2|20:63471382:T:G|ALT	KCNQ2	common_snp	ALT	intron
common_snp|KCNQ2|20:63472551:C:A|REF	KCNQ2	common_snp	REF	exon_nonCDS
common_snp|KCNQ2|20:63472551:C:A|ALT	KCNQ2	common_snp	ALT	exon_nonCDS
